"Source Name",URL,"Date Accessed","Referrer URL",Title,"Program Name",Domain,Username,"Data Source"
History,"https://search.brave.com/search?q=osint+framework&source=desktop","2024-04-22 11:39:25 CST","https://search.brave.com/search?q=osint+framework&source=desktop","osint framework - Brave Search",Brave,brave.com,Default,"001-003-LAptop-Pavana T3.E01"
History,"https://search.brave.com/search?q=osint+framework&source=desktop","2024-04-22 11:39:25 CST","https://search.brave.com/search?q=osint+framework&source=desktop","osint framework - Brave Search",Brave,brave.com,Default,"001-003-LAptop-Pavana T3.E01"
History,https://minijuegos.com/,"2024-04-22 11:41:44 CST",https://minijuegos.com/,"Juegos - Juegos Gratis Online en Minijuegos",Brave,minijuegos.com,Default,"001-003-LAptop-Pavana T3.E01"
History,"https://www.minijuegos.com/","2024-04-22 11:41:44 CST","https://www.minijuegos.com/","Juegos - Juegos Gratis Online en Minijuegos",Brave,minijuegos.com,Default,"001-003-LAptop-Pavana T3.E01"
History,"https://www.minijuegos.com/juegos-diarios","2024-04-22 11:41:47 CST","https://www.minijuegos.com/juegos-diarios","Juegos Diarios Nuevos en Minijuegos - Juega en Minijuegos",Brave,minijuegos.com,Default,"001-003-LAptop-Pavana T3.E01"
History,"https://www.minijuegos.com/juegos-de-2-jugadores","2024-04-22 11:41:50 CST","https://www.minijuegos.com/juegos-de-2-jugadores","JUEGOS DE 2 JUGADORES GRATIS - Minijuegos",Brave,minijuegos.com,Default,"001-003-LAptop-Pavana T3.E01"
History,"https://www.minijuegos.com/juegos-de-carreras","2024-04-22 11:41:51 CST","https://www.minijuegos.com/juegos-de-carreras","JUEGOS DE CARRERAS GRATIS - Minijuegos",Brave,minijuegos.com,Default,"001-003-LAptop-Pavana T3.E01"
History,"https://www.minijuegos.com/juegos-de-mario-bros","2024-04-22 11:41:53 CST","https://www.minijuegos.com/juegos-de-mario-bros","JUEGOS DE MARIO BROS GRATIS - Minijuegos",Brave,minijuegos.com,Default,"001-003-LAptop-Pavana T3.E01"
History,"https://www.minijuegos.com/juegos-infantiles","2024-04-22 11:41:54 CST","https://www.minijuegos.com/juegos-infantiles","Juegos gratis para niños - Juegos infantiles online en Minijuegos",Brave,minijuegos.com,Default,"001-003-LAptop-Pavana T3.E01"
History,"https://www.minijuegos.com/juegos-de-pokemon","2024-04-22 11:41:56 CST","https://www.minijuegos.com/juegos-de-pokemon","JUEGOS DE POKEMON GRATIS - Minijuegos",Brave,minijuegos.com,Default,"001-003-LAptop-Pavana T3.E01"
History,https://x.com/,"2024-04-22 11:42:03 CST",https://x.com/,"X. Es lo que está pasando / X",Brave,x.com,Default,"001-003-LAptop-Pavana T3.E01"
History,https://twitter.com/,"2024-04-22 11:42:05 CST",https://twitter.com/,"X. Es lo que está pasando / X",Brave,twitter.com,Default,"001-003-LAptop-Pavana T3.E01"
History,https://twitter.com/,"2024-04-22 11:42:05 CST",https://twitter.com/,"X. Es lo que está pasando / X",Brave,twitter.com,Default,"001-003-LAptop-Pavana T3.E01"
History,https://twitter.com/,"2024-04-22 11:42:05 CST",https://twitter.com/,"X. Es lo que está pasando / X",Brave,twitter.com,Default,"001-003-LAptop-Pavana T3.E01"
History,"https://twitter.com/i/flow/signup","2024-04-22 11:42:13 CST","https://twitter.com/i/flow/signup","Regístrate en X / X",Brave,twitter.com,Default,"001-003-LAptop-Pavana T3.E01"
History,https://shodan.io/,"2024-04-22 11:49:09 CST",https://shodan.io/,"Shodan Search Engine",Brave,shodan.io,Default,"001-003-LAptop-Pavana T3.E01"
History,https://www.shodan.io/,"2024-04-22 11:49:09 CST",https://www.shodan.io/,"Shodan Search Engine",Brave,shodan.io,Default,"001-003-LAptop-Pavana T3.E01"
History,"https://www.shodan.io/host/192.100.201.235","2024-04-22 11:49:25 CST","https://www.shodan.io/host/192.100.201.235",192.100.201.235,Brave,shodan.io,Default,"001-003-LAptop-Pavana T3.E01"
History,"https://search.brave.com/search?q=censys&source=desktop","2024-04-22 11:51:46 CST","https://search.brave.com/search?q=censys&source=desktop","censys - Brave Search",Brave,brave.com,Default,"001-003-LAptop-Pavana T3.E01"
History,"https://search.brave.com/search?q=censys&source=desktop","2024-04-22 11:51:46 CST","https://search.brave.com/search?q=censys&source=desktop","censys - Brave Search",Brave,brave.com,Default,"001-003-LAptop-Pavana T3.E01"
History,"https://search.censys.io/","2024-04-22 11:51:58 CST","https://search.censys.io/","Censys Search",Brave,censys.io,Default,"001-003-LAptop-Pavana T3.E01"
History,"https://search.censys.io/?__cf_chl_rt_tk=X4v8MXMX2reqffVMGoTuklg.sM4ioLc40E0cBuHsnns-1713808308-0.0.1.1-1578","2024-04-22 11:51:48 CST","https://search.censys.io/?__cf_chl_rt_tk=X4v8MXMX2reqffVMGoTuklg.sM4ioLc40E0cBuHsnns-1713808308-0.0.1.1-1578","Just a moment...",Brave,censys.io,Default,"001-003-LAptop-Pavana T3.E01"
History,"https://search.censys.io/","2024-04-22 11:51:58 CST","https://search.censys.io/","Censys Search",Brave,censys.io,Default,"001-003-LAptop-Pavana T3.E01"
History,"https://search.censys.io/?__cf_chl_tk=X4v8MXMX2reqffVMGoTuklg.sM4ioLc40E0cBuHsnns-1713808308-0.0.1.1-1578","2024-04-22 11:51:58 CST","https://search.censys.io/?__cf_chl_tk=X4v8MXMX2reqffVMGoTuklg.sM4ioLc40E0cBuHsnns-1713808308-0.0.1.1-1578","Un momento…",Brave,censys.io,Default,"001-003-LAptop-Pavana T3.E01"
History,"https://search.censys.io/","2024-04-22 11:51:58 CST","https://search.censys.io/","Censys Search",Brave,censys.io,Default,"001-003-LAptop-Pavana T3.E01"
History,"https://search.brave.com/search?q=ubuntu+server&source=desktop","2024-04-22 11:52:28 CST","https://search.brave.com/search?q=ubuntu+server&source=desktop","ubuntu server - Brave Search",Brave,brave.com,Default,"001-003-LAptop-Pavana T3.E01"
History,"https://search.brave.com/search?q=ubuntu+server&source=desktop","2024-04-22 11:52:28 CST","https://search.brave.com/search?q=ubuntu+server&source=desktop","ubuntu server - Brave Search",Brave,brave.com,Default,"001-003-LAptop-Pavana T3.E01"
History,"https://search.censys.io/hosts/192.100.201.235","2024-04-22 12:02:09 CST","https://search.censys.io/hosts/192.100.201.235","192.100.201.235 - Host Summary - Censys",Brave,censys.io,Default,"001-003-LAptop-Pavana T3.E01"
History,"https://search.censys.io/hosts/192.100.201.235/data/table#3389-TCP-RDP","2024-04-22 12:02:31 CST","https://search.censys.io/hosts/192.100.201.235/data/table#3389-TCP-RDP","192.100.201.235 - Host Summary - Censys",Brave,censys.io,Default,"001-003-LAptop-Pavana T3.E01"
History,"https://search.brave.com/search?q=ecobici&source=desktop","2024-04-22 16:30:50 CST","https://search.brave.com/search?q=ecobici&source=desktop","ecobici - Brave Search",Brave,brave.com,Default,"001-003-LAptop-Pavana T3.E01"
History,"https://search.brave.com/search?q=ecobici&source=desktop","2024-04-22 16:30:50 CST","https://search.brave.com/search?q=ecobici&source=desktop","ecobici - Brave Search",Brave,brave.com,Default,"001-003-LAptop-Pavana T3.E01"
History,"https://ecobici.cdmx.gob.mx/","2024-04-22 16:30:54 CST","https://ecobici.cdmx.gob.mx/","Home - Ecobici",Brave,cdmx.gob.mx,Default,"001-003-LAptop-Pavana T3.E01"
History,"https://usuario.ecobici.cdmx.gob.mx/","2024-04-22 16:31:04 CST","https://usuario.ecobici.cdmx.gob.mx/","Bicicletas comunitarias en la Ciudad de México | ECOBICI",Brave,cdmx.gob.mx,Default,"001-003-LAptop-Pavana T3.E01"
History,"http://usuario.ecobici.cdmx.gob.mx/profile","2024-04-22 16:31:04 CST","http://usuario.ecobici.cdmx.gob.mx/profile","Bicicletas comunitarias en la Ciudad de México | ECOBICI",Brave,cdmx.gob.mx,Default,"001-003-LAptop-Pavana T3.E01"
History,"https://usuario.ecobici.cdmx.gob.mx/profile","2024-04-22 16:31:04 CST","https://usuario.ecobici.cdmx.gob.mx/profile","Bicicletas comunitarias en la Ciudad de México | ECOBICI",Brave,cdmx.gob.mx,Default,"001-003-LAptop-Pavana T3.E01"
History,"https://usuario.ecobici.cdmx.gob.mx/login?next=http%3A%2F%2Fusuario.ecobici.cdmx.gob.mx%2Fprofile","2024-04-22 16:31:04 CST","https://usuario.ecobici.cdmx.gob.mx/login?next=http%3A%2F%2Fusuario.ecobici.cdmx.gob.mx%2Fprofile","Bicicletas comunitarias en la Ciudad de México | ECOBICI",Brave,cdmx.gob.mx,Default,"001-003-LAptop-Pavana T3.E01"
History,"https://usuario.ecobici.cdmx.gob.mx/sign-in?next=http%3A%2F%2Fusuario.ecobici.cdmx.gob.mx%2Fprofile","2024-04-22 16:31:04 CST","https://usuario.ecobici.cdmx.gob.mx/sign-in?next=http%3A%2F%2Fusuario.ecobici.cdmx.gob.mx%2Fprofile","Bicicletas comunitarias en la Ciudad de México | ECOBICI",Brave,cdmx.gob.mx,Default,"001-003-LAptop-Pavana T3.E01"
History,"https://usuario.ecobici.cdmx.gob.mx/sign-in?next=http%3A%2F%2Fusuario.ecobici.cdmx.gob.mx%2Fprofile","2024-04-22 16:31:04 CST","https://usuario.ecobici.cdmx.gob.mx/sign-in?next=http%3A%2F%2Fusuario.ecobici.cdmx.gob.mx%2Fprofile","Bicicletas comunitarias en la Ciudad de México | ECOBICI",Brave,cdmx.gob.mx,Default,"001-003-LAptop-Pavana T3.E01"
History,"https://search.brave.com/search?q=armerias+en+estados+unidos&source=desktop","2024-04-22 20:58:55 CST","https://search.brave.com/search?q=armerias+en+estados+unidos&source=desktop","armerias en estados unidos - Brave Search",Brave,brave.com,Default,"001-003-LAptop-Pavana T3.E01"
History,"https://search.brave.com/search?q=armerias+en+estados+unidos&source=desktop","2024-04-22 20:58:55 CST","https://search.brave.com/search?q=armerias+en+estados+unidos&source=desktop","armerias en estados unidos - Brave Search",Brave,brave.com,Default,"001-003-LAptop-Pavana T3.E01"
History,"https://search.brave.com/search?q=armerias+en+estados+unidos&source=web","2024-04-22 20:59:31 CST","https://search.brave.com/search?q=armerias+en+estados+unidos&source=web","armerias en estados unidos - Brave Search",Brave,brave.com,Default,"001-003-LAptop-Pavana T3.E01"
History,"https://search.brave.com/search?q=armerias+en+estados+unidos&source=web","2024-04-22 20:59:31 CST","https://search.brave.com/search?q=armerias+en+estados+unidos&source=web","armerias en estados unidos - Brave Search",Brave,brave.com,Default,"001-003-LAptop-Pavana T3.E01"
History,https://www.ravell.es/,"2024-04-22 20:59:46 CST",https://www.ravell.es/,"Ravell, tu Armería online - Somos Nº1 EN PRECIOS - Compruébalo",Brave,ravell.es,Default,"001-003-LAptop-Pavana T3.E01"
History,"https://www.ravell.es/348-pistola-defensa","2024-04-22 21:00:24 CST","https://www.ravell.es/348-pistola-defensa","Comprar Pistolas de Defensa Personal | Armería Ravell",Brave,ravell.es,Default,"001-003-LAptop-Pavana T3.E01"
History,"https://www.ravell.es/pistola-defensa/1487-1351-pistola-sig-sauer-p320-compact.html#/50-calibre_arma_corta-9_mm_parabellum","2024-04-22 21:00:48 CST","https://www.ravell.es/pistola-defensa/1487-1351-pistola-sig-sauer-p320-compact.html#/50-calibre_arma_corta-9_mm_parabellum","Pistola Sig Sauer P320 Compact",Brave,ravell.es,Default,"001-003-LAptop-Pavana T3.E01"
History,"https://search.brave.com/search?q=gabardinas&source=desktop","2024-04-22 21:01:46 CST","https://search.brave.com/search?q=gabardinas&source=desktop","gabardinas - Brave Search",Brave,brave.com,Default,"001-003-LAptop-Pavana T3.E01"
History,"https://search.brave.com/search?q=gabardinas&source=desktop","2024-04-22 21:01:46 CST","https://search.brave.com/search?q=gabardinas&source=desktop","gabardinas - Brave Search",Brave,brave.com,Default,"001-003-LAptop-Pavana T3.E01"
History,"https://listado.mercadolibre.com.mx/gabardinas-dama","2024-04-22 21:01:45 CST","https://listado.mercadolibre.com.mx/gabardinas-dama","Gabardinas Dama | MercadoLibre.com.mx",Brave,mercadolibre.com.mx,Default,"001-003-LAptop-Pavana T3.E01"
History,"https://articulo.mercadolibre.com.mx/MLM-1556570265-abrigos-mujer-chamarras-elegante-abrigos-gabardinas-larga-_JM#position=4&search_layout=grid&type=item&tracking_id=9658173b-dc96-493d-968a-4c829a16ebcd","2024-04-22 21:01:33 CST","https://articulo.mercadolibre.com.mx/MLM-1556570265-abrigos-mujer-chamarras-elegante-abrigos-gabardinas-larga-_JM#position=4&search_layout=grid&type=item&tracking_id=9658173b-dc96-493d-968a-4c829a16ebcd","Abrigos Mujer Chamarras Elegante Abrigos Gabardinas Larga | Meses sin interés",Brave,mercadolibre.com.mx,Default,"001-003-LAptop-Pavana T3.E01"
History,"https://listado.mercadolibre.com.mx/gabardinas-dama","2024-04-22 21:01:45 CST","https://listado.mercadolibre.com.mx/gabardinas-dama","Gabardinas Dama | MercadoLibre.com.mx",Brave,mercadolibre.com.mx,Default,"001-003-LAptop-Pavana T3.E01"
History,"https://search.brave.com/search?q=gabardinas&source=desktop","2024-04-22 21:01:46 CST","https://search.brave.com/search?q=gabardinas&source=desktop","gabardinas - Brave Search",Brave,brave.com,Default,"001-003-LAptop-Pavana T3.E01"
History,"https://search.brave.com/search?q=gabardina+hombre&source=web","2024-04-22 21:06:00 CST","https://search.brave.com/search?q=gabardina+hombre&source=web","gabardina hombre - Brave Search",Brave,brave.com,Default,"001-003-LAptop-Pavana T3.E01"
History,"https://search.brave.com/search?q=gabardina+hombre&source=web","2024-04-22 21:06:00 CST","https://search.brave.com/search?q=gabardina+hombre&source=web","gabardina hombre - Brave Search",Brave,brave.com,Default,"001-003-LAptop-Pavana T3.E01"
History,"https://www.amazon.com.mx/Vanni-Gabardina-Abierta-Blazer-Deportiva/dp/B09HGDWW1T","2024-04-22 21:01:55 CST","https://www.amazon.com.mx/Vanni-Gabardina-Abierta-Blazer-Deportiva/dp/B09HGDWW1T","Vanni Gabardina Abierta Blazer Suéter Hoodie Tela Deportiva Cómoda : Amazon.com.mx: Ropa, Zapatos y Accesorios",Brave,amazon.com.mx,Default,"001-003-LAptop-Pavana T3.E01"
History,"https://www.amazon.com.mx/Vanni-Gabardina-Abierta-Blazer-Deportiva/dp/B09HGDWW1T?th=1","2024-04-22 21:01:59 CST","https://www.amazon.com.mx/Vanni-Gabardina-Abierta-Blazer-Deportiva/dp/B09HGDWW1T?th=1","Vanni Gabardina Abierta Blazer Suéter Hoodie Tela Deportiva Cómoda : Amazon.com.mx: Ropa, Zapatos y Accesorios",Brave,amazon.com.mx,Default,"001-003-LAptop-Pavana T3.E01"
History,"https://search.brave.com/search?q=gabardina+hombre&source=web","2024-04-22 21:06:00 CST","https://search.brave.com/search?q=gabardina+hombre&source=web","gabardina hombre - Brave Search",Brave,brave.com,Default,"001-003-LAptop-Pavana T3.E01"
History,"https://www.elpalaciodehierro.com/hombre/ropa/abrigos/","2024-04-22 21:02:12 CST","https://www.elpalaciodehierro.com/hombre/ropa/abrigos/","Abrigos para hombre | Gabardinas de marca - El Palacio de Hierro",Brave,elpalaciodehierro.com,Default,"001-003-LAptop-Pavana T3.E01"
History,"https://www.elpalaciodehierro.com/hombre/ropa/abrigos/","2024-04-22 21:02:12 CST","https://www.elpalaciodehierro.com/hombre/ropa/abrigos/","Abrigos para hombre | Gabardinas de marca - El Palacio de Hierro",Brave,elpalaciodehierro.com,Default,"001-003-LAptop-Pavana T3.E01"
History,"https://search.brave.com/search?q=gabardina+hombre&source=web","2024-04-22 21:06:00 CST","https://search.brave.com/search?q=gabardina+hombre&source=web","gabardina hombre - Brave Search",Brave,brave.com,Default,"001-003-LAptop-Pavana T3.E01"
History,"https://search.brave.com/search?q=gabardina+amplia&source=web","2024-04-22 21:05:59 CST","https://search.brave.com/search?q=gabardina+amplia&source=web","gabardina amplia - Brave Search",Brave,brave.com,Default,"001-003-LAptop-Pavana T3.E01"
History,"https://search.brave.com/search?q=gabardina+amplia&source=web","2024-04-22 21:05:59 CST","https://search.brave.com/search?q=gabardina+amplia&source=web","gabardina amplia - Brave Search",Brave,brave.com,Default,"001-003-LAptop-Pavana T3.E01"
History,"https://search.brave.com/images?q=gabardina%20amplia","2024-04-22 21:05:57 CST","https://search.brave.com/images?q=gabardina%20amplia","gabardina amplia - Brave Search",Brave,brave.com,Default,"001-003-LAptop-Pavana T3.E01"
History,"https://search.brave.com/images?q=gabardina%20amplia","2024-04-22 21:05:57 CST","https://search.brave.com/images?q=gabardina%20amplia","gabardina amplia - Brave Search",Brave,brave.com,Default,"001-003-LAptop-Pavana T3.E01"
History,https://google.com/,"2024-04-23 08:33:07 CST",https://google.com/,Google,Brave,google.com,Default,"001-003-LAptop-Pavana T3.E01"
History,https://www.google.com/,"2024-04-23 08:33:07 CST",https://www.google.com/,Google,Brave,google.com,Default,"001-003-LAptop-Pavana T3.E01"
History,https://www.google.com/,"2024-04-23 08:33:07 CST",https://www.google.com/,Google,Brave,google.com,Default,"001-003-LAptop-Pavana T3.E01"
History,"https://www.google.com/search?q=precio+del+dolar&sca_esv=62d66252683bd9aa&sca_upv=1&source=hp&ei=BSUnZpgCpqCQ8g_C5pDwAg&iflsig=ANes7DEAAAAAZiczFWkWBUFmEu6a5mikNGO6qbejtyAJ&oq=precio+&gs_lp=Egdnd3Mtd2l6IgdwcmVjaW8gKgIIADIQEAAYgAQYsQMYgwEYRhiCAjILEAAYgAQYsQMYgwEyBBAAGAMyCBAAGIAEGLEDMgQQABgDMg4QABiABBixAxiDARiKBTIIEAAYgAQYsQMyBBAAGAMyBRAAGIAEMgUQABiABEiAFFAAWJMFcAB4AJABAJgB4QGgAbsFqgEFNS4xLjG4AQHIAQD4AQGYAgegAvoFwgIREC4YgAQYsQMY0QMYgwEYxwHCAhQQLhiABBixAxiDARjHARiOBRivAcICCxAuGIAEGLEDGIMBmAMAkgcFNS4xLjGgB6Y4&sclient=gws-wiz","2024-04-22 21:03:37 CST","https://www.google.com/search?q=precio+del+dolar&sca_esv=62d66252683bd9aa&sca_upv=1&source=hp&ei=BSUnZpgCpqCQ8g_C5pDwAg&iflsig=ANes7DEAAAAAZiczFWkWBUFmEu6a5mikNGO6qbejtyAJ&oq=precio+&gs_lp=Egdnd3Mtd2l6IgdwcmVjaW8gKgIIADIQEAAYgAQYsQMYgwEYRhiCAjILEAAYgAQYsQMYgwEyBBAAGAMyCBAAGIAEGLEDMgQQABgDMg4QABiABBixAxiDARiKBTIIEAAYgAQYsQMyBBAAGAMyBRAAGIAEMgUQABiABEiAFFAAWJMFcAB4AJABAJgB4QGgAbsFqgEFNS4xLjG4AQHIAQD4AQGYAgegAvoFwgIREC4YgAQYsQMY0QMYgwEYxwHCAhQQLhiABBixAxiDARjHARiOBRivAcICCxAuGIAEGLEDGIMBmAMAkgcFNS4xLjGgB6Y4&sclient=gws-wiz","precio del dolar - Buscar con Google",Brave,google.com,Default,"001-003-LAptop-Pavana T3.E01"
History,"https://www.google.com/search?q=precio+del+dolar&sca_esv=62d66252683bd9aa&sca_upv=1&source=hp&ei=BSUnZpgCpqCQ8g_C5pDwAg&iflsig=ANes7DEAAAAAZiczFWkWBUFmEu6a5mikNGO6qbejtyAJ&oq=precio+&gs_lp=Egdnd3Mtd2l6IgdwcmVjaW8gKgIIADIQEAAYgAQYsQMYgwEYRhiCAjILEAAYgAQYsQMYgwEyBBAAGAMyCBAAGIAEGLEDMgQQABgDMg4QABiABBixAxiDARiKBTIIEAAYgAQYsQMyBBAAGAMyBRAAGIAEMgUQABiABEiAFFAAWJMFcAB4AJABAJgB4QGgAbsFqgEFNS4xLjG4AQHIAQD4AQGYAgegAvoFwgIREC4YgAQYsQMY0QMYgwEYxwHCAhQQLhiABBixAxiDARjHARiOBRivAcICCxAuGIAEGLEDGIMBmAMAkgcFNS4xLjGgB6Y4&sclient=gws-wiz","2024-04-22 21:03:37 CST","https://www.google.com/search?q=precio+del+dolar&sca_esv=62d66252683bd9aa&sca_upv=1&source=hp&ei=BSUnZpgCpqCQ8g_C5pDwAg&iflsig=ANes7DEAAAAAZiczFWkWBUFmEu6a5mikNGO6qbejtyAJ&oq=precio+&gs_lp=Egdnd3Mtd2l6IgdwcmVjaW8gKgIIADIQEAAYgAQYsQMYgwEYRhiCAjILEAAYgAQYsQMYgwEyBBAAGAMyCBAAGIAEGLEDMgQQABgDMg4QABiABBixAxiDARiKBTIIEAAYgAQYsQMyBBAAGAMyBRAAGIAEMgUQABiABEiAFFAAWJMFcAB4AJABAJgB4QGgAbsFqgEFNS4xLjG4AQHIAQD4AQGYAgegAvoFwgIREC4YgAQYsQMY0QMYgwEYxwHCAhQQLhiABBixAxiDARjHARiOBRivAcICCxAuGIAEGLEDGIMBmAMAkgcFNS4xLjGgB6Y4&sclient=gws-wiz","precio del dolar - Buscar con Google",Brave,google.com,Default,"001-003-LAptop-Pavana T3.E01"
History,"https://search.brave.com/images?q=canana&source=web","2024-04-22 21:05:56 CST","https://search.brave.com/images?q=canana&source=web","canana - Brave Search",Brave,brave.com,Default,"001-003-LAptop-Pavana T3.E01"
History,"https://search.brave.com/images?q=canana&source=web","2024-04-22 21:05:56 CST","https://search.brave.com/images?q=canana&source=web","canana - Brave Search",Brave,brave.com,Default,"001-003-LAptop-Pavana T3.E01"
History,"https://search.brave.com/images?q=funda+escuadra&source=web","2024-04-22 21:05:55 CST","https://search.brave.com/images?q=funda+escuadra&source=web","funda escuadra - Brave Search",Brave,brave.com,Default,"001-003-LAptop-Pavana T3.E01"
History,"https://search.brave.com/images?q=funda+escuadra&source=web","2024-04-22 21:05:55 CST","https://search.brave.com/images?q=funda+escuadra&source=web","funda escuadra - Brave Search",Brave,brave.com,Default,"001-003-LAptop-Pavana T3.E01"
History,"https://search.brave.com/search?q=funda%20escuadra","2024-04-22 21:05:45 CST","https://search.brave.com/search?q=funda%20escuadra","funda escuadra - Brave Search",Brave,brave.com,Default,"001-003-LAptop-Pavana T3.E01"
History,"https://search.brave.com/search?q=funda%20escuadra","2024-04-22 21:05:45 CST","https://search.brave.com/search?q=funda%20escuadra","funda escuadra - Brave Search",Brave,brave.com,Default,"001-003-LAptop-Pavana T3.E01"
History,"https://search.brave.com/images?q=funda+escuadra&source=web","2024-04-22 21:05:55 CST","https://search.brave.com/images?q=funda+escuadra&source=web","funda escuadra - Brave Search",Brave,brave.com,Default,"001-003-LAptop-Pavana T3.E01"
History,"https://search.brave.com/images?q=canana&source=web","2024-04-22 21:05:56 CST","https://search.brave.com/images?q=canana&source=web","canana - Brave Search",Brave,brave.com,Default,"001-003-LAptop-Pavana T3.E01"
History,"https://search.brave.com/images?q=gabardina%20amplia","2024-04-22 21:05:57 CST","https://search.brave.com/images?q=gabardina%20amplia","gabardina amplia - Brave Search",Brave,brave.com,Default,"001-003-LAptop-Pavana T3.E01"
History,"https://search.brave.com/search?q=gabardina+amplia&source=web","2024-04-22 21:05:59 CST","https://search.brave.com/search?q=gabardina+amplia&source=web","gabardina amplia - Brave Search",Brave,brave.com,Default,"001-003-LAptop-Pavana T3.E01"
History,"https://search.brave.com/search?q=gabardina+hombre&source=web","2024-04-22 21:06:00 CST","https://search.brave.com/search?q=gabardina+hombre&source=web","gabardina hombre - Brave Search",Brave,brave.com,Default,"001-003-LAptop-Pavana T3.E01"
History,https://maps.google.com/,"2024-04-22 21:08:52 CST",https://maps.google.com/,"Google Maps",Brave,google.com,Default,"001-003-LAptop-Pavana T3.E01"
History,"https://maps.google.com/maps","2024-04-22 21:08:52 CST","https://maps.google.com/maps","Google Maps",Brave,google.com,Default,"001-003-LAptop-Pavana T3.E01"
History,"https://www.google.com/maps","2024-04-22 21:08:53 CST","https://www.google.com/maps","Google Maps",Brave,google.com,Default,"001-003-LAptop-Pavana T3.E01"
History,"https://www.google.com/maps","2024-04-22 21:08:53 CST","https://www.google.com/maps","Google Maps",Brave,google.com,Default,"001-003-LAptop-Pavana T3.E01"
History,"https://www.google.com/maps/@19.3598383,-99.0322165,13z?entry=ttu","2024-04-22 21:08:56 CST","https://www.google.com/maps/@19.3598383,-99.0322165,13z?entry=ttu","Google Maps",Brave,google.com,Default,"001-003-LAptop-Pavana T3.E01"
History,"https://www.google.com/maps/@19.3598383,-99.0322165,13z?entry=ttu","2024-04-22 21:08:56 CST","https://www.google.com/maps/@19.3598383,-99.0322165,13z?entry=ttu","Google Maps",Brave,google.com,Default,"001-003-LAptop-Pavana T3.E01"
History,"https://www.google.com/maps/@19.3316557,-99.0641455,13z?entry=ttu","2024-04-22 21:08:58 CST","https://www.google.com/maps/@19.3316557,-99.0641455,13z?entry=ttu","Google Maps",Brave,google.com,Default,"001-003-LAptop-Pavana T3.E01"
History,"https://www.google.com/maps/@19.3316557,-99.0641455,13z?entry=ttu","2024-04-22 21:08:58 CST","https://www.google.com/maps/@19.3316557,-99.0641455,13z?entry=ttu","Google Maps",Brave,google.com,Default,"001-003-LAptop-Pavana T3.E01"
History,"https://www.google.com/maps/@19.3229084,-99.1037993,13z?entry=ttu","2024-04-22 21:09:01 CST","https://www.google.com/maps/@19.3229084,-99.1037993,13z?entry=ttu","Google Maps",Brave,google.com,Default,"001-003-LAptop-Pavana T3.E01"
History,"https://www.google.com/maps/@19.328902,-99.1537528,13z?entry=ttu","2024-04-22 21:09:04 CST","https://www.google.com/maps/@19.328902,-99.1537528,13z?entry=ttu","Google Maps",Brave,google.com,Default,"001-003-LAptop-Pavana T3.E01"
History,"https://www.google.com/maps/@19.328902,-99.1537528,13z?entry=ttu","2024-04-22 21:09:04 CST","https://www.google.com/maps/@19.328902,-99.1537528,13z?entry=ttu","Google Maps",Brave,google.com,Default,"001-003-LAptop-Pavana T3.E01"
History,"https://www.google.com/maps/@19.3348548,-99.1475729,14z?entry=ttu","2024-04-22 21:09:08 CST","https://www.google.com/maps/@19.3348548,-99.1475729,14z?entry=ttu","Google Maps",Brave,google.com,Default,"001-003-LAptop-Pavana T3.E01"
History,"https://www.google.com/maps/@19.3348548,-99.1475729,14z?entry=ttu","2024-04-22 21:09:08 CST","https://www.google.com/maps/@19.3348548,-99.1475729,14z?entry=ttu","Google Maps",Brave,google.com,Default,"001-003-LAptop-Pavana T3.E01"
History,"https://www.google.com/maps/@19.3378312,-99.144483,15z?entry=ttu","2024-04-22 21:09:09 CST","https://www.google.com/maps/@19.3378312,-99.144483,15z?entry=ttu","Google Maps",Brave,google.com,Default,"001-003-LAptop-Pavana T3.E01"
History,"https://www.google.com/maps/@19.3378312,-99.144483,15z?entry=ttu","2024-04-22 21:09:09 CST","https://www.google.com/maps/@19.3378312,-99.144483,15z?entry=ttu","Google Maps",Brave,google.com,Default,"001-003-LAptop-Pavana T3.E01"
History,"https://www.google.com/maps/@19.3393193,-99.1429381,16z?entry=ttu","2024-04-22 21:09:10 CST","https://www.google.com/maps/@19.3393193,-99.1429381,16z?entry=ttu","Google Maps",Brave,google.com,Default,"001-003-LAptop-Pavana T3.E01"
History,"https://www.google.com/maps/@19.3393193,-99.1429381,16z?entry=ttu","2024-04-22 21:09:10 CST","https://www.google.com/maps/@19.3393193,-99.1429381,16z?entry=ttu","Google Maps",Brave,google.com,Default,"001-003-LAptop-Pavana T3.E01"
History,"https://www.google.com/maps/@19.3400634,-99.1421656,17z?entry=ttu","2024-04-22 21:09:12 CST","https://www.google.com/maps/@19.3400634,-99.1421656,17z?entry=ttu","Google Maps",Brave,google.com,Default,"001-003-LAptop-Pavana T3.E01"
History,"https://www.google.com/maps/@19.3400634,-99.1421656,17z?entry=ttu","2024-04-22 21:09:12 CST","https://www.google.com/maps/@19.3400634,-99.1421656,17z?entry=ttu","Google Maps",Brave,google.com,Default,"001-003-LAptop-Pavana T3.E01"
History,"https://www.google.com/maps/@19.3404304,-99.1417794,18z?entry=ttu","2024-04-22 21:09:13 CST","https://www.google.com/maps/@19.3404304,-99.1417794,18z?entry=ttu","Google Maps",Brave,google.com,Default,"001-003-LAptop-Pavana T3.E01"
History,"https://www.google.com/maps/@19.3406139,-99.1415863,19z?entry=ttu","2024-04-22 21:09:13 CST","https://www.google.com/maps/@19.3406139,-99.1415863,19z?entry=ttu","Google Maps",Brave,google.com,Default,"001-003-LAptop-Pavana T3.E01"
History,"https://www.google.com/maps/@19.3407056,-99.1414897,20z?entry=ttu","2024-04-22 21:09:13 CST","https://www.google.com/maps/@19.3407056,-99.1414897,20z?entry=ttu","Google Maps",Brave,google.com,Default,"001-003-LAptop-Pavana T3.E01"
History,"https://www.google.com/maps/@19.3407515,-99.1414414,21z?entry=ttu","2024-04-22 21:09:14 CST","https://www.google.com/maps/@19.3407515,-99.1414414,21z?entry=ttu","Google Maps",Brave,google.com,Default,"001-003-LAptop-Pavana T3.E01"
History,"https://www.google.com/maps/@19.3407515,-99.1414414,21z?entry=ttu","2024-04-22 21:09:14 CST","https://www.google.com/maps/@19.3407515,-99.1414414,21z?entry=ttu","Google Maps",Brave,google.com,Default,"001-003-LAptop-Pavana T3.E01"
History,"https://www.google.com/maps/@19.3407518,-99.1414416,20.99z?entry=ttu","2024-04-22 21:09:17 CST","https://www.google.com/maps/@19.3407518,-99.1414416,20.99z?entry=ttu","Google Maps",Brave,google.com,Default,"001-003-LAptop-Pavana T3.E01"
History,"https://www.google.com/maps/@19.3407109,-99.1414443,20.99z?entry=ttu","2024-04-22 21:09:18 CST","https://www.google.com/maps/@19.3407109,-99.1414443,20.99z?entry=ttu","Google Maps",Brave,google.com,Default,"001-003-LAptop-Pavana T3.E01"
History,"https://www.google.com/maps/@19.3407111,-99.141444,21z?entry=ttu","2024-04-22 21:09:20 CST","https://www.google.com/maps/@19.3407111,-99.141444,21z?entry=ttu","Google Maps",Brave,google.com,Default,"001-003-LAptop-Pavana T3.E01"
History,"https://www.google.com/maps/@19.3407097,-99.1414458,20.96z?entry=ttu","2024-04-22 21:09:24 CST","https://www.google.com/maps/@19.3407097,-99.1414458,20.96z?entry=ttu","Google Maps",Brave,google.com,Default,"001-003-LAptop-Pavana T3.E01"
History,"https://www.google.com/maps/@19.3407159,-99.1414529,20.76z?entry=ttu","2024-04-22 21:09:29 CST","https://www.google.com/maps/@19.3407159,-99.1414529,20.76z?entry=ttu","Google Maps",Brave,google.com,Default,"001-003-LAptop-Pavana T3.E01"
History,"https://www.google.com/maps/@19.3406314,-99.1414807,20.76z?entry=ttu","2024-04-22 21:09:35 CST","https://www.google.com/maps/@19.3406314,-99.1414807,20.76z?entry=ttu","Google Maps",Brave,google.com,Default,"001-003-LAptop-Pavana T3.E01"
History,"https://www.google.com/maps/@19.3404825,-99.1411675,20.76z?entry=ttu","2024-04-22 21:09:38 CST","https://www.google.com/maps/@19.3404825,-99.1411675,20.76z?entry=ttu","Google Maps",Brave,google.com,Default,"001-003-LAptop-Pavana T3.E01"
History,"https://www.google.com/maps/@19.3402185,-99.140894,20.76z?entry=ttu","2024-04-22 21:09:41 CST","https://www.google.com/maps/@19.3402185,-99.140894,20.76z?entry=ttu","Google Maps",Brave,google.com,Default,"001-003-LAptop-Pavana T3.E01"
History,"https://www.google.com/maps/@19.3402185,-99.140894,21z?entry=ttu","2024-04-22 23:09:18 CST","https://www.google.com/maps/@19.3402185,-99.140894,21z?entry=ttu","Google Maps",Brave,google.com,Default,"001-003-LAptop-Pavana T3.E01"
History,"https://www.google.com/maps/@19.3402185,-99.140894,21z?entry=ttu","2024-04-22 23:09:18 CST","https://www.google.com/maps/@19.3402185,-99.140894,21z?entry=ttu","Google Maps",Brave,google.com,Default,"001-003-LAptop-Pavana T3.E01"
History,"https://www.google.com/maps/@19.3402185,-99.140894,21z?entry=ttu","2024-04-22 23:09:18 CST","https://www.google.com/maps/@19.3402185,-99.140894,21z?entry=ttu","Google Maps",Brave,google.com,Default,"001-003-LAptop-Pavana T3.E01"
History,"https://www.google.com/maps/@19.3402185,-99.140894,21z?entry=ttu","2024-04-22 23:09:18 CST","https://www.google.com/maps/@19.3402185,-99.140894,21z?entry=ttu","Google Maps",Brave,google.com,Default,"001-003-LAptop-Pavana T3.E01"
History,"https://search.brave.com/search?q=anime&source=desktop","2024-04-22 23:20:31 CST","https://search.brave.com/search?q=anime&source=desktop","anime - Brave Search",Brave,brave.com,Default,"001-003-LAptop-Pavana T3.E01"
History,"https://search.brave.com/search?q=anime&source=desktop","2024-04-22 23:20:31 CST","https://search.brave.com/search?q=anime&source=desktop","anime - Brave Search",Brave,brave.com,Default,"001-003-LAptop-Pavana T3.E01"
History,"https://search.brave.com/images?q=anime","2024-04-22 23:20:34 CST","https://search.brave.com/images?q=anime","anime - Brave Search",Brave,brave.com,Default,"001-003-LAptop-Pavana T3.E01"
History,"https://search.brave.com/images?q=anime","2024-04-22 23:20:34 CST","https://search.brave.com/images?q=anime","anime - Brave Search",Brave,brave.com,Default,"001-003-LAptop-Pavana T3.E01"
History,"https://search.brave.com/search?q=torrent&source=desktop","2024-04-22 23:21:35 CST","https://search.brave.com/search?q=torrent&source=desktop","torrent - Brave Search",Brave,brave.com,Default,"001-003-LAptop-Pavana T3.E01"
History,"https://search.brave.com/search?q=torrent&source=desktop","2024-04-22 23:21:35 CST","https://search.brave.com/search?q=torrent&source=desktop","torrent - Brave Search",Brave,brave.com,Default,"001-003-LAptop-Pavana T3.E01"
History,"https://www.utorrent.com/intl/es/downloads/win/","2024-04-22 23:21:36 CST","https://www.utorrent.com/intl/es/downloads/win/","Descargar clientes de µTorrent (uTorrent) para Windows",Brave,utorrent.com,Default,"001-003-LAptop-Pavana T3.E01"
History,"https://www.utorrent.com/intl/es/web/downloads/complete/track/stable/os/win/","2024-04-22 23:21:38 CST","https://www.utorrent.com/intl/es/web/downloads/complete/track/stable/os/win/","Gracias por descargar µTorrent (uTorrent)",Brave,utorrent.com,Default,"001-003-LAptop-Pavana T3.E01"
History,"https://search.brave.com/search?q=acrobat+reader&source=desktop","2024-04-22 23:22:52 CST","https://search.brave.com/search?q=acrobat+reader&source=desktop","acrobat reader - Brave Search",Brave,brave.com,Default,"001-003-LAptop-Pavana T3.E01"
History,"https://search.brave.com/search?q=acrobat+reader&source=desktop","2024-04-22 23:22:52 CST","https://search.brave.com/search?q=acrobat+reader&source=desktop","acrobat reader - Brave Search",Brave,brave.com,Default,"001-003-LAptop-Pavana T3.E01"
History,"https://get.adobe.com/es/reader/","2024-04-22 23:22:55 CST","https://get.adobe.com/es/reader/","Descargar Adobe Acrobat Reader: visualizador gratuito de PDF",Brave,adobe.com,Default,"001-003-LAptop-Pavana T3.E01"
History,"https://get.adobe.com/es/reader/","2024-04-22 23:22:55 CST","https://get.adobe.com/es/reader/","Descargar Adobe Acrobat Reader: visualizador gratuito de PDF",Brave,adobe.com,Default,"001-003-LAptop-Pavana T3.E01"
History,"https://get.adobe.com/es/reader/download?os=Windows+10&name=Reader+2024.002.20687+Spanish+Windows%2864Bit%29&lang=es&nativeOs=Windows+10&accepted=mss%2Ccr&declined=&preInstalled=&site=landing","2024-04-22 23:22:59 CST","https://get.adobe.com/es/reader/download?os=Windows+10&name=Reader+2024.002.20687+Spanish+Windows%2864Bit%29&lang=es&nativeOs=Windows+10&accepted=mss%2Ccr&declined=&preInstalled=&site=landing","Adobe - Instalar Adobe Acrobat Reader",Brave,adobe.com,Default,"001-003-LAptop-Pavana T3.E01"
History,https://google.com/,"2024-04-23 08:33:07 CST",https://google.com/,Google,Brave,google.com,Default,"001-003-LAptop-Pavana T3.E01"
History,http://google.com/,"2024-04-23 08:33:07 CST",http://google.com/,Google,Brave,google.com,Default,"001-003-LAptop-Pavana T3.E01"
History,https://google.com/,"2024-04-23 08:33:07 CST",https://google.com/,Google,Brave,google.com,Default,"001-003-LAptop-Pavana T3.E01"
History,https://www.google.com/,"2024-04-23 08:33:07 CST",https://www.google.com/,Google,Brave,google.com,Default,"001-003-LAptop-Pavana T3.E01"
History,https://www.google.com/,"2024-04-23 08:33:07 CST",https://www.google.com/,Google,Brave,google.com,Default,"001-003-LAptop-Pavana T3.E01"
History,"https://www.google.com/search?q=filetype%3Axlsx&sca_esv=5f6a5c4feb524586&source=hp&ei=o8YnZr2RGfnGkPIP5dyAyAU&iflsig=ANes7DEAAAAAZifUs53E0v3eFq2ZqIITD7VGmsuuoqWW&ved=0ahUKEwj97uv1xtiFAxV5I0QIHWUuAFkQ4dUDCA0&uact=5&oq=filetype%3Axlsx&gs_lp=Egdnd3Mtd2l6Ig1maWxldHlwZTp4bHN4SMTjAVCVM1j52wFwAngAkAEAmAGVAaABnQiqAQQxMS4yuAEDyAEA-AEBmAILoAK-B6gCCsICEBAAGAMY5QIY6gIYjAMYjwHCAhAQLhgDGOUCGOoCGIwDGI8BwgIREC4YgAQYsQMY0QMYgwEYxwHCAgUQABiABMICCBAAGIAEGLEDwgIOEAAYgAQYsQMYgwEYigXCAgsQLhiABBixAxiDAcICCxAAGIAEGLEDGIMBwgILEC4YgAQYsQMY1ALCAg4QLhiABBixAxjRAxjHAcICCBAuGIAEGLEDmAMlkgcDOS4yoAeASA&sclient=gws-wiz","2024-04-23 08:34:09 CST","https://www.google.com/search?q=filetype%3Axlsx&sca_esv=5f6a5c4feb524586&source=hp&ei=o8YnZr2RGfnGkPIP5dyAyAU&iflsig=ANes7DEAAAAAZifUs53E0v3eFq2ZqIITD7VGmsuuoqWW&ved=0ahUKEwj97uv1xtiFAxV5I0QIHWUuAFkQ4dUDCA0&uact=5&oq=filetype%3Axlsx&gs_lp=Egdnd3Mtd2l6Ig1maWxldHlwZTp4bHN4SMTjAVCVM1j52wFwAngAkAEAmAGVAaABnQiqAQQxMS4yuAEDyAEA-AEBmAILoAK-B6gCCsICEBAAGAMY5QIY6gIYjAMYjwHCAhAQLhgDGOUCGOoCGIwDGI8BwgIREC4YgAQYsQMY0QMYgwEYxwHCAgUQABiABMICCBAAGIAEGLEDwgIOEAAYgAQYsQMYgwEYigXCAgsQLhiABBixAxiDAcICCxAAGIAEGLEDGIMBwgILEC4YgAQYsQMY1ALCAg4QLhiABBixAxjRAxjHAcICCBAuGIAEGLEDmAMlkgcDOS4yoAeASA&sclient=gws-wiz","filetype:xlsx - Buscar con Google",Brave,google.com,Default,"001-003-LAptop-Pavana T3.E01"
History,"https://www.google.com/search?q=filetype%3Axlsx&sca_esv=5f6a5c4feb524586&source=hp&ei=o8YnZr2RGfnGkPIP5dyAyAU&iflsig=ANes7DEAAAAAZifUs53E0v3eFq2ZqIITD7VGmsuuoqWW&ved=0ahUKEwj97uv1xtiFAxV5I0QIHWUuAFkQ4dUDCA0&uact=5&oq=filetype%3Axlsx&gs_lp=Egdnd3Mtd2l6Ig1maWxldHlwZTp4bHN4SMTjAVCVM1j52wFwAngAkAEAmAGVAaABnQiqAQQxMS4yuAEDyAEA-AEBmAILoAK-B6gCCsICEBAAGAMY5QIY6gIYjAMYjwHCAhAQLhgDGOUCGOoCGIwDGI8BwgIREC4YgAQYsQMY0QMYgwEYxwHCAgUQABiABMICCBAAGIAEGLEDwgIOEAAYgAQYsQMYgwEYigXCAgsQLhiABBixAxiDAcICCxAAGIAEGLEDGIMBwgILEC4YgAQYsQMY1ALCAg4QLhiABBixAxjRAxjHAcICCBAuGIAEGLEDmAMlkgcDOS4yoAeASA&sclient=gws-wiz","2024-04-23 08:34:09 CST","https://www.google.com/search?q=filetype%3Axlsx&sca_esv=5f6a5c4feb524586&source=hp&ei=o8YnZr2RGfnGkPIP5dyAyAU&iflsig=ANes7DEAAAAAZifUs53E0v3eFq2ZqIITD7VGmsuuoqWW&ved=0ahUKEwj97uv1xtiFAxV5I0QIHWUuAFkQ4dUDCA0&uact=5&oq=filetype%3Axlsx&gs_lp=Egdnd3Mtd2l6Ig1maWxldHlwZTp4bHN4SMTjAVCVM1j52wFwAngAkAEAmAGVAaABnQiqAQQxMS4yuAEDyAEA-AEBmAILoAK-B6gCCsICEBAAGAMY5QIY6gIYjAMYjwHCAhAQLhgDGOUCGOoCGIwDGI8BwgIREC4YgAQYsQMY0QMYgwEYxwHCAgUQABiABMICCBAAGIAEGLEDwgIOEAAYgAQYsQMYgwEYigXCAgsQLhiABBixAxiDAcICCxAAGIAEGLEDGIMBwgILEC4YgAQYsQMY1ALCAg4QLhiABBixAxjRAxjHAcICCBAuGIAEGLEDmAMlkgcDOS4yoAeASA&sclient=gws-wiz","filetype:xlsx - Buscar con Google",Brave,google.com,Default,"001-003-LAptop-Pavana T3.E01"
History,"https://www.google.com/search?q=filetype%3Adocx&sca_esv=5f6a5c4feb524586&ei=4cYnZrqwBOCNur8PhOK0mA8&ved=0ahUKEwj6pJ-Tx9iFAxXghu4BHQQxDfMQ4dUDCBA&uact=5&oq=filetype%3Adocx&gs_lp=Egxnd3Mtd2l6LXNlcnAiDWZpbGV0eXBlOmRvY3hIl3VQ41tYq3RwBHgAkAEAmAGOAaAB4AKqAQMzLjG4AQPIAQD4AQGYAgCgAgCYAwCIBgGSBwCgB7QB&sclient=gws-wiz-serp","2024-04-23 08:34:33 CST","https://www.google.com/search?q=filetype%3Adocx&sca_esv=5f6a5c4feb524586&ei=4cYnZrqwBOCNur8PhOK0mA8&ved=0ahUKEwj6pJ-Tx9iFAxXghu4BHQQxDfMQ4dUDCBA&uact=5&oq=filetype%3Adocx&gs_lp=Egxnd3Mtd2l6LXNlcnAiDWZpbGV0eXBlOmRvY3hIl3VQ41tYq3RwBHgAkAEAmAGOAaAB4AKqAQMzLjG4AQPIAQD4AQGYAgCgAgCYAwCIBgGSBwCgB7QB&sclient=gws-wiz-serp","filetype:docx - Buscar con Google",Brave,google.com,Default,"001-003-LAptop-Pavana T3.E01"
History,"https://www.google.com/search?q=filetype%3Adocx&sca_esv=5f6a5c4feb524586&ei=4cYnZrqwBOCNur8PhOK0mA8&ved=0ahUKEwj6pJ-Tx9iFAxXghu4BHQQxDfMQ4dUDCBA&uact=5&oq=filetype%3Adocx&gs_lp=Egxnd3Mtd2l6LXNlcnAiDWZpbGV0eXBlOmRvY3hIl3VQ41tYq3RwBHgAkAEAmAGOAaAB4AKqAQMzLjG4AQPIAQD4AQGYAgCgAgCYAwCIBgGSBwCgB7QB&sclient=gws-wiz-serp","2024-04-23 08:34:33 CST","https://www.google.com/search?q=filetype%3Adocx&sca_esv=5f6a5c4feb524586&ei=4cYnZrqwBOCNur8PhOK0mA8&ved=0ahUKEwj6pJ-Tx9iFAxXghu4BHQQxDfMQ4dUDCBA&uact=5&oq=filetype%3Adocx&gs_lp=Egxnd3Mtd2l6LXNlcnAiDWZpbGV0eXBlOmRvY3hIl3VQ41tYq3RwBHgAkAEAmAGOAaAB4AKqAQMzLjG4AQPIAQD4AQGYAgCgAgCYAwCIBgGSBwCgB7QB&sclient=gws-wiz-serp","filetype:docx - Buscar con Google",Brave,google.com,Default,"001-003-LAptop-Pavana T3.E01"
History,"https://www.google.com/search?q=filetype%3Axlsx+nomina&sca_esv=5f6a5c4feb524586&ei=-cYnZvPQNtHLkPIPhtOQoAI&ved=0ahUKEwizsYqfx9iFAxXRJUQIHYYpBCQQ4dUDCBA&uact=5&oq=filetype%3Axlsx+nomina&gs_lp=Egxnd3Mtd2l6LXNlcnAiFGZpbGV0eXBlOnhsc3ggbm9taW5hSPhmUABYymFwAXgAkAEAmAFfoAHiC6oBAjIxuAEDyAEA-AEBmAIJoAKBBsICChAAGIAEGEMYigXCAhEQLhiABBixAxjRAxiDARjHAcICBRAAGIAEwgIIEAAYgAQYsQPCAg4QABiABBixAxiDARiKBcICCxAuGIAEGLEDGNQCwgIOEC4YgAQYsQMY0QMYxwHCAggQLhiABBixA8ICCxAAGIAEGLEDGIMBwgIQEAAYgAQYsQMYQxiDARiKBZgDAJIHAzguMaAH92I&sclient=gws-wiz-serp","2024-04-23 08:34:55 CST","https://www.google.com/search?q=filetype%3Axlsx+nomina&sca_esv=5f6a5c4feb524586&ei=-cYnZvPQNtHLkPIPhtOQoAI&ved=0ahUKEwizsYqfx9iFAxXRJUQIHYYpBCQQ4dUDCBA&uact=5&oq=filetype%3Axlsx+nomina&gs_lp=Egxnd3Mtd2l6LXNlcnAiFGZpbGV0eXBlOnhsc3ggbm9taW5hSPhmUABYymFwAXgAkAEAmAFfoAHiC6oBAjIxuAEDyAEA-AEBmAIJoAKBBsICChAAGIAEGEMYigXCAhEQLhiABBixAxjRAxiDARjHAcICBRAAGIAEwgIIEAAYgAQYsQPCAg4QABiABBixAxiDARiKBcICCxAuGIAEGLEDGNQCwgIOEC4YgAQYsQMY0QMYxwHCAggQLhiABBixA8ICCxAAGIAEGLEDGIMBwgIQEAAYgAQYsQMYQxiDARiKBZgDAJIHAzguMaAH92I&sclient=gws-wiz-serp","filetype:xlsx nomina - Buscar con Google",Brave,google.com,Default,"001-003-LAptop-Pavana T3.E01"
History,"https://www.google.com/search?q=filetype%3Axlsx+nomina&sca_esv=5f6a5c4feb524586&ei=-cYnZvPQNtHLkPIPhtOQoAI&ved=0ahUKEwizsYqfx9iFAxXRJUQIHYYpBCQQ4dUDCBA&uact=5&oq=filetype%3Axlsx+nomina&gs_lp=Egxnd3Mtd2l6LXNlcnAiFGZpbGV0eXBlOnhsc3ggbm9taW5hSPhmUABYymFwAXgAkAEAmAFfoAHiC6oBAjIxuAEDyAEA-AEBmAIJoAKBBsICChAAGIAEGEMYigXCAhEQLhiABBixAxjRAxiDARjHAcICBRAAGIAEwgIIEAAYgAQYsQPCAg4QABiABBixAxiDARiKBcICCxAuGIAEGLEDGNQCwgIOEC4YgAQYsQMY0QMYxwHCAggQLhiABBixA8ICCxAAGIAEGLEDGIMBwgIQEAAYgAQYsQMYQxiDARiKBZgDAJIHAzguMaAH92I&sclient=gws-wiz-serp","2024-04-23 08:34:55 CST","https://www.google.com/search?q=filetype%3Axlsx+nomina&sca_esv=5f6a5c4feb524586&ei=-cYnZvPQNtHLkPIPhtOQoAI&ved=0ahUKEwizsYqfx9iFAxXRJUQIHYYpBCQQ4dUDCBA&uact=5&oq=filetype%3Axlsx+nomina&gs_lp=Egxnd3Mtd2l6LXNlcnAiFGZpbGV0eXBlOnhsc3ggbm9taW5hSPhmUABYymFwAXgAkAEAmAFfoAHiC6oBAjIxuAEDyAEA-AEBmAIJoAKBBsICChAAGIAEGEMYigXCAhEQLhiABBixAxjRAxiDARjHAcICBRAAGIAEwgIIEAAYgAQYsQPCAg4QABiABBixAxiDARiKBcICCxAuGIAEGLEDGNQCwgIOEC4YgAQYsQMY0QMYxwHCAggQLhiABBixA8ICCxAAGIAEGLEDGIMBwgIQEAAYgAQYsQMYQxiDARiKBZgDAJIHAzguMaAH92I&sclient=gws-wiz-serp","filetype:xlsx nomina - Buscar con Google",Brave,google.com,Default,"001-003-LAptop-Pavana T3.E01"
History,"https://www.google.com/search?q=filetype%3Axlsx+nomina&sca_esv=5f6a5c4feb524586&ei=-cYnZvPQNtHLkPIPhtOQoAI&ved=0ahUKEwizsYqfx9iFAxXRJUQIHYYpBCQQ4dUDCBA&uact=5&oq=filetype%3Axlsx+nomina&gs_lp=Egxnd3Mtd2l6LXNlcnAiFGZpbGV0eXBlOnhsc3ggbm9taW5hSPhmUABYymFwAXgAkAEAmAFfoAHiC6oBAjIxuAEDyAEA-AEBmAIJoAKBBsICChAAGIAEGEMYigXCAhEQLhiABBixAxjRAxiDARjHAcICBRAAGIAEwgIIEAAYgAQYsQPCAg4QABiABBixAxiDARiKBcICCxAuGIAEGLEDGNQCwgIOEC4YgAQYsQMY0QMYxwHCAggQLhiABBixA8ICCxAAGIAEGLEDGIMBwgIQEAAYgAQYsQMYQxiDARiKBZgDAJIHAzguMaAH92I&sclient=gws-wiz-serp#ip=1","2024-04-23 08:36:26 CST","https://www.google.com/search?q=filetype%3Axlsx+nomina&sca_esv=5f6a5c4feb524586&ei=-cYnZvPQNtHLkPIPhtOQoAI&ved=0ahUKEwizsYqfx9iFAxXRJUQIHYYpBCQQ4dUDCBA&uact=5&oq=filetype%3Axlsx+nomina&gs_lp=Egxnd3Mtd2l6LXNlcnAiFGZpbGV0eXBlOnhsc3ggbm9taW5hSPhmUABYymFwAXgAkAEAmAFfoAHiC6oBAjIxuAEDyAEA-AEBmAIJoAKBBsICChAAGIAEGEMYigXCAhEQLhiABBixAxjRAxiDARjHAcICBRAAGIAEwgIIEAAYgAQYsQPCAg4QABiABBixAxiDARiKBcICCxAuGIAEGLEDGNQCwgIOEC4YgAQYsQMY0QMYxwHCAggQLhiABBixA8ICCxAAGIAEGLEDGIMBwgIQEAAYgAQYsQMYQxiDARiKBZgDAJIHAzguMaAH92I&sclient=gws-wiz-serp#ip=1","filetype:xlsx nomina - Buscar con Google",Brave,google.com,Default,"001-003-LAptop-Pavana T3.E01"
History,"https://www.google.com/aclk?sa=L&ai=DChcSEwiEl5mpx9iFAxVhCK0GHUx0AHkYABAAGgJwdg&ase=2&gclid=EAIaIQobChMIhJeZqcfYhQMVYQitBh1MdAB5EAMYASAAEgJV4PD_BwE&sig=AOD64_1riWWJtxIdrD-NZIANo8UkBObcLg&q&nis=5&adurl&ved=2ahUKEwjTq5Kpx9iFAxVPI0QIHUjBBmYQ0Qx6BAgFEAE","2024-04-23 08:36:19 CST","https://www.google.com/aclk?sa=L&ai=DChcSEwiEl5mpx9iFAxVhCK0GHUx0AHkYABAAGgJwdg&ase=2&gclid=EAIaIQobChMIhJeZqcfYhQMVYQitBh1MdAB5EAMYASAAEgJV4PD_BwE&sig=AOD64_1riWWJtxIdrD-NZIANo8UkBObcLg&q&nis=5&adurl&ved=2ahUKEwjTq5Kpx9iFAxVPI0QIHUjBBmYQ0Qx6BAgFEAE","Calculo de nómina | CFDI nómina | Maquila de nómina",Brave,google.com,Default,"001-003-LAptop-Pavana T3.E01"
History,"https://www.nomitek.com.mx/?gad_source=1&gclid=EAIaIQobChMIhJeZqcfYhQMVYQitBh1MdAB5EAMYASAAEgJV4PD_BwE","2024-04-23 08:36:19 CST","https://www.nomitek.com.mx/?gad_source=1&gclid=EAIaIQobChMIhJeZqcfYhQMVYQitBh1MdAB5EAMYASAAEgJV4PD_BwE","Calculo de nómina | CFDI nómina | Maquila de nómina",Brave,nomitek.com.mx,Default,"001-003-LAptop-Pavana T3.E01"
History,"https://www.nomitek.com.mx/?gad_source=1","2024-04-23 08:36:19 CST","https://www.nomitek.com.mx/?gad_source=1","Calculo de nómina | CFDI nómina | Maquila de nómina",Brave,nomitek.com.mx,Default,"001-003-LAptop-Pavana T3.E01"
History,"https://www.google.com/search?q=filetype%3Axlsx+nomina&sca_esv=5f6a5c4feb524586&ei=-cYnZvPQNtHLkPIPhtOQoAI&ved=0ahUKEwizsYqfx9iFAxXRJUQIHYYpBCQQ4dUDCBA&uact=5&oq=filetype%3Axlsx+nomina&gs_lp=Egxnd3Mtd2l6LXNlcnAiFGZpbGV0eXBlOnhsc3ggbm9taW5hSPhmUABYymFwAXgAkAEAmAFfoAHiC6oBAjIxuAEDyAEA-AEBmAIJoAKBBsICChAAGIAEGEMYigXCAhEQLhiABBixAxjRAxiDARjHAcICBRAAGIAEwgIIEAAYgAQYsQPCAg4QABiABBixAxiDARiKBcICCxAuGIAEGLEDGNQCwgIOEC4YgAQYsQMY0QMYxwHCAggQLhiABBixA8ICCxAAGIAEGLEDGIMBwgIQEAAYgAQYsQMYQxiDARiKBZgDAJIHAzguMaAH92I&sclient=gws-wiz-serp#ip=1","2024-04-23 08:36:26 CST","https://www.google.com/search?q=filetype%3Axlsx+nomina&sca_esv=5f6a5c4feb524586&ei=-cYnZvPQNtHLkPIPhtOQoAI&ved=0ahUKEwizsYqfx9iFAxXRJUQIHYYpBCQQ4dUDCBA&uact=5&oq=filetype%3Axlsx+nomina&gs_lp=Egxnd3Mtd2l6LXNlcnAiFGZpbGV0eXBlOnhsc3ggbm9taW5hSPhmUABYymFwAXgAkAEAmAFfoAHiC6oBAjIxuAEDyAEA-AEBmAIJoAKBBsICChAAGIAEGEMYigXCAhEQLhiABBixAxjRAxiDARjHAcICBRAAGIAEwgIIEAAYgAQYsQPCAg4QABiABBixAxiDARiKBcICCxAuGIAEGLEDGNQCwgIOEC4YgAQYsQMY0QMYxwHCAggQLhiABBixA8ICCxAAGIAEGLEDGIMBwgIQEAAYgAQYsQMYQxiDARiKBZgDAJIHAzguMaAH92I&sclient=gws-wiz-serp#ip=1","filetype:xlsx nomina - Buscar con Google",Brave,google.com,Default,"001-003-LAptop-Pavana T3.E01"
History,"https://www.google.com/search?q=filetype%3Adocx+nomina&sca_esv=5f6a5c4feb524586&ei=DscnZtPsPM_GkPIPyIKbsAY&ved=0ahUKEwjTq5Kpx9iFAxVPI0QIHUjBBmYQ4dUDCBA&uact=5&oq=filetype%3Adocx+nomina&gs_lp=Egxnd3Mtd2l6LXNlcnAiFGZpbGV0eXBlOmRvY3ggbm9taW5hSOAtUJUXWMspcAB4AJABAJgBXKAB4gOqAQE3uAEDyAEA-AEBmAIAoAIAmAMAiAYBkgcAoAe7Ag&sclient=gws-wiz-serp","2024-04-23 08:37:57 CST","https://www.google.com/search?q=filetype%3Adocx+nomina&sca_esv=5f6a5c4feb524586&ei=DscnZtPsPM_GkPIPyIKbsAY&ved=0ahUKEwjTq5Kpx9iFAxVPI0QIHUjBBmYQ4dUDCBA&uact=5&oq=filetype%3Adocx+nomina&gs_lp=Egxnd3Mtd2l6LXNlcnAiFGZpbGV0eXBlOmRvY3ggbm9taW5hSOAtUJUXWMspcAB4AJABAJgBXKAB4gOqAQE3uAEDyAEA-AEBmAIAoAIAmAMAiAYBkgcAoAe7Ag&sclient=gws-wiz-serp","filetype:docx nomina - Buscar con Google",Brave,google.com,Default,"001-003-LAptop-Pavana T3.E01"
History,"https://www.google.com/search?q=filetype%3Adocx+nomina&sca_esv=5f6a5c4feb524586&ei=DscnZtPsPM_GkPIPyIKbsAY&ved=0ahUKEwjTq5Kpx9iFAxVPI0QIHUjBBmYQ4dUDCBA&uact=5&oq=filetype%3Adocx+nomina&gs_lp=Egxnd3Mtd2l6LXNlcnAiFGZpbGV0eXBlOmRvY3ggbm9taW5hSOAtUJUXWMspcAB4AJABAJgBXKAB4gOqAQE3uAEDyAEA-AEBmAIAoAIAmAMAiAYBkgcAoAe7Ag&sclient=gws-wiz-serp","2024-04-23 08:37:57 CST","https://www.google.com/search?q=filetype%3Adocx+nomina&sca_esv=5f6a5c4feb524586&ei=DscnZtPsPM_GkPIPyIKbsAY&ved=0ahUKEwjTq5Kpx9iFAxVPI0QIHUjBBmYQ4dUDCBA&uact=5&oq=filetype%3Adocx+nomina&gs_lp=Egxnd3Mtd2l6LXNlcnAiFGZpbGV0eXBlOmRvY3ggbm9taW5hSOAtUJUXWMspcAB4AJABAJgBXKAB4gOqAQE3uAEDyAEA-AEBmAIAoAIAmAMAiAYBkgcAoAe7Ag&sclient=gws-wiz-serp","filetype:docx nomina - Buscar con Google",Brave,google.com,Default,"001-003-LAptop-Pavana T3.E01"
History,"https://www.google.com/search?q=filetype%3Adocx+nomina&sca_esv=5f6a5c4feb524586&ei=DscnZtPsPM_GkPIPyIKbsAY&ved=0ahUKEwjTq5Kpx9iFAxVPI0QIHUjBBmYQ4dUDCBA&uact=5&oq=filetype%3Adocx+nomina&gs_lp=Egxnd3Mtd2l6LXNlcnAiFGZpbGV0eXBlOmRvY3ggbm9taW5hSOAtUJUXWMspcAB4AJABAJgBXKAB4gOqAQE3uAEDyAEA-AEBmAIAoAIAmAMAiAYBkgcAoAe7Ag&sclient=gws-wiz-serp#ip=1","2024-04-23 08:38:49 CST","https://www.google.com/search?q=filetype%3Adocx+nomina&sca_esv=5f6a5c4feb524586&ei=DscnZtPsPM_GkPIPyIKbsAY&ved=0ahUKEwjTq5Kpx9iFAxVPI0QIHUjBBmYQ4dUDCBA&uact=5&oq=filetype%3Adocx+nomina&gs_lp=Egxnd3Mtd2l6LXNlcnAiFGZpbGV0eXBlOmRvY3ggbm9taW5hSOAtUJUXWMspcAB4AJABAJgBXKAB4gOqAQE3uAEDyAEA-AEBmAIAoAIAmAMAiAYBkgcAoAe7Ag&sclient=gws-wiz-serp#ip=1","filetype:docx nomina - Buscar con Google",Brave,google.com,Default,"001-003-LAptop-Pavana T3.E01"
History,"https://go.microsoft.com/fwlink/?linkid=2132465","2024-04-21 16:32:25 CST","https://go.microsoft.com/fwlink/?linkid=2132465","Bienvenido a Microsoft Edge","Microsoft Edge",microsoft.com,Default,"001-003-LAptop-Pavana T3.E01"
History,"https://www.microsoft.com/edge/welcome?form=MT00LJ","2024-04-21 16:32:25 CST","https://www.microsoft.com/edge/welcome?form=MT00LJ","Bienvenido a Microsoft Edge","Microsoft Edge",microsoft.com,Default,"001-003-LAptop-Pavana T3.E01"
History,"https://www.microsoft.com/edge/welcome?form=MT00LJ&ch=1","2024-04-21 16:32:25 CST","https://www.microsoft.com/edge/welcome?form=MT00LJ&ch=1","Bienvenido a Microsoft Edge","Microsoft Edge",microsoft.com,Default,"001-003-LAptop-Pavana T3.E01"
History,"https://www.microsoft.com/es-mx/edge/welcome?form=MT00LJ&ch=1","2024-04-21 16:32:27 CST","https://www.microsoft.com/es-mx/edge/welcome?form=MT00LJ&ch=1","Bienvenido a Microsoft Edge","Microsoft Edge",microsoft.com,Default,"001-003-LAptop-Pavana T3.E01"
History,"https://www.microsoft.com/es-mx/edge/welcome?form=MT00LJ&ch=1","2024-04-21 16:32:27 CST","https://www.microsoft.com/es-mx/edge/welcome?form=MT00LJ&ch=1","Bienvenido a Microsoft Edge","Microsoft Edge",microsoft.com,Default,"001-003-LAptop-Pavana T3.E01"
History,"https://www.microsoft.com/es-mx/edge/welcome?form=MT00LJ&ch=1","2024-04-21 16:32:27 CST","https://www.microsoft.com/es-mx/edge/welcome?form=MT00LJ&ch=1","Bienvenido a Microsoft Edge","Microsoft Edge",microsoft.com,Default,"001-003-LAptop-Pavana T3.E01"
History,http://yandex.com/,"2024-04-21 19:44:08 CST",http://yandex.com/,"Yandex — a fast Internet search","Microsoft Edge",yandex.com,Default,"001-003-LAptop-Pavana T3.E01"
History,https://yandex.com/,"2024-04-22 00:20:26 CST",https://yandex.com/,"Yandex — a fast Internet search","Microsoft Edge",yandex.com,Default,"001-003-LAptop-Pavana T3.E01"
History,"https://yandex.com/search/?text=C%C3%B3mo+escanear+una+red&lr=114920&msid=1713750143333780-17359046535298598101-balancer-l7leveler-kubr-yp-sas-88-BAL&search_source=yacom_desktop_common&suggest_reqid=698598101171375014302548996493487","2024-04-21 19:45:02 CST","https://yandex.com/search/?text=C%C3%B3mo+escanear+una+red&lr=114920&msid=1713750143333780-17359046535298598101-balancer-l7leveler-kubr-yp-sas-88-BAL&search_source=yacom_desktop_common&suggest_reqid=698598101171375014302548996493487","Cómo escanear una red — Yandex: 8 thousand results found","Microsoft Edge",yandex.com,Default,"001-003-LAptop-Pavana T3.E01"
History,"https://yandex.com/search/?text=C%C3%B3mo+escanear+una+red&lr=114920&msid=1713750143333780-17359046535298598101-balancer-l7leveler-kubr-yp-sas-88-BAL&search_source=yacom_desktop_common&suggest_reqid=698598101171375014302548996493487","2024-04-21 19:45:02 CST","https://yandex.com/search/?text=C%C3%B3mo+escanear+una+red&lr=114920&msid=1713750143333780-17359046535298598101-balancer-l7leveler-kubr-yp-sas-88-BAL&search_source=yacom_desktop_common&suggest_reqid=698598101171375014302548996493487","Cómo escanear una red — Yandex: 8 thousand results found","Microsoft Edge",yandex.com,Default,"001-003-LAptop-Pavana T3.E01"
History,"https://yandex.com/search/?text=C%C3%B3mo+escanear+una+red&lr=114920&search_source=yacom_desktop_common","2024-04-21 19:45:02 CST","https://yandex.com/search/?text=C%C3%B3mo+escanear+una+red&lr=114920&search_source=yacom_desktop_common","Cómo escanear una red — Yandex: 8 thousand results found","Microsoft Edge",yandex.com,Default,"001-003-LAptop-Pavana T3.E01"
History,"https://keepcoding.io/blog/escaneo-de-red-con-nmap/","2024-04-21 19:45:17 CST","https://keepcoding.io/blog/escaneo-de-red-con-nmap/","¿Cómo hacer un escaneo de red con Nmap?","Microsoft Edge",keepcoding.io,Default,"001-003-LAptop-Pavana T3.E01"
History,"https://www.linuxteaching.com/article/how_to_use_nmap_to_scan_a_subnet","2024-04-21 19:45:49 CST","https://www.linuxteaching.com/article/how_to_use_nmap_to_scan_a_subnet","Cómo usar Nmap para escanear una subred | Linuxteaching","Microsoft Edge",linuxteaching.com,Default,"001-003-LAptop-Pavana T3.E01"
History,"https://www.bing.com/search?q=es+nikto+legal%3F&form=ANNTH1&refig=d29aea4eb98a4f5a823b61607ba57388","2024-04-22 00:20:30 CST","https://www.bing.com/search?q=es+nikto+legal%3F&form=ANNTH1&refig=d29aea4eb98a4f5a823b61607ba57388","https://www.bing.com/search?q=es+nikto+legal%3F&form=ANNTH1&refig=d29aea4eb98a4f5a823b61607ba57388","Microsoft Edge",bing.com,Default,"001-003-LAptop-Pavana T3.E01"
History,"https://www.bing.com/search?q=es+nikto+legal%3F&form=ANNTH1&refig=d29aea4eb98a4f5a823b61607ba57388","2024-04-22 00:20:30 CST","https://www.bing.com/search?q=es+nikto+legal%3F&form=ANNTH1&refig=d29aea4eb98a4f5a823b61607ba57388","https://www.bing.com/search?q=es+nikto+legal%3F&form=ANNTH1&refig=d29aea4eb98a4f5a823b61607ba57388","Microsoft Edge",bing.com,Default,"001-003-LAptop-Pavana T3.E01"
History,"https://www.bing.com/ck/a?!&&p=3b1a88440407cf96JmltdHM9MTcxMzY1NzYwMCZpZ3VpZD0xZGUwNzMxNC1lODk3LTY1OWYtMTYwNy02NzdjZTk3OTY0ZmEmaW5zaWQ9NTIxMg&ptn=3&ver=2&hsh=3&fclid=1de07314-e897-659f-1607-677ce97964fa&psq=es+nikto+legal%3f&u=a1aHR0cHM6Ly9jaWJlcnNlZ3VyaWRhZC5jb20vaGVycmFtaWVudGFzL3NvZnR3YXJlL25pa3RvLw&ntb=1","2024-04-21 19:47:26 CST","https://www.bing.com/ck/a?!&&p=3b1a88440407cf96JmltdHM9MTcxMzY1NzYwMCZpZ3VpZD0xZGUwNzMxNC1lODk3LTY1OWYtMTYwNy02NzdjZTk3OTY0ZmEmaW5zaWQ9NTIxMg&ptn=3&ver=2&hsh=3&fclid=1de07314-e897-659f-1607-677ce97964fa&psq=es+nikto+legal%3f&u=a1aHR0cHM6Ly9jaWJlcnNlZ3VyaWRhZC5jb20vaGVycmFtaWVudGFzL3NvZnR3YXJlL25pa3RvLw&ntb=1",,"Microsoft Edge",bing.com,Default,"001-003-LAptop-Pavana T3.E01"
History,"https://www.bing.com/search?q=es+nikto+legal%3F&form=ANNTH1&refig=d29aea4eb98a4f5a823b61607ba57388","2024-04-22 00:20:30 CST","https://www.bing.com/search?q=es+nikto+legal%3F&form=ANNTH1&refig=d29aea4eb98a4f5a823b61607ba57388","https://www.bing.com/search?q=es+nikto+legal%3F&form=ANNTH1&refig=d29aea4eb98a4f5a823b61607ba57388","Microsoft Edge",bing.com,Default,"001-003-LAptop-Pavana T3.E01"
History,"https://ciberseguridad.com/herramientas/software/nikto/","2024-04-22 23:19:28 CST","https://ciberseguridad.com/herramientas/software/nikto/","Nikto, un práctico escaner de vulnerabilidades de sitios web","Microsoft Edge",ciberseguridad.com,Default,"001-003-LAptop-Pavana T3.E01"
History,"https://www.bing.com/search?q=nmap+o+nikto&form=ANNTH1&refig=75604291305e4375af3c0a7ed16cfd5c","2024-04-21 19:47:19 CST","https://www.bing.com/search?q=nmap+o+nikto&form=ANNTH1&refig=75604291305e4375af3c0a7ed16cfd5c","nmap o nikto - Búsqueda","Microsoft Edge",bing.com,Default,"001-003-LAptop-Pavana T3.E01"
History,"https://www.bing.com/search?q=nmap+o+nikto&form=ANNTH1&refig=75604291305e4375af3c0a7ed16cfd5c","2024-04-21 19:47:19 CST","https://www.bing.com/search?q=nmap+o+nikto&form=ANNTH1&refig=75604291305e4375af3c0a7ed16cfd5c","nmap o nikto - Búsqueda","Microsoft Edge",bing.com,Default,"001-003-LAptop-Pavana T3.E01"
History,"https://www.bing.com/ck/a?!&&p=3b1a88440407cf96JmltdHM9MTcxMzY1NzYwMCZpZ3VpZD0xZGUwNzMxNC1lODk3LTY1OWYtMTYwNy02NzdjZTk3OTY0ZmEmaW5zaWQ9NTIxMg&ptn=3&ver=2&hsh=3&fclid=1de07314-e897-659f-1607-677ce97964fa&psq=es+nikto+legal%3f&u=a1aHR0cHM6Ly9jaWJlcnNlZ3VyaWRhZC5jb20vaGVycmFtaWVudGFzL3NvZnR3YXJlL25pa3RvLw&ntb=1","2024-04-21 19:47:26 CST","https://www.bing.com/ck/a?!&&p=3b1a88440407cf96JmltdHM9MTcxMzY1NzYwMCZpZ3VpZD0xZGUwNzMxNC1lODk3LTY1OWYtMTYwNy02NzdjZTk3OTY0ZmEmaW5zaWQ9NTIxMg&ptn=3&ver=2&hsh=3&fclid=1de07314-e897-659f-1607-677ce97964fa&psq=es+nikto+legal%3f&u=a1aHR0cHM6Ly9jaWJlcnNlZ3VyaWRhZC5jb20vaGVycmFtaWVudGFzL3NvZnR3YXJlL25pa3RvLw&ntb=1",,"Microsoft Edge",bing.com,Default,"001-003-LAptop-Pavana T3.E01"
History,"https://www.bing.com/search?q=es+nikto+legal%3F&form=ANNTH1&refig=d29aea4eb98a4f5a823b61607ba57388","2024-04-22 00:20:30 CST","https://www.bing.com/search?q=es+nikto+legal%3F&form=ANNTH1&refig=d29aea4eb98a4f5a823b61607ba57388","https://www.bing.com/search?q=es+nikto+legal%3F&form=ANNTH1&refig=d29aea4eb98a4f5a823b61607ba57388","Microsoft Edge",bing.com,Default,"001-003-LAptop-Pavana T3.E01"
History,"https://ciberseguridad.com/herramientas/software/nikto/","2024-04-22 23:19:28 CST","https://ciberseguridad.com/herramientas/software/nikto/","Nikto, un práctico escaner de vulnerabilidades de sitios web","Microsoft Edge",ciberseguridad.com,Default,"001-003-LAptop-Pavana T3.E01"
History,"https://www.bing.com/search?q=nmap%20o%20nikto&qs=n&form=QBRE&=%25eAdministra%20tu%20historial%20de%20b%C3%BAsqueda%25E&sp=-1&lq=0&pq=nmap%20o%20nikto&sc=16-12&sk=&cvid=E2456448AE1946748FB743D07ACC8E1E&ghsh=0&ghacc=0&ghpl=","2024-04-21 19:47:29 CST","https://www.bing.com/search?q=nmap%20o%20nikto&qs=n&form=QBRE&=%25eAdministra%20tu%20historial%20de%20b%C3%BAsqueda%25E&sp=-1&lq=0&pq=nmap%20o%20nikto&sc=16-12&sk=&cvid=E2456448AE1946748FB743D07ACC8E1E&ghsh=0&ghacc=0&ghpl=","nmap o nikto cual es mejor - Búsqueda","Microsoft Edge",bing.com,Default,"001-003-LAptop-Pavana T3.E01"
History,"https://www.bing.com/search?q=nmap%20o%20nikto%20cual%20es%20mejor&qs=n&form=QBRE&=%25eAdministra%20tu%20historial%20de%20b%C3%BAsqueda%25E&sp=-1&ghc=1&lq=0&pq=nmap%20o%20nikto%20cual%20es%20mejor&sc=11-26&sk=&cvid=376FDF468D4E4901BF2BC75DBCE2EE02&ghsh=0&ghacc=0&ghpl=","2024-04-22 00:20:43 CST","https://www.bing.com/search?q=nmap%20o%20nikto%20cual%20es%20mejor&qs=n&form=QBRE&=%25eAdministra%20tu%20historial%20de%20b%C3%BAsqueda%25E&sp=-1&ghc=1&lq=0&pq=nmap%20o%20nikto%20cual%20es%20mejor&sc=11-26&sk=&cvid=376FDF468D4E4901BF2BC75DBCE2EE02&ghsh=0&ghacc=0&ghpl=","https://www.bing.com/search?q=nmap o nikto cual es mejor&qs=n&form=QBRE&=%25eAdministra tu historial de búsqueda%25E&sp=-1&ghc=1&lq=0&pq=nmap o nikto cual es mejor&sc=11-26&sk=&cvid=376FDF468D4E4901BF2BC75DBCE2EE02&ghsh=0&ghacc=0&ghpl=","Microsoft Edge",bing.com,Default,"001-003-LAptop-Pavana T3.E01"
History,"https://www.bing.com/ck/a?!&&p=5c9b38b485e66d47JmltdHM9MTcxMzY1NzYwMCZpZ3VpZD0xZGUwNzMxNC1lODk3LTY1OWYtMTYwNy02NzdjZTk3OTY0ZmEmaW5zaWQ9NTI1MA&ptn=3&ver=2&hsh=3&fclid=1de07314-e897-659f-1607-677ce97964fa&psq=nmap+o+nikto+cual+es+mejor&u=a1aHR0cHM6Ly93d3cuY2liZXJyaWVzZ29zLmNvbS9vcGVudmFzLXZzLW5tYXAv&ntb=1","2024-04-21 19:47:57 CST","https://www.bing.com/ck/a?!&&p=5c9b38b485e66d47JmltdHM9MTcxMzY1NzYwMCZpZ3VpZD0xZGUwNzMxNC1lODk3LTY1OWYtMTYwNy02NzdjZTk3OTY0ZmEmaW5zaWQ9NTI1MA&ptn=3&ver=2&hsh=3&fclid=1de07314-e897-659f-1607-677ce97964fa&psq=nmap+o+nikto+cual+es+mejor&u=a1aHR0cHM6Ly93d3cuY2liZXJyaWVzZ29zLmNvbS9vcGVudmFzLXZzLW5tYXAv&ntb=1",,"Microsoft Edge",bing.com,Default,"001-003-LAptop-Pavana T3.E01"
History,"https://www.bing.com/search?q=nmap%20o%20nikto%20cual%20es%20mejor&qs=n&form=QBRE&=%25eAdministra%20tu%20historial%20de%20b%C3%BAsqueda%25E&sp=-1&ghc=1&lq=0&pq=nmap%20o%20nikto%20cual%20es%20mejor&sc=11-26&sk=&cvid=376FDF468D4E4901BF2BC75DBCE2EE02&ghsh=0&ghacc=0&ghpl=","2024-04-22 00:20:43 CST","https://www.bing.com/search?q=nmap%20o%20nikto%20cual%20es%20mejor&qs=n&form=QBRE&=%25eAdministra%20tu%20historial%20de%20b%C3%BAsqueda%25E&sp=-1&ghc=1&lq=0&pq=nmap%20o%20nikto%20cual%20es%20mejor&sc=11-26&sk=&cvid=376FDF468D4E4901BF2BC75DBCE2EE02&ghsh=0&ghacc=0&ghpl=","https://www.bing.com/search?q=nmap o nikto cual es mejor&qs=n&form=QBRE&=%25eAdministra tu historial de búsqueda%25E&sp=-1&ghc=1&lq=0&pq=nmap o nikto cual es mejor&sc=11-26&sk=&cvid=376FDF468D4E4901BF2BC75DBCE2EE02&ghsh=0&ghacc=0&ghpl=","Microsoft Edge",bing.com,Default,"001-003-LAptop-Pavana T3.E01"
History,"https://www.ciberriesgos.com/openvas-vs-nmap/","2024-04-21 19:47:58 CST","https://www.ciberriesgos.com/openvas-vs-nmap/","OpenVAS Vs Nmap: ¿Cuál Es La Mejor Herramienta Para Escanear Vulnerabilidades? - Ciberriesgos Y Ciberseguros","Microsoft Edge",ciberriesgos.com,Default,"001-003-LAptop-Pavana T3.E01"
History,http://google.com/,"2024-04-22 11:59:12 CST",http://google.com/,Google,"Microsoft Edge",google.com,Default,"001-003-LAptop-Pavana T3.E01"
History,http://www.google.com/,"2024-04-22 11:59:12 CST",http://www.google.com/,Google,"Microsoft Edge",google.com,Default,"001-003-LAptop-Pavana T3.E01"
History,"https://www.google.com/?gws_rd=ssl","2024-04-21 19:51:31 CST","https://www.google.com/?gws_rd=ssl",Google,"Microsoft Edge",google.com,Default,"001-003-LAptop-Pavana T3.E01"
History,"https://www.google.com/?gws_rd=ssl","2024-04-21 19:51:31 CST","https://www.google.com/?gws_rd=ssl",Google,"Microsoft Edge",google.com,Default,"001-003-LAptop-Pavana T3.E01"
History,"https://www.google.com/search?q=zenmap&sca_esv=4f5a43ee2d168718&sca_upv=1&source=hp&ei=OMIlZp7sEp-8kPIP1OOi4AY&iflsig=ANes7DEAAAAAZiXQSO-UxH3QJXXSvJkcmiAmD6lUS0G7&ved=0ahUKEwie6L622tSFAxUfHkQIHdSxCGwQ4dUDCA0&uact=5&oq=zenmap&gs_lp=Egdnd3Mtd2l6IgZ6ZW5tYXAyBRAAGIAEMgoQABiABBixAxgKMgUQABiABDIHEAAYgAQYCjIFEAAYgAQyBxAAGIAEGAoyBxAAGIAEGAoyBxAAGIAEGAoyBxAAGIAEGAoyBxAAGIAEGApI0xlQrAdYzhJwAXgAkAEAmAG3AqAB6gWqAQc0LjEuMC4xuAEDyAEA-AEBmAIHoAKsBqgCCsICEBAAGAMY5QIY6gIYjAMYjwHCAhAQLhgDGOUCGOoCGIwDGI8BwgIOEC4YgAQYsQMY0QMYxwHCAhQQLhiABBixAxiDARjHARiOBRivAcICERAuGIAEGLEDGNEDGIMBGMcBwgIIEAAYgAQYsQPCAggQLhiABBixA8ICCxAuGIAEGMcBGK8BwgIFEC4YgATCAgsQLhiABBixAxiDAZgDEJIHBzQuMi4wLjGgB8FI&sclient=gws-wiz","2024-04-21 19:51:52 CST","https://www.google.com/search?q=zenmap&sca_esv=4f5a43ee2d168718&sca_upv=1&source=hp&ei=OMIlZp7sEp-8kPIP1OOi4AY&iflsig=ANes7DEAAAAAZiXQSO-UxH3QJXXSvJkcmiAmD6lUS0G7&ved=0ahUKEwie6L622tSFAxUfHkQIHdSxCGwQ4dUDCA0&uact=5&oq=zenmap&gs_lp=Egdnd3Mtd2l6IgZ6ZW5tYXAyBRAAGIAEMgoQABiABBixAxgKMgUQABiABDIHEAAYgAQYCjIFEAAYgAQyBxAAGIAEGAoyBxAAGIAEGAoyBxAAGIAEGAoyBxAAGIAEGAoyBxAAGIAEGApI0xlQrAdYzhJwAXgAkAEAmAG3AqAB6gWqAQc0LjEuMC4xuAEDyAEA-AEBmAIHoAKsBqgCCsICEBAAGAMY5QIY6gIYjAMYjwHCAhAQLhgDGOUCGOoCGIwDGI8BwgIOEC4YgAQYsQMY0QMYxwHCAhQQLhiABBixAxiDARjHARiOBRivAcICERAuGIAEGLEDGNEDGIMBGMcBwgIIEAAYgAQYsQPCAggQLhiABBixA8ICCxAuGIAEGMcBGK8BwgIFEC4YgATCAgsQLhiABBixAxiDAZgDEJIHBzQuMi4wLjGgB8FI&sclient=gws-wiz","zenmap - Buscar con Google","Microsoft Edge",google.com,Default,"001-003-LAptop-Pavana T3.E01"
History,"https://www.google.com/search?q=zenmap&sca_esv=4f5a43ee2d168718&sca_upv=1&source=hp&ei=OMIlZp7sEp-8kPIP1OOi4AY&iflsig=ANes7DEAAAAAZiXQSO-UxH3QJXXSvJkcmiAmD6lUS0G7&ved=0ahUKEwie6L622tSFAxUfHkQIHdSxCGwQ4dUDCA0&uact=5&oq=zenmap&gs_lp=Egdnd3Mtd2l6IgZ6ZW5tYXAyBRAAGIAEMgoQABiABBixAxgKMgUQABiABDIHEAAYgAQYCjIFEAAYgAQyBxAAGIAEGAoyBxAAGIAEGAoyBxAAGIAEGAoyBxAAGIAEGAoyBxAAGIAEGApI0xlQrAdYzhJwAXgAkAEAmAG3AqAB6gWqAQc0LjEuMC4xuAEDyAEA-AEBmAIHoAKsBqgCCsICEBAAGAMY5QIY6gIYjAMYjwHCAhAQLhgDGOUCGOoCGIwDGI8BwgIOEC4YgAQYsQMY0QMYxwHCAhQQLhiABBixAxiDARjHARiOBRivAcICERAuGIAEGLEDGNEDGIMBGMcBwgIIEAAYgAQYsQPCAggQLhiABBixA8ICCxAuGIAEGMcBGK8BwgIFEC4YgATCAgsQLhiABBixAxiDAZgDEJIHBzQuMi4wLjGgB8FI&sclient=gws-wiz","2024-04-21 19:51:52 CST","https://www.google.com/search?q=zenmap&sca_esv=4f5a43ee2d168718&sca_upv=1&source=hp&ei=OMIlZp7sEp-8kPIP1OOi4AY&iflsig=ANes7DEAAAAAZiXQSO-UxH3QJXXSvJkcmiAmD6lUS0G7&ved=0ahUKEwie6L622tSFAxUfHkQIHdSxCGwQ4dUDCA0&uact=5&oq=zenmap&gs_lp=Egdnd3Mtd2l6IgZ6ZW5tYXAyBRAAGIAEMgoQABiABBixAxgKMgUQABiABDIHEAAYgAQYCjIFEAAYgAQyBxAAGIAEGAoyBxAAGIAEGAoyBxAAGIAEGAoyBxAAGIAEGAoyBxAAGIAEGApI0xlQrAdYzhJwAXgAkAEAmAG3AqAB6gWqAQc0LjEuMC4xuAEDyAEA-AEBmAIHoAKsBqgCCsICEBAAGAMY5QIY6gIYjAMYjwHCAhAQLhgDGOUCGOoCGIwDGI8BwgIOEC4YgAQYsQMY0QMYxwHCAhQQLhiABBixAxiDARjHARiOBRivAcICERAuGIAEGLEDGNEDGIMBGMcBwgIIEAAYgAQYsQPCAggQLhiABBixA8ICCxAuGIAEGMcBGK8BwgIFEC4YgATCAgsQLhiABBixAxiDAZgDEJIHBzQuMi4wLjGgB8FI&sclient=gws-wiz","zenmap - Buscar con Google","Microsoft Edge",google.com,Default,"001-003-LAptop-Pavana T3.E01"
History,"https://www.google.com/url?sa=t&rct=j&q=&esrc=s&source=web&cd=&ved=2ahUKEwj85fvA2tSFAxWSKUQIHUxjB5cQFnoECAYQAQ&url=https%3A%2F%2Fnmap.org%2Fzenmap%2F&usg=AOvVaw0_AgqSgYvHOmYEMY4c4jAU&opi=89978449","2024-04-21 19:51:54 CST","https://www.google.com/url?sa=t&rct=j&q=&esrc=s&source=web&cd=&ved=2ahUKEwj85fvA2tSFAxWSKUQIHUxjB5cQFnoECAYQAQ&url=https%3A%2F%2Fnmap.org%2Fzenmap%2F&usg=AOvVaw0_AgqSgYvHOmYEMY4c4jAU&opi=89978449","Zenmap - Official cross-platform Nmap Security Scanner GUI","Microsoft Edge",google.com,Default,"001-003-LAptop-Pavana T3.E01"
History,https://nmap.org/zenmap/,"2024-04-21 19:51:55 CST",https://nmap.org/zenmap/,"Zenmap - Official cross-platform Nmap Security Scanner GUI","Microsoft Edge",nmap.org,Default,"001-003-LAptop-Pavana T3.E01"
History,"https://nmap.org/download.html","2024-04-21 19:52:10 CST","https://nmap.org/download.html","Download the Free Nmap Security Scanner for Linux/Mac/Windows","Microsoft Edge",nmap.org,Default,"001-003-LAptop-Pavana T3.E01"
History,"https://nmap.org/download.html#windows","2024-04-21 19:52:12 CST","https://nmap.org/download.html#windows","Download the Free Nmap Security Scanner for Linux/Mac/Windows","Microsoft Edge",nmap.org,Default,"001-003-LAptop-Pavana T3.E01"
History,"https://www.linuxteaching.com/article/how_to_use_nmap_to_scan_a_subnet#google_vignette","2024-04-21 19:55:46 CST","https://www.linuxteaching.com/article/how_to_use_nmap_to_scan_a_subnet#google_vignette","Cómo usar Nmap para escanear una subred | Linuxteaching","Microsoft Edge",linuxteaching.com,Default,"001-003-LAptop-Pavana T3.E01"
History,"https://www.bing.com/search?q=kali+vs+parrot&cvid=eeddab612f284618a70a484b8564c3db&aqs=edge..69i57j0l6.9210j0j1&pglt=43&FORM=ANNTA1&PC=U531","2024-04-22 00:20:42 CST","https://www.bing.com/search?q=kali+vs+parrot&cvid=eeddab612f284618a70a484b8564c3db&aqs=edge..69i57j0l6.9210j0j1&pglt=43&FORM=ANNTA1&PC=U531","https://www.bing.com/search?q=kali+vs+parrot&cvid=eeddab612f284618a70a484b8564c3db&aqs=edge..69i57j0l6.9210j0j1&pglt=43&FORM=ANNTA1&PC=U531","Microsoft Edge",bing.com,Default,"001-003-LAptop-Pavana T3.E01"
History,"https://www.bing.com/search?q=kali+vs+parrot&cvid=eeddab612f284618a70a484b8564c3db&aqs=edge..69i57j0l6.9210j0j1&pglt=43&FORM=ANNTA1&PC=U531","2024-04-22 00:20:42 CST","https://www.bing.com/search?q=kali+vs+parrot&cvid=eeddab612f284618a70a484b8564c3db&aqs=edge..69i57j0l6.9210j0j1&pglt=43&FORM=ANNTA1&PC=U531","https://www.bing.com/search?q=kali+vs+parrot&cvid=eeddab612f284618a70a484b8564c3db&aqs=edge..69i57j0l6.9210j0j1&pglt=43&FORM=ANNTA1&PC=U531","Microsoft Edge",bing.com,Default,"001-003-LAptop-Pavana T3.E01"
History,"https://www.bing.com/ck/a?!&&p=8f9f37ed5b13d153JmltdHM9MTcxMzY1NzYwMCZpZ3VpZD0xZGUwNzMxNC1lODk3LTY1OWYtMTYwNy02NzdjZTk3OTY0ZmEmaW5zaWQ9NTIzMQ&ptn=3&ver=2&hsh=3&fclid=1de07314-e897-659f-1607-677ce97964fa&psq=kali+vs+parrot&u=a1aHR0cHM6Ly9vcGVud2ViaW5hcnMubmV0L2Jsb2cva2FsaS12cy1wYXJyb3QtY3VhbC1lcy1tZWpvci1lbi1jaWJlcnNlZ3VyaWRhZC8&ntb=1","2024-04-21 19:56:14 CST","https://www.bing.com/ck/a?!&&p=8f9f37ed5b13d153JmltdHM9MTcxMzY1NzYwMCZpZ3VpZD0xZGUwNzMxNC1lODk3LTY1OWYtMTYwNy02NzdjZTk3OTY0ZmEmaW5zaWQ9NTIzMQ&ptn=3&ver=2&hsh=3&fclid=1de07314-e897-659f-1607-677ce97964fa&psq=kali+vs+parrot&u=a1aHR0cHM6Ly9vcGVud2ViaW5hcnMubmV0L2Jsb2cva2FsaS12cy1wYXJyb3QtY3VhbC1lcy1tZWpvci1lbi1jaWJlcnNlZ3VyaWRhZC8&ntb=1",,"Microsoft Edge",bing.com,Default,"001-003-LAptop-Pavana T3.E01"
History,"https://www.bing.com/search?q=kali+vs+parrot&cvid=eeddab612f284618a70a484b8564c3db&aqs=edge..69i57j0l6.9210j0j1&pglt=43&FORM=ANNTA1&PC=U531","2024-04-22 00:20:42 CST","https://www.bing.com/search?q=kali+vs+parrot&cvid=eeddab612f284618a70a484b8564c3db&aqs=edge..69i57j0l6.9210j0j1&pglt=43&FORM=ANNTA1&PC=U531","https://www.bing.com/search?q=kali+vs+parrot&cvid=eeddab612f284618a70a484b8564c3db&aqs=edge..69i57j0l6.9210j0j1&pglt=43&FORM=ANNTA1&PC=U531","Microsoft Edge",bing.com,Default,"001-003-LAptop-Pavana T3.E01"
History,"https://openwebinars.net/blog/kali-vs-parrot-cual-es-mejor-en-ciberseguridad/","2024-04-21 19:56:15 CST","https://openwebinars.net/blog/kali-vs-parrot-cual-es-mejor-en-ciberseguridad/","Kali vs Parrot, cuál es mejor en Ciberseguridad | OpenWebinars","Microsoft Edge",openwebinars.net,Default,"001-003-LAptop-Pavana T3.E01"
History,"https://www.bing.com/search?q=parrot+linux&cvid=77a36c04c3f4424ca7012186d7873b44&aqs=edge.3.69i57j0l5j69i60.3320j0j1&pglt=43&FORM=ANNTA1&PC=U531","2024-04-21 19:56:54 CST","https://www.bing.com/search?q=parrot+linux&cvid=77a36c04c3f4424ca7012186d7873b44&aqs=edge.3.69i57j0l5j69i60.3320j0j1&pglt=43&FORM=ANNTA1&PC=U531","https://www.bing.com/search?q=parrot+linux&cvid=77a36c04c3f4424ca7012186d7873b44&aqs=edge.3.69i57j0l5j69i60.3320j0j1&pglt=43&FORM=ANNTA1&PC=U531","Microsoft Edge",bing.com,Default,"001-003-LAptop-Pavana T3.E01"
History,"https://www.bing.com/search?q=parrot+linux&cvid=77a36c04c3f4424ca7012186d7873b44&aqs=edge.3.69i57j0l5j69i60.3320j0j1&pglt=43&FORM=ANNTA1&PC=U531","2024-04-21 19:56:54 CST","https://www.bing.com/search?q=parrot+linux&cvid=77a36c04c3f4424ca7012186d7873b44&aqs=edge.3.69i57j0l5j69i60.3320j0j1&pglt=43&FORM=ANNTA1&PC=U531","https://www.bing.com/search?q=parrot+linux&cvid=77a36c04c3f4424ca7012186d7873b44&aqs=edge.3.69i57j0l5j69i60.3320j0j1&pglt=43&FORM=ANNTA1&PC=U531","Microsoft Edge",bing.com,Default,"001-003-LAptop-Pavana T3.E01"
History,"https://www.bing.com/ck/a?!&&p=07290777aefb5b7aJmltdHM9MTcxMzY1NzYwMCZpZ3VpZD0xZGUwNzMxNC1lODk3LTY1OWYtMTYwNy02NzdjZTk3OTY0ZmEmaW5zaWQ9NTIxNg&ptn=3&ver=2&hsh=3&fclid=1de07314-e897-659f-1607-677ce97964fa&psq=parrot+linux&u=a1aHR0cHM6Ly93d3cucGFycm90c2VjLm9yZy8&ntb=1","2024-04-21 19:56:54 CST","https://www.bing.com/ck/a?!&&p=07290777aefb5b7aJmltdHM9MTcxMzY1NzYwMCZpZ3VpZD0xZGUwNzMxNC1lODk3LTY1OWYtMTYwNy02NzdjZTk3OTY0ZmEmaW5zaWQ9NTIxNg&ptn=3&ver=2&hsh=3&fclid=1de07314-e897-659f-1607-677ce97964fa&psq=parrot+linux&u=a1aHR0cHM6Ly93d3cucGFycm90c2VjLm9yZy8&ntb=1",,"Microsoft Edge",bing.com,Default,"001-003-LAptop-Pavana T3.E01"
History,"https://www.bing.com/search?q=parrot+linux&cvid=77a36c04c3f4424ca7012186d7873b44&aqs=edge.3.69i57j0l5j69i60.3320j0j1&pglt=43&FORM=ANNTA1&PC=U531","2024-04-21 19:56:54 CST","https://www.bing.com/search?q=parrot+linux&cvid=77a36c04c3f4424ca7012186d7873b44&aqs=edge.3.69i57j0l5j69i60.3320j0j1&pglt=43&FORM=ANNTA1&PC=U531","https://www.bing.com/search?q=parrot+linux&cvid=77a36c04c3f4424ca7012186d7873b44&aqs=edge.3.69i57j0l5j69i60.3320j0j1&pglt=43&FORM=ANNTA1&PC=U531","Microsoft Edge",bing.com,Default,"001-003-LAptop-Pavana T3.E01"
History,"https://www.parrotsec.org/","2024-04-21 19:56:55 CST","https://www.parrotsec.org/","Parrot Security","Microsoft Edge",parrotsec.org,Default,"001-003-LAptop-Pavana T3.E01"
History,"https://www.parrotsec.org/download/","2024-04-21 19:57:17 CST","https://www.parrotsec.org/download/","Parrot Security","Microsoft Edge",parrotsec.org,Default,"001-003-LAptop-Pavana T3.E01"
History,"https://www.bing.com/search?q=virtualbox&cvid=65226a3ce59245fe8d624775ace6fb36&aqs=edge..69i57j0l6.3105j0j1&pglt=43&FORM=ANNTA1&PC=U531","2024-04-22 00:20:39 CST","https://www.bing.com/search?q=virtualbox&cvid=65226a3ce59245fe8d624775ace6fb36&aqs=edge..69i57j0l6.3105j0j1&pglt=43&FORM=ANNTA1&PC=U531","virtualbox - Búsqueda","Microsoft Edge",bing.com,Default,"001-003-LAptop-Pavana T3.E01"
History,"https://www.bing.com/search?q=virtualbox&cvid=65226a3ce59245fe8d624775ace6fb36&aqs=edge..69i57j0l6.3105j0j1&pglt=43&FORM=ANNTA1&PC=U531","2024-04-22 00:20:39 CST","https://www.bing.com/search?q=virtualbox&cvid=65226a3ce59245fe8d624775ace6fb36&aqs=edge..69i57j0l6.3105j0j1&pglt=43&FORM=ANNTA1&PC=U531","virtualbox - Búsqueda","Microsoft Edge",bing.com,Default,"001-003-LAptop-Pavana T3.E01"
History,"https://www.bing.com/search?q=filezilla&cvid=4f1485ba3f2f44478e3d05290338cb0a&aqs=edge..69i57j0l6.4893j0j1&pglt=43&FORM=ANNTA1&PC=U531","2024-04-21 20:17:07 CST","https://www.bing.com/search?q=filezilla&cvid=4f1485ba3f2f44478e3d05290338cb0a&aqs=edge..69i57j0l6.4893j0j1&pglt=43&FORM=ANNTA1&PC=U531","filezilla - Búsqueda","Microsoft Edge",bing.com,Default,"001-003-LAptop-Pavana T3.E01"
History,"https://www.bing.com/search?q=filezilla&cvid=4f1485ba3f2f44478e3d05290338cb0a&aqs=edge..69i57j0l6.4893j0j1&pglt=43&FORM=ANNTA1&PC=U531","2024-04-21 20:17:07 CST","https://www.bing.com/search?q=filezilla&cvid=4f1485ba3f2f44478e3d05290338cb0a&aqs=edge..69i57j0l6.4893j0j1&pglt=43&FORM=ANNTA1&PC=U531","filezilla - Búsqueda","Microsoft Edge",bing.com,Default,"001-003-LAptop-Pavana T3.E01"
History,"https://www.bing.com/search?q=filezilla+descargar&filters=dtbk:%22MCFvdmVydmlldyFjZ192NV9kb3dubG9hZCEwNWViNDU4YS00YzhjLTlhMWEtNDZlZS0wNjBmZjI2MGU3MjI%3d%22&FORM=DEPNAV","2024-04-21 20:17:12 CST","https://www.bing.com/search?q=filezilla+descargar&filters=dtbk:%22MCFvdmVydmlldyFjZ192NV9kb3dubG9hZCEwNWViNDU4YS00YzhjLTlhMWEtNDZlZS0wNjBmZjI2MGU3MjI%3d%22&FORM=DEPNAV","https://www.bing.com/search?q=filezilla+descargar&filters=dtbk:""MCFvdmVydmlldyFjZ192NV9kb3dubG9hZCEwNWViNDU4YS00YzhjLTlhMWEtNDZlZS0wNjBmZjI2MGU3MjI%3d""&FORM=DEPNAV","Microsoft Edge",bing.com,Default,"001-003-LAptop-Pavana T3.E01"
History,"https://www.bing.com/search?q=filezilla+descargar&filters=dtbk:%22MCFvdmVydmlldyFjZ192NV9kb3dubG9hZCEwNWViNDU4YS00YzhjLTlhMWEtNDZlZS0wNjBmZjI2MGU3MjI%3d%22&FORM=DEPNAV","2024-04-21 20:17:12 CST","https://www.bing.com/search?q=filezilla+descargar&filters=dtbk:%22MCFvdmVydmlldyFjZ192NV9kb3dubG9hZCEwNWViNDU4YS00YzhjLTlhMWEtNDZlZS0wNjBmZjI2MGU3MjI%3d%22&FORM=DEPNAV","https://www.bing.com/search?q=filezilla+descargar&filters=dtbk:""MCFvdmVydmlldyFjZ192NV9kb3dubG9hZCEwNWViNDU4YS00YzhjLTlhMWEtNDZlZS0wNjBmZjI2MGU3MjI%3d""&FORM=DEPNAV","Microsoft Edge",bing.com,Default,"001-003-LAptop-Pavana T3.E01"
History,"https://www.bing.com/ck/a?!&&p=27c535a2b10c083fJmltdHM9MTcxMzY1NzYwMCZpZ3VpZD0xZGUwNzMxNC1lODk3LTY1OWYtMTYwNy02NzdjZTk3OTY0ZmEmaW5zaWQ9NTUyNQ&ptn=3&ver=2&hsh=3&fclid=1de07314-e897-659f-1607-677ce97964fa&psq=filezilla+descargar&u=a1aHR0cHM6Ly9maWxlemlsbGEtcHJvamVjdC5vcmcv&ntb=1","2024-04-21 20:17:12 CST","https://www.bing.com/ck/a?!&&p=27c535a2b10c083fJmltdHM9MTcxMzY1NzYwMCZpZ3VpZD0xZGUwNzMxNC1lODk3LTY1OWYtMTYwNy02NzdjZTk3OTY0ZmEmaW5zaWQ9NTUyNQ&ptn=3&ver=2&hsh=3&fclid=1de07314-e897-659f-1607-677ce97964fa&psq=filezilla+descargar&u=a1aHR0cHM6Ly9maWxlemlsbGEtcHJvamVjdC5vcmcv&ntb=1",,"Microsoft Edge",bing.com,Default,"001-003-LAptop-Pavana T3.E01"
History,"https://www.bing.com/search?q=filezilla+descargar&filters=dtbk:%22MCFvdmVydmlldyFjZ192NV9kb3dubG9hZCEwNWViNDU4YS00YzhjLTlhMWEtNDZlZS0wNjBmZjI2MGU3MjI%3d%22&FORM=DEPNAV","2024-04-21 20:17:12 CST","https://www.bing.com/search?q=filezilla+descargar&filters=dtbk:%22MCFvdmVydmlldyFjZ192NV9kb3dubG9hZCEwNWViNDU4YS00YzhjLTlhMWEtNDZlZS0wNjBmZjI2MGU3MjI%3d%22&FORM=DEPNAV","https://www.bing.com/search?q=filezilla+descargar&filters=dtbk:""MCFvdmVydmlldyFjZ192NV9kb3dubG9hZCEwNWViNDU4YS00YzhjLTlhMWEtNDZlZS0wNjBmZjI2MGU3MjI%3d""&FORM=DEPNAV","Microsoft Edge",bing.com,Default,"001-003-LAptop-Pavana T3.E01"
History,"https://filezilla-project.org/","2024-04-21 20:17:13 CST","https://filezilla-project.org/","FileZilla - The free FTP solution","Microsoft Edge",filezilla-project.org,Default,"001-003-LAptop-Pavana T3.E01"
History,"https://filezilla-project.org/download.php?type=client","2024-04-21 20:17:17 CST","https://filezilla-project.org/download.php?type=client","Download FileZilla Client for Windows (64bit x86)","Microsoft Edge",filezilla-project.org,Default,"001-003-LAptop-Pavana T3.E01"
History,"https://www.bing.com/search?q=7zip&cvid=0d7d4793f45a41f7a364c79723f382c9&aqs=edge..69i57j0l6.1822j0j1&pglt=43&FORM=ANNTA1&PC=U531","2024-04-21 20:17:38 CST","https://www.bing.com/search?q=7zip&cvid=0d7d4793f45a41f7a364c79723f382c9&aqs=edge..69i57j0l6.1822j0j1&pglt=43&FORM=ANNTA1&PC=U531","7zip - Búsqueda","Microsoft Edge",bing.com,Default,"001-003-LAptop-Pavana T3.E01"
History,"https://www.bing.com/ck/a?!&&p=3f51b5e5d0fb2b4eJmltdHM9MTcxMzY1NzYwMCZpZ3VpZD0xZGUwNzMxNC1lODk3LTY1OWYtMTYwNy02NzdjZTk3OTY0ZmEmaW5zaWQ9NTUyMg&ptn=3&ver=2&hsh=3&fclid=1de07314-e897-659f-1607-677ce97964fa&psq=7zip&u=a1aHR0cHM6Ly93d3cuNy16aXAub3JnL2Rvd25sb2FkLmh0bWw&ntb=1","2024-04-21 20:17:38 CST","https://www.bing.com/ck/a?!&&p=3f51b5e5d0fb2b4eJmltdHM9MTcxMzY1NzYwMCZpZ3VpZD0xZGUwNzMxNC1lODk3LTY1OWYtMTYwNy02NzdjZTk3OTY0ZmEmaW5zaWQ9NTUyMg&ptn=3&ver=2&hsh=3&fclid=1de07314-e897-659f-1607-677ce97964fa&psq=7zip&u=a1aHR0cHM6Ly93d3cuNy16aXAub3JnL2Rvd25sb2FkLmh0bWw&ntb=1",,"Microsoft Edge",bing.com,Default,"001-003-LAptop-Pavana T3.E01"
History,"https://www.bing.com/search?q=7zip&cvid=0d7d4793f45a41f7a364c79723f382c9&aqs=edge..69i57j0l6.1822j0j1&pglt=43&FORM=ANNTA1&PC=U531","2024-04-21 20:17:38 CST","https://www.bing.com/search?q=7zip&cvid=0d7d4793f45a41f7a364c79723f382c9&aqs=edge..69i57j0l6.1822j0j1&pglt=43&FORM=ANNTA1&PC=U531","7zip - Búsqueda","Microsoft Edge",bing.com,Default,"001-003-LAptop-Pavana T3.E01"
History,"https://www.bing.com/search?q=7zip&cvid=0d7d4793f45a41f7a364c79723f382c9&aqs=edge..69i57j0l6.1822j0j1&pglt=43&FORM=ANNTA1&PC=U531","2024-04-21 20:17:38 CST","https://www.bing.com/search?q=7zip&cvid=0d7d4793f45a41f7a364c79723f382c9&aqs=edge..69i57j0l6.1822j0j1&pglt=43&FORM=ANNTA1&PC=U531","7zip - Búsqueda","Microsoft Edge",bing.com,Default,"001-003-LAptop-Pavana T3.E01"
History,"https://www.7-zip.org/download.html","2024-04-21 20:17:39 CST","https://www.7-zip.org/download.html",Download,"Microsoft Edge",7-zip.org,Default,"001-003-LAptop-Pavana T3.E01"
History,"https://www.bing.com/search?q=parrot+linux&cvid=77a36c04c3f4424ca7012186d7873b44&aqs=edge.3.69i57j0l5j69i60.3320j0j1&pglt=43&FORM=ANNTA1&PC=U531&ntref=1","2024-04-22 00:20:40 CST","https://www.bing.com/search?q=parrot+linux&cvid=77a36c04c3f4424ca7012186d7873b44&aqs=edge.3.69i57j0l5j69i60.3320j0j1&pglt=43&FORM=ANNTA1&PC=U531&ntref=1","parrot linux - Búsqueda","Microsoft Edge",bing.com,Default,"001-003-LAptop-Pavana T3.E01"
History,"https://www.bing.com/search?q=manual+parrot+os+llinux&cvid=a0bbb56c40e44ec6826419b87d30d2d5&aqs=edge..69i57j0l6.8089j0j1&pglt=43&FORM=ANNTA1&PC=U531","2024-04-22 00:20:36 CST","https://www.bing.com/search?q=manual+parrot+os+llinux&cvid=a0bbb56c40e44ec6826419b87d30d2d5&aqs=edge..69i57j0l6.8089j0j1&pglt=43&FORM=ANNTA1&PC=U531","https://www.bing.com/search?q=manual+parrot+os+llinux&cvid=a0bbb56c40e44ec6826419b87d30d2d5&aqs=edge..69i57j0l6.8089j0j1&pglt=43&FORM=ANNTA1&PC=U531","Microsoft Edge",bing.com,Default,"001-003-LAptop-Pavana T3.E01"
History,"https://www.bing.com/search?q=manual+parrot+os+llinux&cvid=a0bbb56c40e44ec6826419b87d30d2d5&aqs=edge..69i57j0l6.8089j0j1&pglt=43&FORM=ANNTA1&PC=U531","2024-04-22 00:20:36 CST","https://www.bing.com/search?q=manual+parrot+os+llinux&cvid=a0bbb56c40e44ec6826419b87d30d2d5&aqs=edge..69i57j0l6.8089j0j1&pglt=43&FORM=ANNTA1&PC=U531","https://www.bing.com/search?q=manual+parrot+os+llinux&cvid=a0bbb56c40e44ec6826419b87d30d2d5&aqs=edge..69i57j0l6.8089j0j1&pglt=43&FORM=ANNTA1&PC=U531","Microsoft Edge",bing.com,Default,"001-003-LAptop-Pavana T3.E01"
History,"https://www.bing.com/ck/a?!&&p=76a0703b771e6898JmltdHM9MTcxMzY1NzYwMCZpZ3VpZD0xZGUwNzMxNC1lODk3LTY1OWYtMTYwNy02NzdjZTk3OTY0ZmEmaW5zaWQ9NTI3Nw&ptn=3&ver=2&hsh=3&fclid=1de07314-e897-659f-1607-677ce97964fa&psq=manual+parrot+os+llinux&u=a1aHR0cHM6Ly9naXRodWIuY29tL2pvc2VnYXRpY2EvcGFycm90LWRvY3UtZXMvYmxvYi9tYXN0ZXIvU2hlbGwlMjB5JTIwY29tYW5kb3MlMjBiJUMzJUExc2ljb3MubWQ&ntb=1","2024-04-21 20:18:58 CST","https://www.bing.com/ck/a?!&&p=76a0703b771e6898JmltdHM9MTcxMzY1NzYwMCZpZ3VpZD0xZGUwNzMxNC1lODk3LTY1OWYtMTYwNy02NzdjZTk3OTY0ZmEmaW5zaWQ9NTI3Nw&ptn=3&ver=2&hsh=3&fclid=1de07314-e897-659f-1607-677ce97964fa&psq=manual+parrot+os+llinux&u=a1aHR0cHM6Ly9naXRodWIuY29tL2pvc2VnYXRpY2EvcGFycm90LWRvY3UtZXMvYmxvYi9tYXN0ZXIvU2hlbGwlMjB5JTIwY29tYW5kb3MlMjBiJUMzJUExc2ljb3MubWQ&ntb=1",,"Microsoft Edge",bing.com,Default,"001-003-LAptop-Pavana T3.E01"
History,"https://www.bing.com/search?q=manual+parrot+os+llinux&cvid=a0bbb56c40e44ec6826419b87d30d2d5&aqs=edge..69i57j0l6.8089j0j1&pglt=43&FORM=ANNTA1&PC=U531","2024-04-22 00:20:36 CST","https://www.bing.com/search?q=manual+parrot+os+llinux&cvid=a0bbb56c40e44ec6826419b87d30d2d5&aqs=edge..69i57j0l6.8089j0j1&pglt=43&FORM=ANNTA1&PC=U531","https://www.bing.com/search?q=manual+parrot+os+llinux&cvid=a0bbb56c40e44ec6826419b87d30d2d5&aqs=edge..69i57j0l6.8089j0j1&pglt=43&FORM=ANNTA1&PC=U531","Microsoft Edge",bing.com,Default,"001-003-LAptop-Pavana T3.E01"
History,"https://github.com/josegatica/parrot-docu-es/blob/master/Shell%20y%20comandos%20b%C3%A1sicos.md","2024-04-21 20:18:59 CST","https://github.com/josegatica/parrot-docu-es/blob/master/Shell%20y%20comandos%20b%C3%A1sicos.md","parrot-docu-es/Shell y comandos básicos.md at master · josegatica/parrot-docu-es · GitHub","Microsoft Edge",github.com,Default,"001-003-LAptop-Pavana T3.E01"
History,"https://www.bing.com/search?q=shodan&cvid=28fa210df29e4fb0ad4b3acacfdf5cb9&aqs=edge..69i57.2201j0j1&pglt=43&FORM=ANNTA1&PC=U531","2024-04-22 00:20:33 CST","https://www.bing.com/search?q=shodan&cvid=28fa210df29e4fb0ad4b3acacfdf5cb9&aqs=edge..69i57.2201j0j1&pglt=43&FORM=ANNTA1&PC=U531","https://www.bing.com/search?q=shodan&cvid=28fa210df29e4fb0ad4b3acacfdf5cb9&aqs=edge..69i57.2201j0j1&pglt=43&FORM=ANNTA1&PC=U531","Microsoft Edge",bing.com,Default,"001-003-LAptop-Pavana T3.E01"
History,"https://www.bing.com/search?q=shodan&cvid=28fa210df29e4fb0ad4b3acacfdf5cb9&aqs=edge..69i57.2201j0j1&pglt=43&FORM=ANNTA1&PC=U531","2024-04-22 00:20:33 CST","https://www.bing.com/search?q=shodan&cvid=28fa210df29e4fb0ad4b3acacfdf5cb9&aqs=edge..69i57.2201j0j1&pglt=43&FORM=ANNTA1&PC=U531","https://www.bing.com/search?q=shodan&cvid=28fa210df29e4fb0ad4b3acacfdf5cb9&aqs=edge..69i57.2201j0j1&pglt=43&FORM=ANNTA1&PC=U531","Microsoft Edge",bing.com,Default,"001-003-LAptop-Pavana T3.E01"
History,"https://www.bing.com/ck/a?!&&p=c6f53b024341c382JmltdHM9MTcxMzY1NzYwMCZpZ3VpZD0xZGUwNzMxNC1lODk3LTY1OWYtMTYwNy02NzdjZTk3OTY0ZmEmaW5zaWQ9NTIyMQ&ptn=3&ver=2&hsh=3&fclid=1de07314-e897-659f-1607-677ce97964fa&psq=shodan&u=a1aHR0cHM6Ly93d3cuc2hvZGFuLmlvLw&ntb=1","2024-04-21 20:19:16 CST","https://www.bing.com/ck/a?!&&p=c6f53b024341c382JmltdHM9MTcxMzY1NzYwMCZpZ3VpZD0xZGUwNzMxNC1lODk3LTY1OWYtMTYwNy02NzdjZTk3OTY0ZmEmaW5zaWQ9NTIyMQ&ptn=3&ver=2&hsh=3&fclid=1de07314-e897-659f-1607-677ce97964fa&psq=shodan&u=a1aHR0cHM6Ly93d3cuc2hvZGFuLmlvLw&ntb=1",,"Microsoft Edge",bing.com,Default,"001-003-LAptop-Pavana T3.E01"
History,"https://www.bing.com/search?q=shodan&cvid=28fa210df29e4fb0ad4b3acacfdf5cb9&aqs=edge..69i57.2201j0j1&pglt=43&FORM=ANNTA1&PC=U531","2024-04-22 00:20:33 CST","https://www.bing.com/search?q=shodan&cvid=28fa210df29e4fb0ad4b3acacfdf5cb9&aqs=edge..69i57.2201j0j1&pglt=43&FORM=ANNTA1&PC=U531","https://www.bing.com/search?q=shodan&cvid=28fa210df29e4fb0ad4b3acacfdf5cb9&aqs=edge..69i57.2201j0j1&pglt=43&FORM=ANNTA1&PC=U531","Microsoft Edge",bing.com,Default,"001-003-LAptop-Pavana T3.E01"
History,https://www.shodan.io/,"2024-04-21 20:19:17 CST",https://www.shodan.io/,"Shodan Search Engine","Microsoft Edge",shodan.io,Default,"001-003-LAptop-Pavana T3.E01"
History,"https://www.shodan.io/search?query=IP%3A187.189.8.57","2024-04-21 20:19:36 CST","https://www.shodan.io/search?query=IP%3A187.189.8.57","Shodan Search Engine","Microsoft Edge",shodan.io,Default,"001-003-LAptop-Pavana T3.E01"
History,"https://www.shodan.io/host/187.189.8.57","2024-04-21 20:19:59 CST","https://www.shodan.io/host/187.189.8.57",187.189.8.57,"Microsoft Edge",shodan.io,Default,"001-003-LAptop-Pavana T3.E01"
History,http://187.189.8.57/,"2024-04-21 20:22:22 CST",http://187.189.8.57/,"Tenda | INICIO DE SESIÓN","Microsoft Edge",187.189.8.57,Default,"001-003-LAptop-Pavana T3.E01"
History,"http://187.189.8.57/login.html","2024-04-21 20:22:22 CST","http://187.189.8.57/login.html","Tenda | INICIO DE SESIÓN","Microsoft Edge",187.189.8.57,Default,"001-003-LAptop-Pavana T3.E01"
History,http://google.com/,"2024-04-22 11:59:12 CST",http://google.com/,Google,"Microsoft Edge",google.com,Default,"001-003-LAptop-Pavana T3.E01"
History,http://www.google.com/,"2024-04-22 11:59:12 CST",http://www.google.com/,Google,"Microsoft Edge",google.com,Default,"001-003-LAptop-Pavana T3.E01"
History,https://www.google.com/,"2024-04-22 11:59:13 CST",https://www.google.com/,Google,"Microsoft Edge",google.com,Default,"001-003-LAptop-Pavana T3.E01"
History,https://www.google.com/,"2024-04-22 11:59:13 CST",https://www.google.com/,Google,"Microsoft Edge",google.com,Default,"001-003-LAptop-Pavana T3.E01"
History,"https://www.google.com/search?q=inurl%3Alogin.html+tenda&sca_esv=4f5a43ee2d168718&sca_upv=1&source=hp&ei=ncklZqmkKKfJkPIPv5SCkAw&iflsig=ANes7DEAAAAAZiXXrWFzeuGTnEa4mRkOiHf5d-MG6pfQ&ved=0ahUKEwjp5qe94dSFAxWnJEQIHT-KAMIQ4dUDCA0&uact=5&oq=inurl%3Alogin.html+tenda&gs_lp=Egdnd3Mtd2l6IhZpbnVybDpsb2dpbi5odG1sIHRlbmRhSPvfAVAAWPLaAXACeACQAQGYAYwDoAHiEKoBCDExLjQuMS4xuAEDyAEA-AEB-AECmAILoAKSCagCCsICCBAAGIAEGLEDwgILEC4YgAQYsQMYgwHCAhEQLhiABBixAxjRAxiDARjHAcICCxAAGIAEGLEDGIMBwgIOEAAYgAQYsQMYgwEYigXCAgUQABiABMICEBAAGAMY5QIY6gIYjAMYjwHCAhAQLhgDGOUCGOoCGIwDGI8BwgIOEC4YgAQYsQMY0QMYxwHCAhQQLhiABBixAxjRAxiDARjHARiKBcICDhAuGIAEGLEDGIMBGIoFwgILEAAYgAQYsQMYigXCAggQABiABBiSA8ICCxAAGIAEGJIDGIoFwgILEC4YgAQYsQMY1ALCAgsQABiABBixAxjJA8ICEBAuGIAEGLEDGNEDGMcBGArCAhAQLhiABBixAxjHARgKGK8BwgIFEC4YgATCAgoQABiABBixAxgKwgIHEAAYgAQYCpgDCJIHBTcuMy4xoAe7Yg&sclient=gws-wiz","2024-04-21 20:25:54 CST","https://www.google.com/search?q=inurl%3Alogin.html+tenda&sca_esv=4f5a43ee2d168718&sca_upv=1&source=hp&ei=ncklZqmkKKfJkPIPv5SCkAw&iflsig=ANes7DEAAAAAZiXXrWFzeuGTnEa4mRkOiHf5d-MG6pfQ&ved=0ahUKEwjp5qe94dSFAxWnJEQIHT-KAMIQ4dUDCA0&uact=5&oq=inurl%3Alogin.html+tenda&gs_lp=Egdnd3Mtd2l6IhZpbnVybDpsb2dpbi5odG1sIHRlbmRhSPvfAVAAWPLaAXACeACQAQGYAYwDoAHiEKoBCDExLjQuMS4xuAEDyAEA-AEB-AECmAILoAKSCagCCsICCBAAGIAEGLEDwgILEC4YgAQYsQMYgwHCAhEQLhiABBixAxjRAxiDARjHAcICCxAAGIAEGLEDGIMBwgIOEAAYgAQYsQMYgwEYigXCAgUQABiABMICEBAAGAMY5QIY6gIYjAMYjwHCAhAQLhgDGOUCGOoCGIwDGI8BwgIOEC4YgAQYsQMY0QMYxwHCAhQQLhiABBixAxjRAxiDARjHARiKBcICDhAuGIAEGLEDGIMBGIoFwgILEAAYgAQYsQMYigXCAggQABiABBiSA8ICCxAAGIAEGJIDGIoFwgILEC4YgAQYsQMY1ALCAgsQABiABBixAxjJA8ICEBAuGIAEGLEDGNEDGMcBGArCAhAQLhiABBixAxjHARgKGK8BwgIFEC4YgATCAgoQABiABBixAxgKwgIHEAAYgAQYCpgDCJIHBTcuMy4xoAe7Yg&sclient=gws-wiz","inurl:login.html tenda - Buscar con Google","Microsoft Edge",google.com,Default,"001-003-LAptop-Pavana T3.E01"
History,"https://www.google.com/search?q=inurl%3Alogin.html+tenda&sca_esv=4f5a43ee2d168718&sca_upv=1&source=hp&ei=ncklZqmkKKfJkPIPv5SCkAw&iflsig=ANes7DEAAAAAZiXXrWFzeuGTnEa4mRkOiHf5d-MG6pfQ&ved=0ahUKEwjp5qe94dSFAxWnJEQIHT-KAMIQ4dUDCA0&uact=5&oq=inurl%3Alogin.html+tenda&gs_lp=Egdnd3Mtd2l6IhZpbnVybDpsb2dpbi5odG1sIHRlbmRhSPvfAVAAWPLaAXACeACQAQGYAYwDoAHiEKoBCDExLjQuMS4xuAEDyAEA-AEB-AECmAILoAKSCagCCsICCBAAGIAEGLEDwgILEC4YgAQYsQMYgwHCAhEQLhiABBixAxjRAxiDARjHAcICCxAAGIAEGLEDGIMBwgIOEAAYgAQYsQMYgwEYigXCAgUQABiABMICEBAAGAMY5QIY6gIYjAMYjwHCAhAQLhgDGOUCGOoCGIwDGI8BwgIOEC4YgAQYsQMY0QMYxwHCAhQQLhiABBixAxjRAxiDARjHARiKBcICDhAuGIAEGLEDGIMBGIoFwgILEAAYgAQYsQMYigXCAggQABiABBiSA8ICCxAAGIAEGJIDGIoFwgILEC4YgAQYsQMY1ALCAgsQABiABBixAxjJA8ICEBAuGIAEGLEDGNEDGMcBGArCAhAQLhiABBixAxjHARgKGK8BwgIFEC4YgATCAgoQABiABBixAxgKwgIHEAAYgAQYCpgDCJIHBTcuMy4xoAe7Yg&sclient=gws-wiz","2024-04-21 20:25:54 CST","https://www.google.com/search?q=inurl%3Alogin.html+tenda&sca_esv=4f5a43ee2d168718&sca_upv=1&source=hp&ei=ncklZqmkKKfJkPIPv5SCkAw&iflsig=ANes7DEAAAAAZiXXrWFzeuGTnEa4mRkOiHf5d-MG6pfQ&ved=0ahUKEwjp5qe94dSFAxWnJEQIHT-KAMIQ4dUDCA0&uact=5&oq=inurl%3Alogin.html+tenda&gs_lp=Egdnd3Mtd2l6IhZpbnVybDpsb2dpbi5odG1sIHRlbmRhSPvfAVAAWPLaAXACeACQAQGYAYwDoAHiEKoBCDExLjQuMS4xuAEDyAEA-AEB-AECmAILoAKSCagCCsICCBAAGIAEGLEDwgILEC4YgAQYsQMYgwHCAhEQLhiABBixAxjRAxiDARjHAcICCxAAGIAEGLEDGIMBwgIOEAAYgAQYsQMYgwEYigXCAgUQABiABMICEBAAGAMY5QIY6gIYjAMYjwHCAhAQLhgDGOUCGOoCGIwDGI8BwgIOEC4YgAQYsQMY0QMYxwHCAhQQLhiABBixAxjRAxiDARjHARiKBcICDhAuGIAEGLEDGIMBGIoFwgILEAAYgAQYsQMYigXCAggQABiABBiSA8ICCxAAGIAEGJIDGIoFwgILEC4YgAQYsQMY1ALCAgsQABiABBixAxjJA8ICEBAuGIAEGLEDGNEDGMcBGArCAhAQLhiABBixAxjHARgKGK8BwgIFEC4YgATCAgoQABiABBixAxgKwgIHEAAYgAQYCpgDCJIHBTcuMy4xoAe7Yg&sclient=gws-wiz","inurl:login.html tenda - Buscar con Google","Microsoft Edge",google.com,Default,"001-003-LAptop-Pavana T3.E01"
History,"https://www.google.com/url?sa=t&rct=j&q=&esrc=s&source=web&cd=&ved=2ahUKEwi_66PM4dSFAxXcIEQIHUIjD6QQFnoECBUQAQ&url=http%3A%2F%2F103.170.127.56%2Flogin.html&usg=AOvVaw34xMJT_-_BQAbDwu5XTv_q&opi=89978449","2024-04-21 20:23:40 CST","https://www.google.com/url?sa=t&rct=j&q=&esrc=s&source=web&cd=&ved=2ahUKEwi_66PM4dSFAxXcIEQIHUIjD6QQFnoECBUQAQ&url=http%3A%2F%2F103.170.127.56%2Flogin.html&usg=AOvVaw34xMJT_-_BQAbDwu5XTv_q&opi=89978449","Tenda | INGRESAR","Microsoft Edge",google.com,Default,"001-003-LAptop-Pavana T3.E01"
History,"http://103.170.127.56/login.html","2024-04-21 20:24:31 CST","http://103.170.127.56/login.html","Tenda | INGRESAR","Microsoft Edge",103.170.127.56,Default,"001-003-LAptop-Pavana T3.E01"
History,"http://103.170.127.56/login/Auth","2024-04-21 20:24:14 CST","http://103.170.127.56/login/Auth","Tenda | INGRESAR","Microsoft Edge",103.170.127.56,Default,"001-003-LAptop-Pavana T3.E01"
History,"http://103.170.127.56/login.html?1","2024-04-21 20:24:27 CST","http://103.170.127.56/login.html?1","Tenda | INGRESAR","Microsoft Edge",103.170.127.56,Default,"001-003-LAptop-Pavana T3.E01"
History,"http://103.170.127.56/login.html?1","2024-04-21 20:24:27 CST","http://103.170.127.56/login.html?1","Tenda | INGRESAR","Microsoft Edge",103.170.127.56,Default,"001-003-LAptop-Pavana T3.E01"
History,"http://103.170.127.56/login.html?1","2024-04-21 20:24:27 CST","http://103.170.127.56/login.html?1","Tenda | INGRESAR","Microsoft Edge",103.170.127.56,Default,"001-003-LAptop-Pavana T3.E01"
History,"http://103.170.127.56/login.html","2024-04-21 20:24:31 CST","http://103.170.127.56/login.html","Tenda | INGRESAR","Microsoft Edge",103.170.127.56,Default,"001-003-LAptop-Pavana T3.E01"
History,"https://www.google.com/search?q=inurl%3Alogin.html+tenda&sca_esv=4f5a43ee2d168718&sca_upv=1&source=hp&ei=ncklZqmkKKfJkPIPv5SCkAw&iflsig=ANes7DEAAAAAZiXXrWFzeuGTnEa4mRkOiHf5d-MG6pfQ&ved=0ahUKEwjp5qe94dSFAxWnJEQIHT-KAMIQ4dUDCA0&uact=5&oq=inurl%3Alogin.html+tenda&gs_lp=Egdnd3Mtd2l6IhZpbnVybDpsb2dpbi5odG1sIHRlbmRhSPvfAVAAWPLaAXACeACQAQGYAYwDoAHiEKoBCDExLjQuMS4xuAEDyAEA-AEB-AECmAILoAKSCagCCsICCBAAGIAEGLEDwgILEC4YgAQYsQMYgwHCAhEQLhiABBixAxjRAxiDARjHAcICCxAAGIAEGLEDGIMBwgIOEAAYgAQYsQMYgwEYigXCAgUQABiABMICEBAAGAMY5QIY6gIYjAMYjwHCAhAQLhgDGOUCGOoCGIwDGI8BwgIOEC4YgAQYsQMY0QMYxwHCAhQQLhiABBixAxjRAxiDARjHARiKBcICDhAuGIAEGLEDGIMBGIoFwgILEAAYgAQYsQMYigXCAggQABiABBiSA8ICCxAAGIAEGJIDGIoFwgILEC4YgAQYsQMY1ALCAgsQABiABBixAxjJA8ICEBAuGIAEGLEDGNEDGMcBGArCAhAQLhiABBixAxjHARgKGK8BwgIFEC4YgATCAgoQABiABBixAxgKwgIHEAAYgAQYCpgDCJIHBTcuMy4xoAe7Yg&sclient=gws-wiz","2024-04-21 20:25:54 CST","https://www.google.com/search?q=inurl%3Alogin.html+tenda&sca_esv=4f5a43ee2d168718&sca_upv=1&source=hp&ei=ncklZqmkKKfJkPIPv5SCkAw&iflsig=ANes7DEAAAAAZiXXrWFzeuGTnEa4mRkOiHf5d-MG6pfQ&ved=0ahUKEwjp5qe94dSFAxWnJEQIHT-KAMIQ4dUDCA0&uact=5&oq=inurl%3Alogin.html+tenda&gs_lp=Egdnd3Mtd2l6IhZpbnVybDpsb2dpbi5odG1sIHRlbmRhSPvfAVAAWPLaAXACeACQAQGYAYwDoAHiEKoBCDExLjQuMS4xuAEDyAEA-AEB-AECmAILoAKSCagCCsICCBAAGIAEGLEDwgILEC4YgAQYsQMYgwHCAhEQLhiABBixAxjRAxiDARjHAcICCxAAGIAEGLEDGIMBwgIOEAAYgAQYsQMYgwEYigXCAgUQABiABMICEBAAGAMY5QIY6gIYjAMYjwHCAhAQLhgDGOUCGOoCGIwDGI8BwgIOEC4YgAQYsQMY0QMYxwHCAhQQLhiABBixAxjRAxiDARjHARiKBcICDhAuGIAEGLEDGIMBGIoFwgILEAAYgAQYsQMYigXCAggQABiABBiSA8ICCxAAGIAEGJIDGIoFwgILEC4YgAQYsQMY1ALCAgsQABiABBixAxjJA8ICEBAuGIAEGLEDGNEDGMcBGArCAhAQLhiABBixAxjHARgKGK8BwgIFEC4YgATCAgoQABiABBixAxgKwgIHEAAYgAQYCpgDCJIHBTcuMy4xoAe7Yg&sclient=gws-wiz","inurl:login.html tenda - Buscar con Google","Microsoft Edge",google.com,Default,"001-003-LAptop-Pavana T3.E01"
History,"https://www.google.com/url?sa=t&rct=j&q=&esrc=s&source=web&cd=&ved=2ahUKEwi_66PM4dSFAxXcIEQIHUIjD6QQFnoECBEQAQ&url=http%3A%2F%2F2.134.48.168%2Flogin.html&usg=AOvVaw19JHvH--mmpipbu7fS0BVW&opi=89978449","2024-04-21 20:24:38 CST","https://www.google.com/url?sa=t&rct=j&q=&esrc=s&source=web&cd=&ved=2ahUKEwi_66PM4dSFAxXcIEQIHUIjD6QQFnoECBEQAQ&url=http%3A%2F%2F2.134.48.168%2Flogin.html&usg=AOvVaw19JHvH--mmpipbu7fS0BVW&opi=89978449",,"Microsoft Edge",google.com,Default,"001-003-LAptop-Pavana T3.E01"
History,"https://www.google.com/search?q=inurl%3Alogin.html+tenda&sca_esv=4f5a43ee2d168718&sca_upv=1&source=hp&ei=ncklZqmkKKfJkPIPv5SCkAw&iflsig=ANes7DEAAAAAZiXXrWFzeuGTnEa4mRkOiHf5d-MG6pfQ&ved=0ahUKEwjp5qe94dSFAxWnJEQIHT-KAMIQ4dUDCA0&uact=5&oq=inurl%3Alogin.html+tenda&gs_lp=Egdnd3Mtd2l6IhZpbnVybDpsb2dpbi5odG1sIHRlbmRhSPvfAVAAWPLaAXACeACQAQGYAYwDoAHiEKoBCDExLjQuMS4xuAEDyAEA-AEB-AECmAILoAKSCagCCsICCBAAGIAEGLEDwgILEC4YgAQYsQMYgwHCAhEQLhiABBixAxjRAxiDARjHAcICCxAAGIAEGLEDGIMBwgIOEAAYgAQYsQMYgwEYigXCAgUQABiABMICEBAAGAMY5QIY6gIYjAMYjwHCAhAQLhgDGOUCGOoCGIwDGI8BwgIOEC4YgAQYsQMY0QMYxwHCAhQQLhiABBixAxjRAxiDARjHARiKBcICDhAuGIAEGLEDGIMBGIoFwgILEAAYgAQYsQMYigXCAggQABiABBiSA8ICCxAAGIAEGJIDGIoFwgILEC4YgAQYsQMY1ALCAgsQABiABBixAxjJA8ICEBAuGIAEGLEDGNEDGMcBGArCAhAQLhiABBixAxjHARgKGK8BwgIFEC4YgATCAgoQABiABBixAxgKwgIHEAAYgAQYCpgDCJIHBTcuMy4xoAe7Yg&sclient=gws-wiz","2024-04-21 20:25:54 CST","https://www.google.com/search?q=inurl%3Alogin.html+tenda&sca_esv=4f5a43ee2d168718&sca_upv=1&source=hp&ei=ncklZqmkKKfJkPIPv5SCkAw&iflsig=ANes7DEAAAAAZiXXrWFzeuGTnEa4mRkOiHf5d-MG6pfQ&ved=0ahUKEwjp5qe94dSFAxWnJEQIHT-KAMIQ4dUDCA0&uact=5&oq=inurl%3Alogin.html+tenda&gs_lp=Egdnd3Mtd2l6IhZpbnVybDpsb2dpbi5odG1sIHRlbmRhSPvfAVAAWPLaAXACeACQAQGYAYwDoAHiEKoBCDExLjQuMS4xuAEDyAEA-AEB-AECmAILoAKSCagCCsICCBAAGIAEGLEDwgILEC4YgAQYsQMYgwHCAhEQLhiABBixAxjRAxiDARjHAcICCxAAGIAEGLEDGIMBwgIOEAAYgAQYsQMYgwEYigXCAgUQABiABMICEBAAGAMY5QIY6gIYjAMYjwHCAhAQLhgDGOUCGOoCGIwDGI8BwgIOEC4YgAQYsQMY0QMYxwHCAhQQLhiABBixAxjRAxiDARjHARiKBcICDhAuGIAEGLEDGIMBGIoFwgILEAAYgAQYsQMYigXCAggQABiABBiSA8ICCxAAGIAEGJIDGIoFwgILEC4YgAQYsQMY1ALCAgsQABiABBixAxjJA8ICEBAuGIAEGLEDGNEDGMcBGArCAhAQLhiABBixAxjHARgKGK8BwgIFEC4YgATCAgoQABiABBixAxgKwgIHEAAYgAQYCpgDCJIHBTcuMy4xoAe7Yg&sclient=gws-wiz","inurl:login.html tenda - Buscar con Google","Microsoft Edge",google.com,Default,"001-003-LAptop-Pavana T3.E01"
History,"https://www.google.com/url?sa=t&rct=j&q=&esrc=s&source=web&cd=&ved=2ahUKEwi_66PM4dSFAxXcIEQIHUIjD6QQFnoECBAQAQ&url=https%3A%2F%2Fmytour.vn%2Fen%2Fblog%2Fbai-viet%2Fdiscovering-admin-and-password-for-tp-link-and-tenda-modem-login.html&usg=AOvVaw1q_yuapwgMPzgwKBeM6jmu&opi=89978449","2024-04-21 20:25:13 CST","https://www.google.com/url?sa=t&rct=j&q=&esrc=s&source=web&cd=&ved=2ahUKEwi_66PM4dSFAxXcIEQIHUIjD6QQFnoECBAQAQ&url=https%3A%2F%2Fmytour.vn%2Fen%2Fblog%2Fbai-viet%2Fdiscovering-admin-and-password-for-tp-link-and-tenda-modem-login.html&usg=AOvVaw1q_yuapwgMPzgwKBeM6jmu&opi=89978449","How to log in with Admin and Password on TP-Link and Tenda modems?","Microsoft Edge",google.com,Default,"001-003-LAptop-Pavana T3.E01"
History,"https://mytour.vn/en/blog/bai-viet/discovering-admin-and-password-for-tp-link-and-tenda-modem-login.html","2024-04-21 20:25:16 CST","https://mytour.vn/en/blog/bai-viet/discovering-admin-and-password-for-tp-link-and-tenda-modem-login.html","How to log in with Admin and Password on TP-Link and Tenda modems?","Microsoft Edge",mytour.vn,Default,"001-003-LAptop-Pavana T3.E01"
History,"https://www.google.com/search?q=inurl%3Alogin.html+tenda&sca_esv=4f5a43ee2d168718&sca_upv=1&source=hp&ei=ncklZqmkKKfJkPIPv5SCkAw&iflsig=ANes7DEAAAAAZiXXrWFzeuGTnEa4mRkOiHf5d-MG6pfQ&ved=0ahUKEwjp5qe94dSFAxWnJEQIHT-KAMIQ4dUDCA0&uact=5&oq=inurl%3Alogin.html+tenda&gs_lp=Egdnd3Mtd2l6IhZpbnVybDpsb2dpbi5odG1sIHRlbmRhSPvfAVAAWPLaAXACeACQAQGYAYwDoAHiEKoBCDExLjQuMS4xuAEDyAEA-AEB-AECmAILoAKSCagCCsICCBAAGIAEGLEDwgILEC4YgAQYsQMYgwHCAhEQLhiABBixAxjRAxiDARjHAcICCxAAGIAEGLEDGIMBwgIOEAAYgAQYsQMYgwEYigXCAgUQABiABMICEBAAGAMY5QIY6gIYjAMYjwHCAhAQLhgDGOUCGOoCGIwDGI8BwgIOEC4YgAQYsQMY0QMYxwHCAhQQLhiABBixAxjRAxiDARjHARiKBcICDhAuGIAEGLEDGIMBGIoFwgILEAAYgAQYsQMYigXCAggQABiABBiSA8ICCxAAGIAEGJIDGIoFwgILEC4YgAQYsQMY1ALCAgsQABiABBixAxjJA8ICEBAuGIAEGLEDGNEDGMcBGArCAhAQLhiABBixAxjHARgKGK8BwgIFEC4YgATCAgoQABiABBixAxgKwgIHEAAYgAQYCpgDCJIHBTcuMy4xoAe7Yg&sclient=gws-wiz","2024-04-21 20:25:54 CST","https://www.google.com/search?q=inurl%3Alogin.html+tenda&sca_esv=4f5a43ee2d168718&sca_upv=1&source=hp&ei=ncklZqmkKKfJkPIPv5SCkAw&iflsig=ANes7DEAAAAAZiXXrWFzeuGTnEa4mRkOiHf5d-MG6pfQ&ved=0ahUKEwjp5qe94dSFAxWnJEQIHT-KAMIQ4dUDCA0&uact=5&oq=inurl%3Alogin.html+tenda&gs_lp=Egdnd3Mtd2l6IhZpbnVybDpsb2dpbi5odG1sIHRlbmRhSPvfAVAAWPLaAXACeACQAQGYAYwDoAHiEKoBCDExLjQuMS4xuAEDyAEA-AEB-AECmAILoAKSCagCCsICCBAAGIAEGLEDwgILEC4YgAQYsQMYgwHCAhEQLhiABBixAxjRAxiDARjHAcICCxAAGIAEGLEDGIMBwgIOEAAYgAQYsQMYgwEYigXCAgUQABiABMICEBAAGAMY5QIY6gIYjAMYjwHCAhAQLhgDGOUCGOoCGIwDGI8BwgIOEC4YgAQYsQMY0QMYxwHCAhQQLhiABBixAxjRAxiDARjHARiKBcICDhAuGIAEGLEDGIMBGIoFwgILEAAYgAQYsQMYigXCAggQABiABBiSA8ICCxAAGIAEGJIDGIoFwgILEC4YgAQYsQMY1ALCAgsQABiABBixAxjJA8ICEBAuGIAEGLEDGNEDGMcBGArCAhAQLhiABBixAxjHARgKGK8BwgIFEC4YgATCAgoQABiABBixAxgKwgIHEAAYgAQYCpgDCJIHBTcuMy4xoAe7Yg&sclient=gws-wiz","inurl:login.html tenda - Buscar con Google","Microsoft Edge",google.com,Default,"001-003-LAptop-Pavana T3.E01"
History,"https://www.google.com/search?q=inurl%3A%22login.html%22+tenda&sca_esv=4f5a43ee2d168718&sca_upv=1&ei=vcklZv-YA9zBkPIPwsa8oAo&ved=0ahUKEwi_66PM4dSFAxXcIEQIHUIjD6QQ4dUDCBA&uact=5&oq=inurl%3A%22login.html%22+tenda&gs_lp=Egxnd3Mtd2l6LXNlcnAiGGludXJsOiJsb2dpbi5odG1sIiB0ZW5kYUi-YVDGDljNWHABeAGQAQCYAUCgAbwBqgEBM7gBA8gBAPgBAZgCAaACDsICChAAGLADGNYEGEeYAwCIBgGQBgiSBwExoAeHAQ&sclient=gws-wiz-serp","2024-04-21 20:27:25 CST","https://www.google.com/search?q=inurl%3A%22login.html%22+tenda&sca_esv=4f5a43ee2d168718&sca_upv=1&ei=vcklZv-YA9zBkPIPwsa8oAo&ved=0ahUKEwi_66PM4dSFAxXcIEQIHUIjD6QQ4dUDCBA&uact=5&oq=inurl%3A%22login.html%22+tenda&gs_lp=Egxnd3Mtd2l6LXNlcnAiGGludXJsOiJsb2dpbi5odG1sIiB0ZW5kYUi-YVDGDljNWHABeAGQAQCYAUCgAbwBqgEBM7gBA8gBAPgBAZgCAaACDsICChAAGLADGNYEGEeYAwCIBgGQBgiSBwExoAeHAQ&sclient=gws-wiz-serp","inurl:""login.html"" tenda - Buscar con Google","Microsoft Edge",google.com,Default,"001-003-LAptop-Pavana T3.E01"
History,"https://www.google.com/search?q=inurl%3A%22login.html%22+tenda&sca_esv=4f5a43ee2d168718&sca_upv=1&ei=vcklZv-YA9zBkPIPwsa8oAo&ved=0ahUKEwi_66PM4dSFAxXcIEQIHUIjD6QQ4dUDCBA&uact=5&oq=inurl%3A%22login.html%22+tenda&gs_lp=Egxnd3Mtd2l6LXNlcnAiGGludXJsOiJsb2dpbi5odG1sIiB0ZW5kYUi-YVDGDljNWHABeAGQAQCYAUCgAbwBqgEBM7gBA8gBAPgBAZgCAaACDsICChAAGLADGNYEGEeYAwCIBgGQBgiSBwExoAeHAQ&sclient=gws-wiz-serp","2024-04-21 20:27:25 CST","https://www.google.com/search?q=inurl%3A%22login.html%22+tenda&sca_esv=4f5a43ee2d168718&sca_upv=1&ei=vcklZv-YA9zBkPIPwsa8oAo&ved=0ahUKEwi_66PM4dSFAxXcIEQIHUIjD6QQ4dUDCBA&uact=5&oq=inurl%3A%22login.html%22+tenda&gs_lp=Egxnd3Mtd2l6LXNlcnAiGGludXJsOiJsb2dpbi5odG1sIiB0ZW5kYUi-YVDGDljNWHABeAGQAQCYAUCgAbwBqgEBM7gBA8gBAPgBAZgCAaACDsICChAAGLADGNYEGEeYAwCIBgGQBgiSBwExoAeHAQ&sclient=gws-wiz-serp","inurl:""login.html"" tenda - Buscar con Google","Microsoft Edge",google.com,Default,"001-003-LAptop-Pavana T3.E01"
History,"https://www.google.com/url?sa=t&rct=j&q=&esrc=s&source=web&cd=&ved=2ahUKEwi3kuyc4tSFAxUuKEQIHdVCBloQFnoECBEQAQ&url=http%3A%2F%2F1j7rtgc0.cloud.tendacn.net%3A8080%2Flogin.html%3Fv%3D1576&usg=AOvVaw2BUmMybe9gGckYyqOAnuf3&opi=89978449","2024-04-21 20:26:26 CST","https://www.google.com/url?sa=t&rct=j&q=&esrc=s&source=web&cd=&ved=2ahUKEwi3kuyc4tSFAxUuKEQIHdVCBloQFnoECBEQAQ&url=http%3A%2F%2F1j7rtgc0.cloud.tendacn.net%3A8080%2Flogin.html%3Fv%3D1576&usg=AOvVaw2BUmMybe9gGckYyqOAnuf3&opi=89978449",登录,"Microsoft Edge",google.com,Default,"001-003-LAptop-Pavana T3.E01"
History,"http://1j7rtgc0.cloud.tendacn.net:8080/login.html?v=1576","2024-04-21 20:26:50 CST","http://1j7rtgc0.cloud.tendacn.net:8080/login.html?v=1576",登录,"Microsoft Edge",tendacn.net,Default,"001-003-LAptop-Pavana T3.E01"
History,"http://121.196.208.119:8080/redirect?url=http://1j7rtgc0.cloud.tendacn.net:8080","2024-04-21 20:26:50 CST","http://121.196.208.119:8080/redirect?url=http://1j7rtgc0.cloud.tendacn.net:8080",登录,"Microsoft Edge",121.196.208.119,Default,"001-003-LAptop-Pavana T3.E01"
History,"http://121.196.208.119:8080/","2024-04-21 20:26:50 CST","http://121.196.208.119:8080/",登录,"Microsoft Edge",121.196.208.119,Default,"001-003-LAptop-Pavana T3.E01"
History,"http://121.196.208.119:8080/login.html?v=1576","2024-04-21 20:26:50 CST","http://121.196.208.119:8080/login.html?v=1576",登录,"Microsoft Edge",121.196.208.119,Default,"001-003-LAptop-Pavana T3.E01"
History,"https://www.google.com/search?q=inurl%3A%22login.html%22+tenda&sca_esv=4f5a43ee2d168718&sca_upv=1&ei=vcklZv-YA9zBkPIPwsa8oAo&ved=0ahUKEwi_66PM4dSFAxXcIEQIHUIjD6QQ4dUDCBA&uact=5&oq=inurl%3A%22login.html%22+tenda&gs_lp=Egxnd3Mtd2l6LXNlcnAiGGludXJsOiJsb2dpbi5odG1sIiB0ZW5kYUi-YVDGDljNWHABeAGQAQCYAUCgAbwBqgEBM7gBA8gBAPgBAZgCAaACDsICChAAGLADGNYEGEeYAwCIBgGQBgiSBwExoAeHAQ&sclient=gws-wiz-serp","2024-04-21 20:27:25 CST","https://www.google.com/search?q=inurl%3A%22login.html%22+tenda&sca_esv=4f5a43ee2d168718&sca_upv=1&ei=vcklZv-YA9zBkPIPwsa8oAo&ved=0ahUKEwi_66PM4dSFAxXcIEQIHUIjD6QQ4dUDCBA&uact=5&oq=inurl%3A%22login.html%22+tenda&gs_lp=Egxnd3Mtd2l6LXNlcnAiGGludXJsOiJsb2dpbi5odG1sIiB0ZW5kYUi-YVDGDljNWHABeAGQAQCYAUCgAbwBqgEBM7gBA8gBAPgBAZgCAaACDsICChAAGLADGNYEGEeYAwCIBgGQBgiSBwExoAeHAQ&sclient=gws-wiz-serp","inurl:""login.html"" tenda - Buscar con Google","Microsoft Edge",google.com,Default,"001-003-LAptop-Pavana T3.E01"
History,"https://www.google.com/url?sa=t&rct=j&q=&esrc=s&source=web&cd=&ved=2ahUKEwi3kuyc4tSFAxUuKEQIHdVCBloQFnoECBQQAQ&url=http%3A%2F%2F2.134.48.168%2Flogin.html&usg=AOvVaw19JHvH--mmpipbu7fS0BVW&opi=89978449","2024-04-21 20:27:29 CST","https://www.google.com/url?sa=t&rct=j&q=&esrc=s&source=web&cd=&ved=2ahUKEwi3kuyc4tSFAxUuKEQIHdVCBloQFnoECBQQAQ&url=http%3A%2F%2F2.134.48.168%2Flogin.html&usg=AOvVaw19JHvH--mmpipbu7fS0BVW&opi=89978449",,"Microsoft Edge",google.com,Default,"001-003-LAptop-Pavana T3.E01"
History,"https://www.shodan.io/search?query=tenda+country%3Amx","2024-04-21 20:27:49 CST","https://www.shodan.io/search?query=tenda+country%3Amx","Shodan Search Engine","Microsoft Edge",shodan.io,Default,"001-003-LAptop-Pavana T3.E01"
History,"https://www.shodan.io/search?query=tenda+","2024-04-21 20:40:35 CST","https://www.shodan.io/search?query=tenda+","tenda - Shodan Search","Microsoft Edge",shodan.io,Default,"001-003-LAptop-Pavana T3.E01"
History,"https://www.shodan.io/host/159.75.125.176","2024-04-21 20:28:43 CST","https://www.shodan.io/host/159.75.125.176",159.75.125.176,"Microsoft Edge",shodan.io,Default,"001-003-LAptop-Pavana T3.E01"
History,http://159.75.125.176/,"2024-04-21 20:30:24 CST",http://159.75.125.176/,,"Microsoft Edge",159.75.125.176,Default,"001-003-LAptop-Pavana T3.E01"
History,http://159.75.125.176/,"2024-04-21 20:30:24 CST",http://159.75.125.176/,,"Microsoft Edge",159.75.125.176,Default,"001-003-LAptop-Pavana T3.E01"
History,"https://www.bing.com/search?q=virtualbox&cvid=1e0e448e447a4b52a71b928759bd6015&aqs=edge.0.69i59j0l6.2615j0j1&pglt=43&FORM=ANNTA1&PC=U531","2024-04-22 00:20:33 CST","https://www.bing.com/search?q=virtualbox&cvid=1e0e448e447a4b52a71b928759bd6015&aqs=edge.0.69i59j0l6.2615j0j1&pglt=43&FORM=ANNTA1&PC=U531","https://www.bing.com/search?q=virtualbox&cvid=1e0e448e447a4b52a71b928759bd6015&aqs=edge.0.69i59j0l6.2615j0j1&pglt=43&FORM=ANNTA1&PC=U531","Microsoft Edge",bing.com,Default,"001-003-LAptop-Pavana T3.E01"
History,"https://www.bing.com/search?q=virtualbox&cvid=1e0e448e447a4b52a71b928759bd6015&aqs=edge.0.69i59j0l6.2615j0j1&pglt=43&FORM=ANNTA1&PC=U531","2024-04-22 00:20:33 CST","https://www.bing.com/search?q=virtualbox&cvid=1e0e448e447a4b52a71b928759bd6015&aqs=edge.0.69i59j0l6.2615j0j1&pglt=43&FORM=ANNTA1&PC=U531","https://www.bing.com/search?q=virtualbox&cvid=1e0e448e447a4b52a71b928759bd6015&aqs=edge.0.69i59j0l6.2615j0j1&pglt=43&FORM=ANNTA1&PC=U531","Microsoft Edge",bing.com,Default,"001-003-LAptop-Pavana T3.E01"
History,"https://www.bing.com/ck/a?!&&p=7929bf34c5d1d24aJmltdHM9MTcxMzY1NzYwMCZpZ3VpZD0xZGUwNzMxNC1lODk3LTY1OWYtMTYwNy02NzdjZTk3OTY0ZmEmaW5zaWQ9NTU0Ng&ptn=3&ver=2&hsh=3&fclid=1de07314-e897-659f-1607-677ce97964fa&psq=virtualbox&u=a1aHR0cHM6Ly93d3cudmlydHVhbGJveC5vcmcvd2lraS9Eb3dubG9hZHM&ntb=1","2024-04-21 20:37:00 CST","https://www.bing.com/ck/a?!&&p=7929bf34c5d1d24aJmltdHM9MTcxMzY1NzYwMCZpZ3VpZD0xZGUwNzMxNC1lODk3LTY1OWYtMTYwNy02NzdjZTk3OTY0ZmEmaW5zaWQ9NTU0Ng&ptn=3&ver=2&hsh=3&fclid=1de07314-e897-659f-1607-677ce97964fa&psq=virtualbox&u=a1aHR0cHM6Ly93d3cudmlydHVhbGJveC5vcmcvd2lraS9Eb3dubG9hZHM&ntb=1",,"Microsoft Edge",bing.com,Default,"001-003-LAptop-Pavana T3.E01"
History,"https://www.bing.com/search?q=virtualbox&cvid=1e0e448e447a4b52a71b928759bd6015&aqs=edge.0.69i59j0l6.2615j0j1&pglt=43&FORM=ANNTA1&PC=U531","2024-04-22 00:20:33 CST","https://www.bing.com/search?q=virtualbox&cvid=1e0e448e447a4b52a71b928759bd6015&aqs=edge.0.69i59j0l6.2615j0j1&pglt=43&FORM=ANNTA1&PC=U531","https://www.bing.com/search?q=virtualbox&cvid=1e0e448e447a4b52a71b928759bd6015&aqs=edge.0.69i59j0l6.2615j0j1&pglt=43&FORM=ANNTA1&PC=U531","Microsoft Edge",bing.com,Default,"001-003-LAptop-Pavana T3.E01"
History,"https://www.virtualbox.org/wiki/Downloads","2024-04-21 20:37:01 CST","https://www.virtualbox.org/wiki/Downloads","Downloads – Oracle VM VirtualBox","Microsoft Edge",virtualbox.org,Default,"001-003-LAptop-Pavana T3.E01"
History,"https://www.virtualbox.org/wiki/Download_Old_Builds","2024-04-21 20:38:09 CST","https://www.virtualbox.org/wiki/Download_Old_Builds","Download_Old_Builds – Oracle VM VirtualBox","Microsoft Edge",virtualbox.org,Default,"001-003-LAptop-Pavana T3.E01"
History,"https://www.virtualbox.org/wiki/Download_Old_Builds_7_0","2024-04-21 20:38:18 CST","https://www.virtualbox.org/wiki/Download_Old_Builds_7_0","Download_Old_Builds_7_0 – Oracle VM VirtualBox","Microsoft Edge",virtualbox.org,Default,"001-003-LAptop-Pavana T3.E01"
History,"https://www.shodan.io/search?query=tenda+","2024-04-21 20:40:35 CST","https://www.shodan.io/search?query=tenda+","tenda - Shodan Search","Microsoft Edge",shodan.io,Default,"001-003-LAptop-Pavana T3.E01"
History,"https://www.shodan.io/search?query=tenda&page=2","2024-04-21 20:40:31 CST","https://www.shodan.io/search?query=tenda&page=2","Shodan Search Engine","Microsoft Edge",shodan.io,Default,"001-003-LAptop-Pavana T3.E01"
History,"https://www.shodan.io/search?query=tenda+","2024-04-21 20:40:35 CST","https://www.shodan.io/search?query=tenda+","tenda - Shodan Search","Microsoft Edge",shodan.io,Default,"001-003-LAptop-Pavana T3.E01"
History,"https://www.shodan.io/host/45.76.207.176","2024-04-21 20:40:58 CST","https://www.shodan.io/host/45.76.207.176",45.76.207.176,"Microsoft Edge",shodan.io,Default,"001-003-LAptop-Pavana T3.E01"
History,"https://www.bing.com/search?q=microsoft+c%2B%2B+2019&cvid=5fa28abb3a6b4d01bdbb13b4a748da8f&aqs=edge.2.69i57j0l6.21685j0j1&pglt=43&FORM=ANNTA1&PC=U531","2024-04-22 00:20:31 CST","https://www.bing.com/search?q=microsoft+c%2B%2B+2019&cvid=5fa28abb3a6b4d01bdbb13b4a748da8f&aqs=edge.2.69i57j0l6.21685j0j1&pglt=43&FORM=ANNTA1&PC=U531","https://www.bing.com/search?q=microsoft+c%2B%2B+2019&cvid=5fa28abb3a6b4d01bdbb13b4a748da8f&aqs=edge.2.69i57j0l6.21685j0j1&pglt=43&FORM=ANNTA1&PC=U531","Microsoft Edge",bing.com,Default,"001-003-LAptop-Pavana T3.E01"
History,"https://www.bing.com/search?q=microsoft+c%2B%2B+2019&cvid=5fa28abb3a6b4d01bdbb13b4a748da8f&aqs=edge.2.69i57j0l6.21685j0j1&pglt=43&FORM=ANNTA1&PC=U531","2024-04-22 00:20:31 CST","https://www.bing.com/search?q=microsoft+c%2B%2B+2019&cvid=5fa28abb3a6b4d01bdbb13b4a748da8f&aqs=edge.2.69i57j0l6.21685j0j1&pglt=43&FORM=ANNTA1&PC=U531","https://www.bing.com/search?q=microsoft+c%2B%2B+2019&cvid=5fa28abb3a6b4d01bdbb13b4a748da8f&aqs=edge.2.69i57j0l6.21685j0j1&pglt=43&FORM=ANNTA1&PC=U531","Microsoft Edge",bing.com,Default,"001-003-LAptop-Pavana T3.E01"
History,"https://www.bing.com/ck/a?!&&p=f9dea369fb6fb70cJmltdHM9MTcxMzY1NzYwMCZpZ3VpZD0xZGUwNzMxNC1lODk3LTY1OWYtMTYwNy02NzdjZTk3OTY0ZmEmaW5zaWQ9NTIyNA&ptn=3&ver=2&hsh=3&fclid=1de07314-e897-659f-1607-677ce97964fa&psq=microsoft+c%2b%2b+2019&u=a1aHR0cHM6Ly9sZWFybi5taWNyb3NvZnQuY29tL2VzLWVzL2NwcC93aW5kb3dzL2xhdGVzdC1zdXBwb3J0ZWQtdmMtcmVkaXN0P3ZpZXc9bXN2Yy0xNzA&ntb=1","2024-04-21 20:42:20 CST","https://www.bing.com/ck/a?!&&p=f9dea369fb6fb70cJmltdHM9MTcxMzY1NzYwMCZpZ3VpZD0xZGUwNzMxNC1lODk3LTY1OWYtMTYwNy02NzdjZTk3OTY0ZmEmaW5zaWQ9NTIyNA&ptn=3&ver=2&hsh=3&fclid=1de07314-e897-659f-1607-677ce97964fa&psq=microsoft+c%2b%2b+2019&u=a1aHR0cHM6Ly9sZWFybi5taWNyb3NvZnQuY29tL2VzLWVzL2NwcC93aW5kb3dzL2xhdGVzdC1zdXBwb3J0ZWQtdmMtcmVkaXN0P3ZpZXc9bXN2Yy0xNzA&ntb=1",,"Microsoft Edge",bing.com,Default,"001-003-LAptop-Pavana T3.E01"
History,"https://www.bing.com/search?q=microsoft+c%2B%2B+2019&cvid=5fa28abb3a6b4d01bdbb13b4a748da8f&aqs=edge.2.69i57j0l6.21685j0j1&pglt=43&FORM=ANNTA1&PC=U531","2024-04-22 00:20:31 CST","https://www.bing.com/search?q=microsoft+c%2B%2B+2019&cvid=5fa28abb3a6b4d01bdbb13b4a748da8f&aqs=edge.2.69i57j0l6.21685j0j1&pglt=43&FORM=ANNTA1&PC=U531","https://www.bing.com/search?q=microsoft+c%2B%2B+2019&cvid=5fa28abb3a6b4d01bdbb13b4a748da8f&aqs=edge.2.69i57j0l6.21685j0j1&pglt=43&FORM=ANNTA1&PC=U531","Microsoft Edge",bing.com,Default,"001-003-LAptop-Pavana T3.E01"
History,"https://learn.microsoft.com/es-es/cpp/windows/latest-supported-vc-redist?view=msvc-170","2024-04-21 20:42:20 CST","https://learn.microsoft.com/es-es/cpp/windows/latest-supported-vc-redist?view=msvc-170","Últimas descargas de Visual C++ Redistributable compatibles | Microsoft Learn","Microsoft Edge",microsoft.com,Default,"001-003-LAptop-Pavana T3.E01"
History,"https://www.bing.com/search?q=inspy+use&cvid=bdb45c7e4f134372bf80c6aa30b00029&aqs=edge..69i57j0l2.6934j0j1&pglt=43&FORM=ANNTA1&PC=U531","2024-04-22 00:20:25 CST","https://www.bing.com/search?q=inspy+use&cvid=bdb45c7e4f134372bf80c6aa30b00029&aqs=edge..69i57j0l2.6934j0j1&pglt=43&FORM=ANNTA1&PC=U531","inspy use - Búsqueda","Microsoft Edge",bing.com,Default,"001-003-LAptop-Pavana T3.E01"
History,"https://www.bing.com/search?q=inspy+use&cvid=bdb45c7e4f134372bf80c6aa30b00029&aqs=edge..69i57j0l2.6934j0j1&pglt=43&FORM=ANNTA1&PC=U531","2024-04-22 00:20:25 CST","https://www.bing.com/search?q=inspy+use&cvid=bdb45c7e4f134372bf80c6aa30b00029&aqs=edge..69i57j0l2.6934j0j1&pglt=43&FORM=ANNTA1&PC=U531","inspy use - Búsqueda","Microsoft Edge",bing.com,Default,"001-003-LAptop-Pavana T3.E01"
History,http://google.com/,"2024-04-22 11:59:12 CST",http://google.com/,Google,"Microsoft Edge",google.com,Default,"001-003-LAptop-Pavana T3.E01"
History,http://www.google.com/,"2024-04-22 11:59:12 CST",http://www.google.com/,Google,"Microsoft Edge",google.com,Default,"001-003-LAptop-Pavana T3.E01"
History,https://www.google.com/,"2024-04-22 11:59:13 CST",https://www.google.com/,Google,"Microsoft Edge",google.com,Default,"001-003-LAptop-Pavana T3.E01"
History,https://www.google.com/,"2024-04-22 11:59:13 CST",https://www.google.com/,Google,"Microsoft Edge",google.com,Default,"001-003-LAptop-Pavana T3.E01"
History,http://www.yandex.com/,"2024-04-21 22:48:24 CST",http://www.yandex.com/,"Yandex — a fast Internet search","Microsoft Edge",yandex.com,Default,"001-003-LAptop-Pavana T3.E01"
History,https://www.yandex.com/,"2024-04-21 22:48:24 CST",https://www.yandex.com/,"Yandex — a fast Internet search","Microsoft Edge",yandex.com,Default,"001-003-LAptop-Pavana T3.E01"
History,https://yandex.com/,"2024-04-22 00:20:26 CST",https://yandex.com/,"Yandex — a fast Internet search","Microsoft Edge",yandex.com,Default,"001-003-LAptop-Pavana T3.E01"
History,"https://yandex.com/search/?text=alternative+for+shodan&lr=114920&msid=1713761170097531-18139892338803733330-balancer-l7leveler-kubr-yp-sas-205-BAL&search_source=yacom_desktop_common&suggest_reqid=698598101171375014311713674081232","2024-04-21 22:46:30 CST","https://yandex.com/search/?text=alternative+for+shodan&lr=114920&msid=1713761170097531-18139892338803733330-balancer-l7leveler-kubr-yp-sas-205-BAL&search_source=yacom_desktop_common&suggest_reqid=698598101171375014311713674081232","alternative for shodan — Yandex: 9 thousand results found","Microsoft Edge",yandex.com,Default,"001-003-LAptop-Pavana T3.E01"
History,"https://yandex.com/search/?text=alternative+for+shodan&lr=114920&msid=1713761170097531-18139892338803733330-balancer-l7leveler-kubr-yp-sas-205-BAL&search_source=yacom_desktop_common&suggest_reqid=698598101171375014311713674081232","2024-04-21 22:46:30 CST","https://yandex.com/search/?text=alternative+for+shodan&lr=114920&msid=1713761170097531-18139892338803733330-balancer-l7leveler-kubr-yp-sas-205-BAL&search_source=yacom_desktop_common&suggest_reqid=698598101171375014311713674081232","alternative for shodan — Yandex: 9 thousand results found","Microsoft Edge",yandex.com,Default,"001-003-LAptop-Pavana T3.E01"
History,"https://yandex.com/search/?text=alternative+for+shodan&lr=114920&search_source=yacom_desktop_common","2024-04-21 22:46:30 CST","https://yandex.com/search/?text=alternative+for+shodan&lr=114920&search_source=yacom_desktop_common","alternative for shodan — Yandex: 9 thousand results found","Microsoft Edge",yandex.com,Default,"001-003-LAptop-Pavana T3.E01"
History,"https://www.bing.com/search?q=National+Vulnerability+Database&cvid=b0c8964925404d5494e9959f70d23984&aqs=edge..69i57j0l6.944j0j1&pglt=43&FORM=ANNTA1&PC=U531","2024-04-22 00:20:28 CST","https://www.bing.com/search?q=National+Vulnerability+Database&cvid=b0c8964925404d5494e9959f70d23984&aqs=edge..69i57j0l6.944j0j1&pglt=43&FORM=ANNTA1&PC=U531","https://www.bing.com/search?q=National+Vulnerability+Database&cvid=b0c8964925404d5494e9959f70d23984&aqs=edge..69i57j0l6.944j0j1&pglt=43&FORM=ANNTA1&PC=U531","Microsoft Edge",bing.com,Default,"001-003-LAptop-Pavana T3.E01"
History,"https://www.bing.com/search?q=National+Vulnerability+Database&cvid=b0c8964925404d5494e9959f70d23984&aqs=edge..69i57j0l6.944j0j1&pglt=43&FORM=ANNTA1&PC=U531","2024-04-22 00:20:28 CST","https://www.bing.com/search?q=National+Vulnerability+Database&cvid=b0c8964925404d5494e9959f70d23984&aqs=edge..69i57j0l6.944j0j1&pglt=43&FORM=ANNTA1&PC=U531","https://www.bing.com/search?q=National+Vulnerability+Database&cvid=b0c8964925404d5494e9959f70d23984&aqs=edge..69i57j0l6.944j0j1&pglt=43&FORM=ANNTA1&PC=U531","Microsoft Edge",bing.com,Default,"001-003-LAptop-Pavana T3.E01"
History,"https://www.bing.com/ck/a?!&&p=9bf4d4e7ebaa62eeJmltdHM9MTcxMzY1NzYwMCZpZ3VpZD0xZGUwNzMxNC1lODk3LTY1OWYtMTYwNy02NzdjZTk3OTY0ZmEmaW5zaWQ9NTIwOQ&ptn=3&ver=2&hsh=3&fclid=1de07314-e897-659f-1607-677ce97964fa&psq=National+Vulnerability+Database&u=a1aHR0cHM6Ly9udmQubmlzdC5nb3Yv&ntb=1","2024-04-21 22:47:11 CST","https://www.bing.com/ck/a?!&&p=9bf4d4e7ebaa62eeJmltdHM9MTcxMzY1NzYwMCZpZ3VpZD0xZGUwNzMxNC1lODk3LTY1OWYtMTYwNy02NzdjZTk3OTY0ZmEmaW5zaWQ9NTIwOQ&ptn=3&ver=2&hsh=3&fclid=1de07314-e897-659f-1607-677ce97964fa&psq=National+Vulnerability+Database&u=a1aHR0cHM6Ly9udmQubmlzdC5nb3Yv&ntb=1",,"Microsoft Edge",bing.com,Default,"001-003-LAptop-Pavana T3.E01"
History,"https://www.bing.com/search?q=National+Vulnerability+Database&cvid=b0c8964925404d5494e9959f70d23984&aqs=edge..69i57j0l6.944j0j1&pglt=43&FORM=ANNTA1&PC=U531","2024-04-22 00:20:28 CST","https://www.bing.com/search?q=National+Vulnerability+Database&cvid=b0c8964925404d5494e9959f70d23984&aqs=edge..69i57j0l6.944j0j1&pglt=43&FORM=ANNTA1&PC=U531","https://www.bing.com/search?q=National+Vulnerability+Database&cvid=b0c8964925404d5494e9959f70d23984&aqs=edge..69i57j0l6.944j0j1&pglt=43&FORM=ANNTA1&PC=U531","Microsoft Edge",bing.com,Default,"001-003-LAptop-Pavana T3.E01"
History,https://nvd.nist.gov/,"2024-04-21 22:47:12 CST",https://nvd.nist.gov/,"NVD - Home","Microsoft Edge",nist.gov,Default,"001-003-LAptop-Pavana T3.E01"
History,"https://nvd.nist.gov/general/news/cisa-exploit-catalog","2024-04-22 00:20:28 CST","https://nvd.nist.gov/general/news/cisa-exploit-catalog","Known Exploited Vulnerabilities","Microsoft Edge",nist.gov,Default,"001-003-LAptop-Pavana T3.E01"
History,http://www.yandex.com/,"2024-04-21 22:48:24 CST",http://www.yandex.com/,"Yandex — a fast Internet search","Microsoft Edge",yandex.com,Default,"001-003-LAptop-Pavana T3.E01"
History,https://www.yandex.com/,"2024-04-21 22:48:24 CST",https://www.yandex.com/,"Yandex — a fast Internet search","Microsoft Edge",yandex.com,Default,"001-003-LAptop-Pavana T3.E01"
History,https://yandex.com/,"2024-04-22 00:20:26 CST",https://yandex.com/,"Yandex — a fast Internet search","Microsoft Edge",yandex.com,Default,"001-003-LAptop-Pavana T3.E01"
History,"https://translate.yandex.com/?utm_source=yandex&utm_medium=com&utm_campaign=morda","2024-04-21 22:48:34 CST","https://translate.yandex.com/?utm_source=yandex&utm_medium=com&utm_campaign=morda","Yandex Translate - Dictionary and online translation","Microsoft Edge",yandex.com,Default,"001-003-LAptop-Pavana T3.E01"
History,"https://translate.yandex.com/?utm_source=yandex&utm_medium=com&utm_campaign=morda","2024-04-21 22:48:34 CST","https://translate.yandex.com/?utm_source=yandex&utm_medium=com&utm_campaign=morda","Yandex Translate - Dictionary and online translation","Microsoft Edge",yandex.com,Default,"001-003-LAptop-Pavana T3.E01"
History,"https://world-webcams.nsspot.net/","2024-04-21 22:49:17 CST","https://world-webcams.nsspot.net/","World Webcams, Camera Search","Microsoft Edge",nsspot.net,Default,"001-003-LAptop-Pavana T3.E01"
History,"https://world-webcams.nsspot.net/#google_vignette","2024-04-22 00:20:28 CST","https://world-webcams.nsspot.net/#google_vignette","World Webcams, Camera Search","Microsoft Edge",nsspot.net,Default,"001-003-LAptop-Pavana T3.E01"
History,"https://www.bing.com/search?q=inspy+use&cvid=bdb45c7e4f134372bf80c6aa30b00029&aqs=edge..69i57j0l2.6934j0j1&pglt=43&FORM=ANNTA1&PC=U531","2024-04-22 00:20:25 CST","https://www.bing.com/search?q=inspy+use&cvid=bdb45c7e4f134372bf80c6aa30b00029&aqs=edge..69i57j0l2.6934j0j1&pglt=43&FORM=ANNTA1&PC=U531","inspy use - Búsqueda","Microsoft Edge",bing.com,Default,"001-003-LAptop-Pavana T3.E01"
History,https://yandex.com/,"2024-04-22 00:20:26 CST",https://yandex.com/,"Yandex — a fast Internet search","Microsoft Edge",yandex.com,Default,"001-003-LAptop-Pavana T3.E01"
History,"https://www.bing.com/search?q=National+Vulnerability+Database&cvid=b0c8964925404d5494e9959f70d23984&aqs=edge..69i57j0l6.944j0j1&pglt=43&FORM=ANNTA1&PC=U531","2024-04-22 00:20:28 CST","https://www.bing.com/search?q=National+Vulnerability+Database&cvid=b0c8964925404d5494e9959f70d23984&aqs=edge..69i57j0l6.944j0j1&pglt=43&FORM=ANNTA1&PC=U531","https://www.bing.com/search?q=National+Vulnerability+Database&cvid=b0c8964925404d5494e9959f70d23984&aqs=edge..69i57j0l6.944j0j1&pglt=43&FORM=ANNTA1&PC=U531","Microsoft Edge",bing.com,Default,"001-003-LAptop-Pavana T3.E01"
History,"https://world-webcams.nsspot.net/#google_vignette","2024-04-22 00:20:28 CST","https://world-webcams.nsspot.net/#google_vignette","World Webcams, Camera Search","Microsoft Edge",nsspot.net,Default,"001-003-LAptop-Pavana T3.E01"
History,"https://nvd.nist.gov/general/news/cisa-exploit-catalog","2024-04-22 00:20:28 CST","https://nvd.nist.gov/general/news/cisa-exploit-catalog","Known Exploited Vulnerabilities","Microsoft Edge",nist.gov,Default,"001-003-LAptop-Pavana T3.E01"
History,"https://www.bing.com/search?q=es+nikto+legal%3F&form=ANNTH1&refig=d29aea4eb98a4f5a823b61607ba57388","2024-04-22 00:20:30 CST","https://www.bing.com/search?q=es+nikto+legal%3F&form=ANNTH1&refig=d29aea4eb98a4f5a823b61607ba57388","https://www.bing.com/search?q=es+nikto+legal%3F&form=ANNTH1&refig=d29aea4eb98a4f5a823b61607ba57388","Microsoft Edge",bing.com,Default,"001-003-LAptop-Pavana T3.E01"
History,"https://www.bing.com/search?q=microsoft+c%2B%2B+2019&cvid=5fa28abb3a6b4d01bdbb13b4a748da8f&aqs=edge.2.69i57j0l6.21685j0j1&pglt=43&FORM=ANNTA1&PC=U531","2024-04-22 00:20:31 CST","https://www.bing.com/search?q=microsoft+c%2B%2B+2019&cvid=5fa28abb3a6b4d01bdbb13b4a748da8f&aqs=edge.2.69i57j0l6.21685j0j1&pglt=43&FORM=ANNTA1&PC=U531","https://www.bing.com/search?q=microsoft+c%2B%2B+2019&cvid=5fa28abb3a6b4d01bdbb13b4a748da8f&aqs=edge.2.69i57j0l6.21685j0j1&pglt=43&FORM=ANNTA1&PC=U531","Microsoft Edge",bing.com,Default,"001-003-LAptop-Pavana T3.E01"
History,"https://www.bing.com/search?q=virtualbox&cvid=1e0e448e447a4b52a71b928759bd6015&aqs=edge.0.69i59j0l6.2615j0j1&pglt=43&FORM=ANNTA1&PC=U531","2024-04-22 00:20:33 CST","https://www.bing.com/search?q=virtualbox&cvid=1e0e448e447a4b52a71b928759bd6015&aqs=edge.0.69i59j0l6.2615j0j1&pglt=43&FORM=ANNTA1&PC=U531","https://www.bing.com/search?q=virtualbox&cvid=1e0e448e447a4b52a71b928759bd6015&aqs=edge.0.69i59j0l6.2615j0j1&pglt=43&FORM=ANNTA1&PC=U531","Microsoft Edge",bing.com,Default,"001-003-LAptop-Pavana T3.E01"
History,"https://www.bing.com/search?q=shodan&cvid=28fa210df29e4fb0ad4b3acacfdf5cb9&aqs=edge..69i57.2201j0j1&pglt=43&FORM=ANNTA1&PC=U531","2024-04-22 00:20:33 CST","https://www.bing.com/search?q=shodan&cvid=28fa210df29e4fb0ad4b3acacfdf5cb9&aqs=edge..69i57.2201j0j1&pglt=43&FORM=ANNTA1&PC=U531","https://www.bing.com/search?q=shodan&cvid=28fa210df29e4fb0ad4b3acacfdf5cb9&aqs=edge..69i57.2201j0j1&pglt=43&FORM=ANNTA1&PC=U531","Microsoft Edge",bing.com,Default,"001-003-LAptop-Pavana T3.E01"
History,"https://www.bing.com/search?q=manual+parrot+os+llinux&cvid=a0bbb56c40e44ec6826419b87d30d2d5&aqs=edge..69i57j0l6.8089j0j1&pglt=43&FORM=ANNTA1&PC=U531","2024-04-22 00:20:36 CST","https://www.bing.com/search?q=manual+parrot+os+llinux&cvid=a0bbb56c40e44ec6826419b87d30d2d5&aqs=edge..69i57j0l6.8089j0j1&pglt=43&FORM=ANNTA1&PC=U531","https://www.bing.com/search?q=manual+parrot+os+llinux&cvid=a0bbb56c40e44ec6826419b87d30d2d5&aqs=edge..69i57j0l6.8089j0j1&pglt=43&FORM=ANNTA1&PC=U531","Microsoft Edge",bing.com,Default,"001-003-LAptop-Pavana T3.E01"
History,"https://www.bing.com/search?q=virtualbox&cvid=65226a3ce59245fe8d624775ace6fb36&aqs=edge..69i57j0l6.3105j0j1&pglt=43&FORM=ANNTA1&PC=U531","2024-04-22 00:20:39 CST","https://www.bing.com/search?q=virtualbox&cvid=65226a3ce59245fe8d624775ace6fb36&aqs=edge..69i57j0l6.3105j0j1&pglt=43&FORM=ANNTA1&PC=U531","virtualbox - Búsqueda","Microsoft Edge",bing.com,Default,"001-003-LAptop-Pavana T3.E01"
History,"https://www.bing.com/search?q=parrot+linux&cvid=77a36c04c3f4424ca7012186d7873b44&aqs=edge.3.69i57j0l5j69i60.3320j0j1&pglt=43&FORM=ANNTA1&PC=U531&ntref=1","2024-04-22 00:20:40 CST","https://www.bing.com/search?q=parrot+linux&cvid=77a36c04c3f4424ca7012186d7873b44&aqs=edge.3.69i57j0l5j69i60.3320j0j1&pglt=43&FORM=ANNTA1&PC=U531&ntref=1","parrot linux - Búsqueda","Microsoft Edge",bing.com,Default,"001-003-LAptop-Pavana T3.E01"
History,"https://www.bing.com/search?q=kali+vs+parrot&cvid=eeddab612f284618a70a484b8564c3db&aqs=edge..69i57j0l6.9210j0j1&pglt=43&FORM=ANNTA1&PC=U531","2024-04-22 00:20:42 CST","https://www.bing.com/search?q=kali+vs+parrot&cvid=eeddab612f284618a70a484b8564c3db&aqs=edge..69i57j0l6.9210j0j1&pglt=43&FORM=ANNTA1&PC=U531","https://www.bing.com/search?q=kali+vs+parrot&cvid=eeddab612f284618a70a484b8564c3db&aqs=edge..69i57j0l6.9210j0j1&pglt=43&FORM=ANNTA1&PC=U531","Microsoft Edge",bing.com,Default,"001-003-LAptop-Pavana T3.E01"
History,"https://www.bing.com/search?q=nmap%20o%20nikto%20cual%20es%20mejor&qs=n&form=QBRE&=%25eAdministra%20tu%20historial%20de%20b%C3%BAsqueda%25E&sp=-1&ghc=1&lq=0&pq=nmap%20o%20nikto%20cual%20es%20mejor&sc=11-26&sk=&cvid=376FDF468D4E4901BF2BC75DBCE2EE02&ghsh=0&ghacc=0&ghpl=","2024-04-22 00:20:43 CST","https://www.bing.com/search?q=nmap%20o%20nikto%20cual%20es%20mejor&qs=n&form=QBRE&=%25eAdministra%20tu%20historial%20de%20b%C3%BAsqueda%25E&sp=-1&ghc=1&lq=0&pq=nmap%20o%20nikto%20cual%20es%20mejor&sc=11-26&sk=&cvid=376FDF468D4E4901BF2BC75DBCE2EE02&ghsh=0&ghacc=0&ghpl=","https://www.bing.com/search?q=nmap o nikto cual es mejor&qs=n&form=QBRE&=%25eAdministra tu historial de búsqueda%25E&sp=-1&ghc=1&lq=0&pq=nmap o nikto cual es mejor&sc=11-26&sk=&cvid=376FDF468D4E4901BF2BC75DBCE2EE02&ghsh=0&ghacc=0&ghpl=","Microsoft Edge",bing.com,Default,"001-003-LAptop-Pavana T3.E01"
History,"https://www.bing.com/search?q=brave+browser&cvid=17052535966c449c93154fbe40ca897a&aqs=edge.1.69i57j0l6.2747j0j1&pglt=43&FORM=ANNTA1&PC=U531","2024-04-22 11:30:10 CST","https://www.bing.com/search?q=brave+browser&cvid=17052535966c449c93154fbe40ca897a&aqs=edge.1.69i57j0l6.2747j0j1&pglt=43&FORM=ANNTA1&PC=U531","https://www.bing.com/search?q=brave+browser&cvid=17052535966c449c93154fbe40ca897a&aqs=edge.1.69i57j0l6.2747j0j1&pglt=43&FORM=ANNTA1&PC=U531","Microsoft Edge",bing.com,Default,"001-003-LAptop-Pavana T3.E01"
History,"https://www.bing.com/search?q=brave+browser&cvid=17052535966c449c93154fbe40ca897a&aqs=edge.1.69i57j0l6.2747j0j1&pglt=43&FORM=ANNTA1&PC=U531","2024-04-22 11:30:10 CST","https://www.bing.com/search?q=brave+browser&cvid=17052535966c449c93154fbe40ca897a&aqs=edge.1.69i57j0l6.2747j0j1&pglt=43&FORM=ANNTA1&PC=U531","https://www.bing.com/search?q=brave+browser&cvid=17052535966c449c93154fbe40ca897a&aqs=edge.1.69i57j0l6.2747j0j1&pglt=43&FORM=ANNTA1&PC=U531","Microsoft Edge",bing.com,Default,"001-003-LAptop-Pavana T3.E01"
History,"https://www.bing.com/aclick?ld=e89FgZHm1Tz2kOMdEvU74maTVUCUycMS0gYqOs2G--3jcv0DIftAFO_U0rJbiM2tSntqZf7iqvYoxdtsKhnG5-pQTH1ufgWRfjNYP0xa2TyYezUWOs3S8MsvJDUuu2pjeS-8KN2eo3YF3jo7eBRqJYmpXfBeAzF24LVwOhjwcYHeRWILeiji74ZESo33BKnmzLwxDahQ&u=aHR0cCUzYSUyZiUyZnd3dy5vcGVyYS5jb20lM2Z1dG1fc291cmNlJTNkYmluZyUyNnV0bV9tZWRpdW0lM2RwYSUyNnV0bV9jYW1wYWlnbiUzZCUyNTIzTWV4aWNvJTI1MjAtJTI1MjBTZWFyY2glMjUyMC0lMjUyMEVTJTI1MjAtJTI1MjBHZW5lcmljJTI2bXNjbGtpZCUzZDA2MGY5MTgzYmZlZTFhZTBiNjZiZjdhNTIxYmNlNWJmJTI2dXRtX3Rlcm0lM2Ricm93c2VyJTI2dXRtX2NvbnRlbnQlM2RCcm93c2VyJTI1MjAtJTI1MjBFUyUyNTIwLSUyNTIwQnJvYWQ&rlid=060f9183bfee1ae0b66bf7a521bce5bf&ntb=1","2024-04-22 11:28:53 CST","https://www.bing.com/aclick?ld=e89FgZHm1Tz2kOMdEvU74maTVUCUycMS0gYqOs2G--3jcv0DIftAFO_U0rJbiM2tSntqZf7iqvYoxdtsKhnG5-pQTH1ufgWRfjNYP0xa2TyYezUWOs3S8MsvJDUuu2pjeS-8KN2eo3YF3jo7eBRqJYmpXfBeAzF24LVwOhjwcYHeRWILeiji74ZESo33BKnmzLwxDahQ&u=aHR0cCUzYSUyZiUyZnd3dy5vcGVyYS5jb20lM2Z1dG1fc291cmNlJTNkYmluZyUyNnV0bV9tZWRpdW0lM2RwYSUyNnV0bV9jYW1wYWlnbiUzZCUyNTIzTWV4aWNvJTI1MjAtJTI1MjBTZWFyY2glMjUyMC0lMjUyMEVTJTI1MjAtJTI1MjBHZW5lcmljJTI2bXNjbGtpZCUzZDA2MGY5MTgzYmZlZTFhZTBiNjZiZjdhNTIxYmNlNWJmJTI2dXRtX3Rlcm0lM2Ricm93c2VyJTI2dXRtX2NvbnRlbnQlM2RCcm93c2VyJTI1MjAtJTI1MjBFUyUyNTIwLSUyNTIwQnJvYWQ&rlid=060f9183bfee1ae0b66bf7a521bce5bf&ntb=1",,"Microsoft Edge",bing.com,Default,"001-003-LAptop-Pavana T3.E01"
History,"https://www.bing.com/search?q=brave+browser&cvid=17052535966c449c93154fbe40ca897a&aqs=edge.1.69i57j0l6.2747j0j1&pglt=43&FORM=ANNTA1&PC=U531","2024-04-22 11:30:10 CST","https://www.bing.com/search?q=brave+browser&cvid=17052535966c449c93154fbe40ca897a&aqs=edge.1.69i57j0l6.2747j0j1&pglt=43&FORM=ANNTA1&PC=U531","https://www.bing.com/search?q=brave+browser&cvid=17052535966c449c93154fbe40ca897a&aqs=edge.1.69i57j0l6.2747j0j1&pglt=43&FORM=ANNTA1&PC=U531","Microsoft Edge",bing.com,Default,"001-003-LAptop-Pavana T3.E01"
History,"http://www.opera.com/?utm_source=bing&utm_medium=pa&utm_campaign=%23Mexico%20-%20Search%20-%20ES%20-%20Generic&msclkid=060f9183bfee1ae0b66bf7a521bce5bf&utm_term=browser&utm_content=Browser%20-%20ES%20-%20Broad","2024-04-22 11:28:54 CST","http://www.opera.com/?utm_source=bing&utm_medium=pa&utm_campaign=%23Mexico%20-%20Search%20-%20ES%20-%20Generic&msclkid=060f9183bfee1ae0b66bf7a521bce5bf&utm_term=browser&utm_content=Browser%20-%20ES%20-%20Broad","Navegador web Opera | Más rápido, seguro e inteligente | Opera","Microsoft Edge",opera.com,Default,"001-003-LAptop-Pavana T3.E01"
History,"https://www.opera.com/?utm_source=bing&utm_medium=pa&utm_campaign=%23Mexico%20-%20Search%20-%20ES%20-%20Generic&msclkid=060f9183bfee1ae0b66bf7a521bce5bf&utm_term=browser&utm_content=Browser%20-%20ES%20-%20Broad","2024-04-22 11:28:54 CST","https://www.opera.com/?utm_source=bing&utm_medium=pa&utm_campaign=%23Mexico%20-%20Search%20-%20ES%20-%20Generic&msclkid=060f9183bfee1ae0b66bf7a521bce5bf&utm_term=browser&utm_content=Browser%20-%20ES%20-%20Broad","Navegador web Opera | Más rápido, seguro e inteligente | Opera","Microsoft Edge",opera.com,Default,"001-003-LAptop-Pavana T3.E01"
History,"https://www.opera.com/es-419?utm_source=bing&utm_medium=pa&utm_campaign=%23Mexico%20-%20Search%20-%20ES%20-%20Generic&msclkid=060f9183bfee1ae0b66bf7a521bce5bf&utm_term=browser&utm_content=Browser%20-%20ES%20-%20Broad","2024-04-22 11:28:54 CST","https://www.opera.com/es-419?utm_source=bing&utm_medium=pa&utm_campaign=%23Mexico%20-%20Search%20-%20ES%20-%20Generic&msclkid=060f9183bfee1ae0b66bf7a521bce5bf&utm_term=browser&utm_content=Browser%20-%20ES%20-%20Broad","Navegador web Opera | Más rápido, seguro e inteligente | Opera","Microsoft Edge",opera.com,Default,"001-003-LAptop-Pavana T3.E01"
History,"https://www.opera.com/es-419/computer/thanks?ni=stable&os=windows&utm_source=bing&utm_medium=pa&utm_campaign=%23Mexico+-+Search+-+ES+-+Generic&utm_content=Browser+-+ES+-+Broad","2024-04-22 11:28:56 CST","https://www.opera.com/es-419/computer/thanks?ni=stable&os=windows&utm_source=bing&utm_medium=pa&utm_campaign=%23Mexico+-+Search+-+ES+-+Generic&utm_content=Browser+-+ES+-+Broad","Gracias por descargar Opera","Microsoft Edge",opera.com,Default,"001-003-LAptop-Pavana T3.E01"
History,"https://www.bing.com/ck/a?!&&p=b6bc84dd93d4a332JmltdHM9MTcxMzc0NDAwMCZpZ3VpZD0xZGUwNzMxNC1lODk3LTY1OWYtMTYwNy02NzdjZTk3OTY0ZmEmaW5zaWQ9NTUyNg&ptn=3&ver=2&hsh=3&fclid=1de07314-e897-659f-1607-677ce97964fa&psq=brave+browser&u=a1aHR0cHM6Ly9icmF2ZS5jb20vZG93bmxvYWQv&ntb=1","2024-04-22 11:30:10 CST","https://www.bing.com/ck/a?!&&p=b6bc84dd93d4a332JmltdHM9MTcxMzc0NDAwMCZpZ3VpZD0xZGUwNzMxNC1lODk3LTY1OWYtMTYwNy02NzdjZTk3OTY0ZmEmaW5zaWQ9NTUyNg&ptn=3&ver=2&hsh=3&fclid=1de07314-e897-659f-1607-677ce97964fa&psq=brave+browser&u=a1aHR0cHM6Ly9icmF2ZS5jb20vZG93bmxvYWQv&ntb=1",,"Microsoft Edge",bing.com,Default,"001-003-LAptop-Pavana T3.E01"
History,"https://www.bing.com/search?q=brave+browser&cvid=17052535966c449c93154fbe40ca897a&aqs=edge.1.69i57j0l6.2747j0j1&pglt=43&FORM=ANNTA1&PC=U531","2024-04-22 11:30:10 CST","https://www.bing.com/search?q=brave+browser&cvid=17052535966c449c93154fbe40ca897a&aqs=edge.1.69i57j0l6.2747j0j1&pglt=43&FORM=ANNTA1&PC=U531","https://www.bing.com/search?q=brave+browser&cvid=17052535966c449c93154fbe40ca897a&aqs=edge.1.69i57j0l6.2747j0j1&pglt=43&FORM=ANNTA1&PC=U531","Microsoft Edge",bing.com,Default,"001-003-LAptop-Pavana T3.E01"
History,"https://brave.com/download/","2024-04-22 11:30:11 CST","https://brave.com/download/","Brave Browser Download | Brave","Microsoft Edge",brave.com,Default,"001-003-LAptop-Pavana T3.E01"
History,"https://yandex.com/search/?text=osint+framework&lr=114920&msid=1713766825084775-18274285767349558763-balancer-l7leveler-kubr-yp-vla-154-BAL&search_source=yacom_desktop_common&suggest_reqid=698598101171375014368270060278034","2024-04-22 11:39:40 CST","https://yandex.com/search/?text=osint+framework&lr=114920&msid=1713766825084775-18274285767349558763-balancer-l7leveler-kubr-yp-vla-154-BAL&search_source=yacom_desktop_common&suggest_reqid=698598101171375014368270060278034","osint framework — Yandex: 4 thousand results found","Microsoft Edge",yandex.com,Default,"001-003-LAptop-Pavana T3.E01"
History,"https://yandex.com/search/?text=osint+framework&lr=114920&msid=1713766825084775-18274285767349558763-balancer-l7leveler-kubr-yp-vla-154-BAL&search_source=yacom_desktop_common&suggest_reqid=698598101171375014368270060278034","2024-04-22 11:39:40 CST","https://yandex.com/search/?text=osint+framework&lr=114920&msid=1713766825084775-18274285767349558763-balancer-l7leveler-kubr-yp-vla-154-BAL&search_source=yacom_desktop_common&suggest_reqid=698598101171375014368270060278034","osint framework — Yandex: 4 thousand results found","Microsoft Edge",yandex.com,Default,"001-003-LAptop-Pavana T3.E01"
History,"https://yandex.com/search/?text=osint+framework&lr=114920&search_source=yacom_desktop_common","2024-04-22 11:39:40 CST","https://yandex.com/search/?text=osint+framework&lr=114920&search_source=yacom_desktop_common","osint framework — Yandex: 4 thousand results found","Microsoft Edge",yandex.com,Default,"001-003-LAptop-Pavana T3.E01"
History,"https://osintframework.com/","2024-04-22 11:39:42 CST","https://osintframework.com/","OSINT Framework","Microsoft Edge",osintframework.com,Default,"001-003-LAptop-Pavana T3.E01"
History,"http://data.mashedworld.com/dualmaps/map.htm","2024-04-22 11:40:02 CST","http://data.mashedworld.com/dualmaps/map.htm","Dual Maps : Road Map, Aerial View and Street View in one embeddable control","Microsoft Edge",mashedworld.com,Default,"001-003-LAptop-Pavana T3.E01"
History,"https://data.mashedworld.com/dualmaps/map.htm","2024-04-22 11:40:02 CST","https://data.mashedworld.com/dualmaps/map.htm","Dual Maps : Road Map, Aerial View and Street View in one embeddable control","Microsoft Edge",mashedworld.com,Default,"001-003-LAptop-Pavana T3.E01"
History,"https://www.bing.com/search?q=las+mejores+vpn+gratis&cvid=1a4b883d57f841d2bae10be29e5adad5&aqs=edge.1.69i57j0l6.7898j0j1&pglt=43&FORM=ANNTA1&PC=U531","2024-04-22 11:54:18 CST","https://www.bing.com/search?q=las+mejores+vpn+gratis&cvid=1a4b883d57f841d2bae10be29e5adad5&aqs=edge.1.69i57j0l6.7898j0j1&pglt=43&FORM=ANNTA1&PC=U531","https://www.bing.com/search?q=las+mejores+vpn+gratis&cvid=1a4b883d57f841d2bae10be29e5adad5&aqs=edge.1.69i57j0l6.7898j0j1&pglt=43&FORM=ANNTA1&PC=U531","Microsoft Edge",bing.com,Default,"001-003-LAptop-Pavana T3.E01"
History,"https://www.bing.com/search?q=las+mejores+vpn+gratis&cvid=1a4b883d57f841d2bae10be29e5adad5&aqs=edge.1.69i57j0l6.7898j0j1&pglt=43&FORM=ANNTA1&PC=U531","2024-04-22 11:54:18 CST","https://www.bing.com/search?q=las+mejores+vpn+gratis&cvid=1a4b883d57f841d2bae10be29e5adad5&aqs=edge.1.69i57j0l6.7898j0j1&pglt=43&FORM=ANNTA1&PC=U531","https://www.bing.com/search?q=las+mejores+vpn+gratis&cvid=1a4b883d57f841d2bae10be29e5adad5&aqs=edge.1.69i57j0l6.7898j0j1&pglt=43&FORM=ANNTA1&PC=U531","Microsoft Edge",bing.com,Default,"001-003-LAptop-Pavana T3.E01"
History,"https://www.bing.com/aclick?ld=e8D5l762HepxM2WpBzCW9HxzVUCUxjImDqTTrgobJkWx5eH7fE0PGFS2GK3G2pLVqvjJLwRbkfctKRHpXjk0EhW8A-V5TvX5QOep6fFHmOWXhUHj-GDATnhrMeTw4nxd3uv6XV6CHK_dxn8gxz3GgHn-BYdnDEs5TUT-U_VKHcpTFlTRrRcLnS7BefzmH7p9TH6sXNGA&u=aHR0cHMlM2ElMmYlMmZsYXMxMG1lam9yZXN2cG4uY29tJTJmJTNmdXRtX3NvdXJjZSUzZGJuMSUyNnNyYyUzZGJuMSUyNmFpZCUzZHZwbjFlcyUyNnV0bV9jYW1wYWlnbiUzZDM5NTQ1MTE2MiUyNmFkaWQlM2Q4MzI4ODM5NTk3ODM0OCUyNmFkZ3JvdXBpZCUzZDEzMzI2MDg1MTAxOTQ1NjIlMjZtc2Nsa2lkJTNkYzU2MmEzMmMzNzk1MWEwMDY4YzNjNTBhOTNkMmE4NTM&rlid=c562a32c37951a0068c3c50a93d2a853&ntb=1","2024-04-22 11:54:18 CST","https://www.bing.com/aclick?ld=e8D5l762HepxM2WpBzCW9HxzVUCUxjImDqTTrgobJkWx5eH7fE0PGFS2GK3G2pLVqvjJLwRbkfctKRHpXjk0EhW8A-V5TvX5QOep6fFHmOWXhUHj-GDATnhrMeTw4nxd3uv6XV6CHK_dxn8gxz3GgHn-BYdnDEs5TUT-U_VKHcpTFlTRrRcLnS7BefzmH7p9TH6sXNGA&u=aHR0cHMlM2ElMmYlMmZsYXMxMG1lam9yZXN2cG4uY29tJTJmJTNmdXRtX3NvdXJjZSUzZGJuMSUyNnNyYyUzZGJuMSUyNmFpZCUzZHZwbjFlcyUyNnV0bV9jYW1wYWlnbiUzZDM5NTQ1MTE2MiUyNmFkaWQlM2Q4MzI4ODM5NTk3ODM0OCUyNmFkZ3JvdXBpZCUzZDEzMzI2MDg1MTAxOTQ1NjIlMjZtc2Nsa2lkJTNkYzU2MmEzMmMzNzk1MWEwMDY4YzNjNTBhOTNkMmE4NTM&rlid=c562a32c37951a0068c3c50a93d2a853&ntb=1",,"Microsoft Edge",bing.com,Default,"001-003-LAptop-Pavana T3.E01"
History,"https://www.bing.com/search?q=las+mejores+vpn+gratis&cvid=1a4b883d57f841d2bae10be29e5adad5&aqs=edge.1.69i57j0l6.7898j0j1&pglt=43&FORM=ANNTA1&PC=U531","2024-04-22 11:54:18 CST","https://www.bing.com/search?q=las+mejores+vpn+gratis&cvid=1a4b883d57f841d2bae10be29e5adad5&aqs=edge.1.69i57j0l6.7898j0j1&pglt=43&FORM=ANNTA1&PC=U531","https://www.bing.com/search?q=las+mejores+vpn+gratis&cvid=1a4b883d57f841d2bae10be29e5adad5&aqs=edge.1.69i57j0l6.7898j0j1&pglt=43&FORM=ANNTA1&PC=U531","Microsoft Edge",bing.com,Default,"001-003-LAptop-Pavana T3.E01"
History,"https://las10mejoresvpn.com/?utm_source=bn1&src=bn1&aid=vpn1es&utm_campaign=395451162&adid=83288395978348&adgroupid=1332608510194562&msclkid=c562a32c37951a0068c3c50a93d2a853","2024-04-22 11:54:19 CST","https://las10mejoresvpn.com/?utm_source=bn1&src=bn1&aid=vpn1es&utm_campaign=395451162&adid=83288395978348&adgroupid=1332608510194562&msclkid=c562a32c37951a0068c3c50a93d2a853","Los 10 mejores servicios VPN del 2024","Microsoft Edge",las10mejoresvpn.com,Default,"001-003-LAptop-Pavana T3.E01"
History,"https://las10mejoresvpn.com/","2024-04-22 11:54:19 CST","https://las10mejoresvpn.com/","Los 10 mejores servicios VPN del 2024","Microsoft Edge",las10mejoresvpn.com,Default,"001-003-LAptop-Pavana T3.E01"
History,"https://www.bing.com/search?q=como+acercasrse+a+las+personas&cvid=dc7d453252a84b1ea0c2496ba026f344&aqs=edge..69i57j0l6.6688j0j1&pglt=43&FORM=ANNTA1&PC=U531","2024-04-22 11:54:34 CST","https://www.bing.com/search?q=como+acercasrse+a+las+personas&cvid=dc7d453252a84b1ea0c2496ba026f344&aqs=edge..69i57j0l6.6688j0j1&pglt=43&FORM=ANNTA1&PC=U531","como acercasrse a las personas - Búsqueda","Microsoft Edge",bing.com,Default,"001-003-LAptop-Pavana T3.E01"
History,"https://www.bing.com/search?q=como+acercasrse+a+las+personas&cvid=dc7d453252a84b1ea0c2496ba026f344&aqs=edge..69i57j0l6.6688j0j1&pglt=43&FORM=ANNTA1&PC=U531","2024-04-22 11:54:34 CST","https://www.bing.com/search?q=como+acercasrse+a+las+personas&cvid=dc7d453252a84b1ea0c2496ba026f344&aqs=edge..69i57j0l6.6688j0j1&pglt=43&FORM=ANNTA1&PC=U531","como acercasrse a las personas - Búsqueda","Microsoft Edge",bing.com,Default,"001-003-LAptop-Pavana T3.E01"
History,"https://www.bing.com/search?q=como+acercasrse+a+las+personas&cvid=dc7d453252a84b1ea0c2496ba026f344&aqs=edge..69i57j0l6.6688j0j1&pglt=43&FORM=ANNTA1&PC=U531&showconv=1","2024-04-22 11:54:40 CST","https://www.bing.com/search?q=como+acercasrse+a+las+personas&cvid=dc7d453252a84b1ea0c2496ba026f344&aqs=edge..69i57j0l6.6688j0j1&pglt=43&FORM=ANNTA1&PC=U531&showconv=1","Copilot con GPT-4","Microsoft Edge",bing.com,Default,"001-003-LAptop-Pavana T3.E01"
History,"https://www.bing.com/search?q=como+acercasrse+a+las+personas&cvid=dc7d453252a84b1ea0c2496ba026f344&aqs=edge..69i57j0l6.6688j0j1&pglt=43&FORM=ANNTA1&PC=U531&showconv=0","2024-04-22 11:58:09 CST","https://www.bing.com/search?q=como+acercasrse+a+las+personas&cvid=dc7d453252a84b1ea0c2496ba026f344&aqs=edge..69i57j0l6.6688j0j1&pglt=43&FORM=ANNTA1&PC=U531&showconv=0","https://www.bing.com/search?q=como+acercasrse+a+las+personas&cvid=dc7d453252a84b1ea0c2496ba026f344&aqs=edge..69i57j0l6.6688j0j1&pglt=43&FORM=ANNTA1&PC=U531&showconv=0","Microsoft Edge",bing.com,Default,"001-003-LAptop-Pavana T3.E01"
History,"https://www.bing.com/ck/a?!&&p=28e8c08ab0b9e587JmltdHM9MTcxMzc0NDAwMCZpZ3VpZD0xZGUwNzMxNC1lODk3LTY1OWYtMTYwNy02NzdjZTk3OTY0ZmEmaW5zaWQ9NTI2MQ&ptn=3&ver=2&hsh=3&fclid=1de07314-e897-659f-1607-677ce97964fa&psq=como+acercasrse+a+las+personas&u=a1aHR0cHM6Ly9naXJsaXNtZXMuY29tL2NvbW8tYWNlcmNhcnNlLWEtYWxndWllbi0xNS1yYXNnb3MtcXVlLWFjZXJjYW4tYS1sYXMtcGVyc29uYXMv&ntb=1","2024-04-22 11:58:01 CST","https://www.bing.com/ck/a?!&&p=28e8c08ab0b9e587JmltdHM9MTcxMzc0NDAwMCZpZ3VpZD0xZGUwNzMxNC1lODk3LTY1OWYtMTYwNy02NzdjZTk3OTY0ZmEmaW5zaWQ9NTI2MQ&ptn=3&ver=2&hsh=3&fclid=1de07314-e897-659f-1607-677ce97964fa&psq=como+acercasrse+a+las+personas&u=a1aHR0cHM6Ly9naXJsaXNtZXMuY29tL2NvbW8tYWNlcmNhcnNlLWEtYWxndWllbi0xNS1yYXNnb3MtcXVlLWFjZXJjYW4tYS1sYXMtcGVyc29uYXMv&ntb=1",,"Microsoft Edge",bing.com,Default,"001-003-LAptop-Pavana T3.E01"
History,"https://www.bing.com/search?q=como+acercasrse+a+las+personas&cvid=dc7d453252a84b1ea0c2496ba026f344&aqs=edge..69i57j0l6.6688j0j1&pglt=43&FORM=ANNTA1&PC=U531&showconv=0","2024-04-22 11:58:09 CST","https://www.bing.com/search?q=como+acercasrse+a+las+personas&cvid=dc7d453252a84b1ea0c2496ba026f344&aqs=edge..69i57j0l6.6688j0j1&pglt=43&FORM=ANNTA1&PC=U531&showconv=0","https://www.bing.com/search?q=como+acercasrse+a+las+personas&cvid=dc7d453252a84b1ea0c2496ba026f344&aqs=edge..69i57j0l6.6688j0j1&pglt=43&FORM=ANNTA1&PC=U531&showconv=0","Microsoft Edge",bing.com,Default,"001-003-LAptop-Pavana T3.E01"
History,"https://girlismes.com/como-acercarse-a-alguien-15-rasgos-que-acercan-a-las-personas/","2024-04-22 11:58:03 CST","https://girlismes.com/como-acercarse-a-alguien-15-rasgos-que-acercan-a-las-personas/","Cómo acercarse a alguien: 15 rasgos que acercan a las personas - Girlismes","Microsoft Edge",girlismes.com,Default,"001-003-LAptop-Pavana T3.E01"
History,"https://cojaabohubcc7388jf00.junctionspeedforum.co.in/01/?cid=d9f489670d6d66dfcd36&list=2&extclickid=806334679335579648&t1=4699499&t2=20783944&tsid=5&clickid=cojaabohubcc7388jf00&domain=routinglinkweb.com&lp_key=171388c5707c35f27ba430585cd004ced1eb608987&scenario=2&img=1#","2024-04-22 11:58:07 CST","https://cojaabohubcc7388jf00.junctionspeedforum.co.in/01/?cid=d9f489670d6d66dfcd36&list=2&extclickid=806334679335579648&t1=4699499&t2=20783944&tsid=5&clickid=cojaabohubcc7388jf00&domain=routinglinkweb.com&lp_key=171388c5707c35f27ba430585cd004ced1eb608987&scenario=2&img=1#","Cómo acercarse a alguien: 15 rasgos que acercan a las personas - Girlismes","Microsoft Edge",junctionspeedforum.co.in,Default,"001-003-LAptop-Pavana T3.E01"
History,"https://cojaabohubcc7388jf00.junctionspeedforum.co.in/01/?cid=d9f489670d6d66dfcd36&list=2&extclickid=806334679335579648&t1=4699499&t2=20783944&tsid=5&clickid=cojaabohubcc7388jf00&domain=routinglinkweb.com&lp_key=171388c5707c35f27ba430585cd004ced1eb608987&scenario=2&img=1#","2024-04-22 11:58:07 CST","https://cojaabohubcc7388jf00.junctionspeedforum.co.in/01/?cid=d9f489670d6d66dfcd36&list=2&extclickid=806334679335579648&t1=4699499&t2=20783944&tsid=5&clickid=cojaabohubcc7388jf00&domain=routinglinkweb.com&lp_key=171388c5707c35f27ba430585cd004ced1eb608987&scenario=2&img=1#","Cómo acercarse a alguien: 15 rasgos que acercan a las personas - Girlismes","Microsoft Edge",junctionspeedforum.co.in,Default,"001-003-LAptop-Pavana T3.E01"
History,"https://cojaabohubcc7388jf00.junctionspeedforum.co.in/01/?cid=d9f489670d6d66dfcd36&list=2&extclickid=806334679335579648&t1=4699499&t2=20783944&tsid=5&clickid=cojaabohubcc7388jf00&domain=routinglinkweb.com&lp_key=171388c5707c35f27ba430585cd004ced1eb608987&scenario=2&img=1#","2024-04-22 11:58:07 CST","https://cojaabohubcc7388jf00.junctionspeedforum.co.in/01/?cid=d9f489670d6d66dfcd36&list=2&extclickid=806334679335579648&t1=4699499&t2=20783944&tsid=5&clickid=cojaabohubcc7388jf00&domain=routinglinkweb.com&lp_key=171388c5707c35f27ba430585cd004ced1eb608987&scenario=2&img=1#","Cómo acercarse a alguien: 15 rasgos que acercan a las personas - Girlismes","Microsoft Edge",junctionspeedforum.co.in,Default,"001-003-LAptop-Pavana T3.E01"
History,"https://cojaabohubcc7388jf00.junctionspeedforum.co.in/01/?cid=d9f489670d6d66dfcd36&list=2&extclickid=806334679335579648&t1=4699499&t2=20783944&tsid=5&clickid=cojaabohubcc7388jf00&domain=routinglinkweb.com&lp_key=171388c5707c35f27ba430585cd004ced1eb608987&scenario=2&img=1#","2024-04-22 11:58:07 CST","https://cojaabohubcc7388jf00.junctionspeedforum.co.in/01/?cid=d9f489670d6d66dfcd36&list=2&extclickid=806334679335579648&t1=4699499&t2=20783944&tsid=5&clickid=cojaabohubcc7388jf00&domain=routinglinkweb.com&lp_key=171388c5707c35f27ba430585cd004ced1eb608987&scenario=2&img=1#","Cómo acercarse a alguien: 15 rasgos que acercan a las personas - Girlismes","Microsoft Edge",junctionspeedforum.co.in,Default,"001-003-LAptop-Pavana T3.E01"
History,"https://cojaabohubcc7388jf00.junctionspeedforum.co.in/01/?cid=d9f489670d6d66dfcd36&list=2&extclickid=806334679335579648&t1=4699499&t2=20783944&tsid=5&clickid=cojaabohubcc7388jf00&domain=routinglinkweb.com&lp_key=171388c5707c35f27ba430585cd004ced1eb608987&scenario=2&img=1#","2024-04-22 11:58:07 CST","https://cojaabohubcc7388jf00.junctionspeedforum.co.in/01/?cid=d9f489670d6d66dfcd36&list=2&extclickid=806334679335579648&t1=4699499&t2=20783944&tsid=5&clickid=cojaabohubcc7388jf00&domain=routinglinkweb.com&lp_key=171388c5707c35f27ba430585cd004ced1eb608987&scenario=2&img=1#","Cómo acercarse a alguien: 15 rasgos que acercan a las personas - Girlismes","Microsoft Edge",junctionspeedforum.co.in,Default,"001-003-LAptop-Pavana T3.E01"
History,"https://cojaabohubcc7388jf00.junctionspeedforum.co.in/01/?cid=d9f489670d6d66dfcd36&list=2&extclickid=806334679335579648&t1=4699499&t2=20783944&tsid=5&clickid=cojaabohubcc7388jf00&domain=routinglinkweb.com&lp_key=171388c5707c35f27ba430585cd004ced1eb608987&scenario=2&img=1#","2024-04-22 11:58:07 CST","https://cojaabohubcc7388jf00.junctionspeedforum.co.in/01/?cid=d9f489670d6d66dfcd36&list=2&extclickid=806334679335579648&t1=4699499&t2=20783944&tsid=5&clickid=cojaabohubcc7388jf00&domain=routinglinkweb.com&lp_key=171388c5707c35f27ba430585cd004ced1eb608987&scenario=2&img=1#","Cómo acercarse a alguien: 15 rasgos que acercan a las personas - Girlismes","Microsoft Edge",junctionspeedforum.co.in,Default,"001-003-LAptop-Pavana T3.E01"
History,"https://cojaabohubcc7388jf00.junctionspeedforum.co.in/01/?cid=d9f489670d6d66dfcd36&list=2&extclickid=806334679335579648&t1=4699499&t2=20783944&tsid=5&clickid=cojaabohubcc7388jf00&domain=routinglinkweb.com&lp_key=171388c5707c35f27ba430585cd004ced1eb608987&scenario=2&img=1#","2024-04-22 11:58:07 CST","https://cojaabohubcc7388jf00.junctionspeedforum.co.in/01/?cid=d9f489670d6d66dfcd36&list=2&extclickid=806334679335579648&t1=4699499&t2=20783944&tsid=5&clickid=cojaabohubcc7388jf00&domain=routinglinkweb.com&lp_key=171388c5707c35f27ba430585cd004ced1eb608987&scenario=2&img=1#","Cómo acercarse a alguien: 15 rasgos que acercan a las personas - Girlismes","Microsoft Edge",junctionspeedforum.co.in,Default,"001-003-LAptop-Pavana T3.E01"
History,"https://cojaabohubcc7388jf00.junctionspeedforum.co.in/01/?cid=d9f489670d6d66dfcd36&list=2&extclickid=806334679335579648&t1=4699499&t2=20783944&tsid=5&clickid=cojaabohubcc7388jf00&domain=routinglinkweb.com&lp_key=171388c5707c35f27ba430585cd004ced1eb608987&scenario=2&img=1#","2024-04-22 11:58:07 CST","https://cojaabohubcc7388jf00.junctionspeedforum.co.in/01/?cid=d9f489670d6d66dfcd36&list=2&extclickid=806334679335579648&t1=4699499&t2=20783944&tsid=5&clickid=cojaabohubcc7388jf00&domain=routinglinkweb.com&lp_key=171388c5707c35f27ba430585cd004ced1eb608987&scenario=2&img=1#","Cómo acercarse a alguien: 15 rasgos que acercan a las personas - Girlismes","Microsoft Edge",junctionspeedforum.co.in,Default,"001-003-LAptop-Pavana T3.E01"
History,"https://cojaabohubcc7388jf00.junctionspeedforum.co.in/01/?cid=d9f489670d6d66dfcd36&list=2&extclickid=806334679335579648&t1=4699499&t2=20783944&tsid=5&clickid=cojaabohubcc7388jf00&domain=routinglinkweb.com&lp_key=171388c5707c35f27ba430585cd004ced1eb608987&scenario=2&img=1#","2024-04-22 11:58:07 CST","https://cojaabohubcc7388jf00.junctionspeedforum.co.in/01/?cid=d9f489670d6d66dfcd36&list=2&extclickid=806334679335579648&t1=4699499&t2=20783944&tsid=5&clickid=cojaabohubcc7388jf00&domain=routinglinkweb.com&lp_key=171388c5707c35f27ba430585cd004ced1eb608987&scenario=2&img=1#","Cómo acercarse a alguien: 15 rasgos que acercan a las personas - Girlismes","Microsoft Edge",junctionspeedforum.co.in,Default,"001-003-LAptop-Pavana T3.E01"
History,"https://cojaabohubcc7388jf00.junctionspeedforum.co.in/01/?cid=d9f489670d6d66dfcd36&list=2&extclickid=806334679335579648&t1=4699499&t2=20783944&tsid=5&clickid=cojaabohubcc7388jf00&domain=routinglinkweb.com&lp_key=171388c5707c35f27ba430585cd004ced1eb608987&scenario=2&img=1#","2024-04-22 11:58:07 CST","https://cojaabohubcc7388jf00.junctionspeedforum.co.in/01/?cid=d9f489670d6d66dfcd36&list=2&extclickid=806334679335579648&t1=4699499&t2=20783944&tsid=5&clickid=cojaabohubcc7388jf00&domain=routinglinkweb.com&lp_key=171388c5707c35f27ba430585cd004ced1eb608987&scenario=2&img=1#","Cómo acercarse a alguien: 15 rasgos que acercan a las personas - Girlismes","Microsoft Edge",junctionspeedforum.co.in,Default,"001-003-LAptop-Pavana T3.E01"
History,"https://www.bing.com/ck/a?!&&p=0c2298ca80ba8135JmltdHM9MTcxMzc0NDAwMCZpZ3VpZD0xZGUwNzMxNC1lODk3LTY1OWYtMTYwNy02NzdjZTk3OTY0ZmEmaW5zaWQ9NTQwNw&ptn=3&ver=2&hsh=3&fclid=1de07314-e897-659f-1607-677ce97964fa&psq=como+acercasrse+a+las+personas&u=a1aHR0cHM6Ly9lcy53aWtpaG93LmNvbS9yZWxhY2lvbmFyc2UtY29uLWxvcy1kZW0lQzMlQTFz&ntb=1","2024-04-22 11:58:09 CST","https://www.bing.com/ck/a?!&&p=0c2298ca80ba8135JmltdHM9MTcxMzc0NDAwMCZpZ3VpZD0xZGUwNzMxNC1lODk3LTY1OWYtMTYwNy02NzdjZTk3OTY0ZmEmaW5zaWQ9NTQwNw&ptn=3&ver=2&hsh=3&fclid=1de07314-e897-659f-1607-677ce97964fa&psq=como+acercasrse+a+las+personas&u=a1aHR0cHM6Ly9lcy53aWtpaG93LmNvbS9yZWxhY2lvbmFyc2UtY29uLWxvcy1kZW0lQzMlQTFz&ntb=1",,"Microsoft Edge",bing.com,Default,"001-003-LAptop-Pavana T3.E01"
History,"https://www.bing.com/search?q=como+acercasrse+a+las+personas&cvid=dc7d453252a84b1ea0c2496ba026f344&aqs=edge..69i57j0l6.6688j0j1&pglt=43&FORM=ANNTA1&PC=U531&showconv=0","2024-04-22 11:58:09 CST","https://www.bing.com/search?q=como+acercasrse+a+las+personas&cvid=dc7d453252a84b1ea0c2496ba026f344&aqs=edge..69i57j0l6.6688j0j1&pglt=43&FORM=ANNTA1&PC=U531&showconv=0","https://www.bing.com/search?q=como+acercasrse+a+las+personas&cvid=dc7d453252a84b1ea0c2496ba026f344&aqs=edge..69i57j0l6.6688j0j1&pglt=43&FORM=ANNTA1&PC=U531&showconv=0","Microsoft Edge",bing.com,Default,"001-003-LAptop-Pavana T3.E01"
History,"https://es.wikihow.com/relacionarse-con-los-dem%C3%A1s","2024-04-22 11:58:09 CST","https://es.wikihow.com/relacionarse-con-los-dem%C3%A1s","Cómo relacionarse con los demás: 15 Pasos (con imágenes)","Microsoft Edge",wikihow.com,Default,"001-003-LAptop-Pavana T3.E01"
History,http://google.com/,"2024-04-22 11:59:12 CST",http://google.com/,Google,"Microsoft Edge",google.com,Default,"001-003-LAptop-Pavana T3.E01"
History,http://www.google.com/,"2024-04-22 11:59:12 CST",http://www.google.com/,Google,"Microsoft Edge",google.com,Default,"001-003-LAptop-Pavana T3.E01"
History,https://www.google.com/,"2024-04-22 11:59:13 CST",https://www.google.com/,Google,"Microsoft Edge",google.com,Default,"001-003-LAptop-Pavana T3.E01"
History,https://www.google.com/,"2024-04-22 11:59:13 CST",https://www.google.com/,Google,"Microsoft Edge",google.com,Default,"001-003-LAptop-Pavana T3.E01"
History,"https://www.google.com/search?q=como+lograr+tener+amigos&sca_esv=ffa6a5b912f672b6&sca_upv=1&source=hp&ei=RaUmZtn1Ot26kPIP7-KqQA&iflsig=ANes7DEAAAAAZiazVTowG4kIsm6E-MLC_2_1MXb6hbIN&ved=0ahUKEwiZrPv6staFAxVdHUQIHW-xCggQ4dUDCA4&uact=5&oq=como+lograr+tener+amigos&gs_lp=Egdnd3Mtd2l6Ihhjb21vIGxvZ3JhciB0ZW5lciBhbWlnb3MyBRAAGIAEMggQABiABBiiBEj_VVAAWNJScAJ4AJABAJgBb6AB_g-qAQQyNS4xuAEDyAEA-AEBmAIcoAKTEsICCxAuGIAEGLEDGIMBwgIIEAAYgAQYsQPCAhEQLhiABBixAxjRAxiDARjHAcICDhAAGIAEGLEDGIMBGIoFwgILEAAYgAQYsQMYgwHCAg4QLhiABBixAxiDARiKBcICDhAuGIAEGLEDGNEDGMcBwgIEEAAYA8ICFBAuGIAEGLEDGNEDGIMBGMcBGIoFwgILEAAYgAQYkgMYigXCAg4QLhiABBixAxiDARjUAsICBRAuGIAEwgIGEAAYFhgewgIIEAAYFhgeGA-YAwCSBwQyMS43oAfXogE&sclient=gws-wiz","2024-04-22 11:58:53 CST","https://www.google.com/search?q=como+lograr+tener+amigos&sca_esv=ffa6a5b912f672b6&sca_upv=1&source=hp&ei=RaUmZtn1Ot26kPIP7-KqQA&iflsig=ANes7DEAAAAAZiazVTowG4kIsm6E-MLC_2_1MXb6hbIN&ved=0ahUKEwiZrPv6staFAxVdHUQIHW-xCggQ4dUDCA4&uact=5&oq=como+lograr+tener+amigos&gs_lp=Egdnd3Mtd2l6Ihhjb21vIGxvZ3JhciB0ZW5lciBhbWlnb3MyBRAAGIAEMggQABiABBiiBEj_VVAAWNJScAJ4AJABAJgBb6AB_g-qAQQyNS4xuAEDyAEA-AEBmAIcoAKTEsICCxAuGIAEGLEDGIMBwgIIEAAYgAQYsQPCAhEQLhiABBixAxjRAxiDARjHAcICDhAAGIAEGLEDGIMBGIoFwgILEAAYgAQYsQMYgwHCAg4QLhiABBixAxiDARiKBcICDhAuGIAEGLEDGNEDGMcBwgIEEAAYA8ICFBAuGIAEGLEDGNEDGIMBGMcBGIoFwgILEAAYgAQYkgMYigXCAg4QLhiABBixAxiDARjUAsICBRAuGIAEwgIGEAAYFhgewgIIEAAYFhgeGA-YAwCSBwQyMS43oAfXogE&sclient=gws-wiz","como lograr tener amigos - Buscar con Google","Microsoft Edge",google.com,Default,"001-003-LAptop-Pavana T3.E01"
History,"https://www.google.com/search?q=como+lograr+tener+amigos&sca_esv=ffa6a5b912f672b6&sca_upv=1&source=hp&ei=RaUmZtn1Ot26kPIP7-KqQA&iflsig=ANes7DEAAAAAZiazVTowG4kIsm6E-MLC_2_1MXb6hbIN&ved=0ahUKEwiZrPv6staFAxVdHUQIHW-xCggQ4dUDCA4&uact=5&oq=como+lograr+tener+amigos&gs_lp=Egdnd3Mtd2l6Ihhjb21vIGxvZ3JhciB0ZW5lciBhbWlnb3MyBRAAGIAEMggQABiABBiiBEj_VVAAWNJScAJ4AJABAJgBb6AB_g-qAQQyNS4xuAEDyAEA-AEBmAIcoAKTEsICCxAuGIAEGLEDGIMBwgIIEAAYgAQYsQPCAhEQLhiABBixAxjRAxiDARjHAcICDhAAGIAEGLEDGIMBGIoFwgILEAAYgAQYsQMYgwHCAg4QLhiABBixAxiDARiKBcICDhAuGIAEGLEDGNEDGMcBwgIEEAAYA8ICFBAuGIAEGLEDGNEDGIMBGMcBGIoFwgILEAAYgAQYkgMYigXCAg4QLhiABBixAxiDARjUAsICBRAuGIAEwgIGEAAYFhgewgIIEAAYFhgeGA-YAwCSBwQyMS43oAfXogE&sclient=gws-wiz","2024-04-22 11:58:53 CST","https://www.google.com/search?q=como+lograr+tener+amigos&sca_esv=ffa6a5b912f672b6&sca_upv=1&source=hp&ei=RaUmZtn1Ot26kPIP7-KqQA&iflsig=ANes7DEAAAAAZiazVTowG4kIsm6E-MLC_2_1MXb6hbIN&ved=0ahUKEwiZrPv6staFAxVdHUQIHW-xCggQ4dUDCA4&uact=5&oq=como+lograr+tener+amigos&gs_lp=Egdnd3Mtd2l6Ihhjb21vIGxvZ3JhciB0ZW5lciBhbWlnb3MyBRAAGIAEMggQABiABBiiBEj_VVAAWNJScAJ4AJABAJgBb6AB_g-qAQQyNS4xuAEDyAEA-AEBmAIcoAKTEsICCxAuGIAEGLEDGIMBwgIIEAAYgAQYsQPCAhEQLhiABBixAxjRAxiDARjHAcICDhAAGIAEGLEDGIMBGIoFwgILEAAYgAQYsQMYgwHCAg4QLhiABBixAxiDARiKBcICDhAuGIAEGLEDGNEDGMcBwgIEEAAYA8ICFBAuGIAEGLEDGNEDGIMBGMcBGIoFwgILEAAYgAQYkgMYigXCAg4QLhiABBixAxiDARjUAsICBRAuGIAEwgIGEAAYFhgewgIIEAAYFhgeGA-YAwCSBwQyMS43oAfXogE&sclient=gws-wiz","como lograr tener amigos - Buscar con Google","Microsoft Edge",google.com,Default,"001-003-LAptop-Pavana T3.E01"
History,"https://www.google.com/url?sa=t&rct=j&q=&esrc=s&source=web&cd=&ved=2ahUKEwjk5ICGs9aFAxXIOkQIHWFTBA4QFnoECC0QAQ&url=https%3A%2F%2Fes.wikihow.com%2Fhacer-amigos-si-no-eres-muy-sociable&usg=AOvVaw2FpFZUfOQ-GLUxwfW_1t0i&opi=89978449","2024-04-22 11:58:58 CST","https://www.google.com/url?sa=t&rct=j&q=&esrc=s&source=web&cd=&ved=2ahUKEwjk5ICGs9aFAxXIOkQIHWFTBA4QFnoECC0QAQ&url=https%3A%2F%2Fes.wikihow.com%2Fhacer-amigos-si-no-eres-muy-sociable&usg=AOvVaw2FpFZUfOQ-GLUxwfW_1t0i&opi=89978449","3 formas de hacer amigos si no eres muy sociable","Microsoft Edge",google.com,Default,"001-003-LAptop-Pavana T3.E01"
History,"https://es.wikihow.com/hacer-amigos-si-no-eres-muy-sociable","2024-04-22 11:58:58 CST","https://es.wikihow.com/hacer-amigos-si-no-eres-muy-sociable","3 formas de hacer amigos si no eres muy sociable","Microsoft Edge",wikihow.com,Default,"001-003-LAptop-Pavana T3.E01"
History,http://google.com/,"2024-04-22 11:59:12 CST",http://google.com/,Google,"Microsoft Edge",google.com,Default,"001-003-LAptop-Pavana T3.E01"
History,http://www.google.com/,"2024-04-22 11:59:12 CST",http://www.google.com/,Google,"Microsoft Edge",google.com,Default,"001-003-LAptop-Pavana T3.E01"
History,https://www.google.com/,"2024-04-22 11:59:13 CST",https://www.google.com/,Google,"Microsoft Edge",google.com,Default,"001-003-LAptop-Pavana T3.E01"
History,https://www.google.com/,"2024-04-22 11:59:13 CST",https://www.google.com/,Google,"Microsoft Edge",google.com,Default,"001-003-LAptop-Pavana T3.E01"
History,"https://www.google.com/search?q=que+se+siebte+ser+famoso&sca_esv=139173b825692227&sca_upv=1&source=hp&ei=cKUmZobfJbfl2roP2bqruA4&iflsig=ANes7DEAAAAAZiazgLl_fa4HQXkE73gEdLu7ZrZFHMae&ved=0ahUKEwiG16aPs9aFAxW3slYBHVndCucQ4dUDCA0&uact=5&oq=que+se+siebte+ser+famoso&gs_lp=Egdnd3Mtd2l6IhhxdWUgc2Ugc2llYnRlIHNlciBmYW1vc28yBxAAGIAEGA0yCBAAGIAEGKIESN9BUABYoTtwAngAkAEAmAHVAaABiBOqAQYxOS42LjG4AQPIAQD4AQGYAhygAqEVwgIPEAAYgAQYQxiKBRhGGPkBwgIFEAAYgATCAgoQABiABBhDGIoFwgILEAAYgAQYsQMYigXCAggQABiABBixA8ICBBAAGAPCAg4QABiABBixAxiDARiKBcICBxAAGIAEGArCAgcQLhiABBgNwgIIEAAYFhgeGA_CAgYQABgWGB7CAgoQABgWGAoYHhgPmAMAkgcHMTYuMTEuMaAHubsB&sclient=gws-wiz","2024-04-22 11:59:23 CST","https://www.google.com/search?q=que+se+siebte+ser+famoso&sca_esv=139173b825692227&sca_upv=1&source=hp&ei=cKUmZobfJbfl2roP2bqruA4&iflsig=ANes7DEAAAAAZiazgLl_fa4HQXkE73gEdLu7ZrZFHMae&ved=0ahUKEwiG16aPs9aFAxW3slYBHVndCucQ4dUDCA0&uact=5&oq=que+se+siebte+ser+famoso&gs_lp=Egdnd3Mtd2l6IhhxdWUgc2Ugc2llYnRlIHNlciBmYW1vc28yBxAAGIAEGA0yCBAAGIAEGKIESN9BUABYoTtwAngAkAEAmAHVAaABiBOqAQYxOS42LjG4AQPIAQD4AQGYAhygAqEVwgIPEAAYgAQYQxiKBRhGGPkBwgIFEAAYgATCAgoQABiABBhDGIoFwgILEAAYgAQYsQMYigXCAggQABiABBixA8ICBBAAGAPCAg4QABiABBixAxiDARiKBcICBxAAGIAEGArCAgcQLhiABBgNwgIIEAAYFhgeGA_CAgYQABgWGB7CAgoQABgWGAoYHhgPmAMAkgcHMTYuMTEuMaAHubsB&sclient=gws-wiz","que se siebte ser famoso - Buscar con Google","Microsoft Edge",google.com,Default,"001-003-LAptop-Pavana T3.E01"
History,"https://www.google.com/search?q=que+se+siebte+ser+famoso&sca_esv=139173b825692227&sca_upv=1&source=hp&ei=cKUmZobfJbfl2roP2bqruA4&iflsig=ANes7DEAAAAAZiazgLl_fa4HQXkE73gEdLu7ZrZFHMae&ved=0ahUKEwiG16aPs9aFAxW3slYBHVndCucQ4dUDCA0&uact=5&oq=que+se+siebte+ser+famoso&gs_lp=Egdnd3Mtd2l6IhhxdWUgc2Ugc2llYnRlIHNlciBmYW1vc28yBxAAGIAEGA0yCBAAGIAEGKIESN9BUABYoTtwAngAkAEAmAHVAaABiBOqAQYxOS42LjG4AQPIAQD4AQGYAhygAqEVwgIPEAAYgAQYQxiKBRhGGPkBwgIFEAAYgATCAgoQABiABBhDGIoFwgILEAAYgAQYsQMYigXCAggQABiABBixA8ICBBAAGAPCAg4QABiABBixAxiDARiKBcICBxAAGIAEGArCAgcQLhiABBgNwgIIEAAYFhgeGA_CAgYQABgWGB7CAgoQABgWGAoYHhgPmAMAkgcHMTYuMTEuMaAHubsB&sclient=gws-wiz","2024-04-22 11:59:23 CST","https://www.google.com/search?q=que+se+siebte+ser+famoso&sca_esv=139173b825692227&sca_upv=1&source=hp&ei=cKUmZobfJbfl2roP2bqruA4&iflsig=ANes7DEAAAAAZiazgLl_fa4HQXkE73gEdLu7ZrZFHMae&ved=0ahUKEwiG16aPs9aFAxW3slYBHVndCucQ4dUDCA0&uact=5&oq=que+se+siebte+ser+famoso&gs_lp=Egdnd3Mtd2l6IhhxdWUgc2Ugc2llYnRlIHNlciBmYW1vc28yBxAAGIAEGA0yCBAAGIAEGKIESN9BUABYoTtwAngAkAEAmAHVAaABiBOqAQYxOS42LjG4AQPIAQD4AQGYAhygAqEVwgIPEAAYgAQYQxiKBRhGGPkBwgIFEAAYgATCAgoQABiABBhDGIoFwgILEAAYgAQYsQMYigXCAggQABiABBixA8ICBBAAGAPCAg4QABiABBixAxiDARiKBcICBxAAGIAEGArCAgcQLhiABBgNwgIIEAAYFhgeGA_CAgYQABgWGB7CAgoQABgWGAoYHhgPmAMAkgcHMTYuMTEuMaAHubsB&sclient=gws-wiz","que se siebte ser famoso - Buscar con Google","Microsoft Edge",google.com,Default,"001-003-LAptop-Pavana T3.E01"
History,"https://www.google.com/url?sa=t&rct=j&q=&esrc=s&source=web&cd=&ved=2ahUKEwjO66OUs9aFAxVgJ0QIHYSMC0gQFnoECB8QAQ&url=https%3A%2F%2Fes.quora.com%2FQu%25C3%25A9-se-siente-ser-famoso&usg=AOvVaw17ruw6_zHaITrH1T1Zbtch&opi=89978449","2024-04-22 11:59:26 CST","https://www.google.com/url?sa=t&rct=j&q=&esrc=s&source=web&cd=&ved=2ahUKEwjO66OUs9aFAxVgJ0QIHYSMC0gQFnoECB8QAQ&url=https%3A%2F%2Fes.quora.com%2FQu%25C3%25A9-se-siente-ser-famoso&usg=AOvVaw17ruw6_zHaITrH1T1Zbtch&opi=89978449","¿Qué se siente ser famoso? - Quora","Microsoft Edge",google.com,Default,"001-003-LAptop-Pavana T3.E01"
History,"https://es.quora.com/Qu%C3%A9-se-siente-ser-famoso","2024-04-22 11:59:26 CST","https://es.quora.com/Qu%C3%A9-se-siente-ser-famoso","¿Qué se siente ser famoso? - Quora","Microsoft Edge",quora.com,Default,"001-003-LAptop-Pavana T3.E01"
History,"https://www.bing.com/search?q=brave+browser&cvid=17052535966c449c93154fbe40ca897a&aqs=edge.1.69i57j0l6.2747j0j1&pglt=43&PC=U531&FPIG=06AD15318E9B4FE781C79A1B588F17E1&first=11&FORM=PERE","2024-04-22 11:59:44 CST","https://www.bing.com/search?q=brave+browser&cvid=17052535966c449c93154fbe40ca897a&aqs=edge.1.69i57j0l6.2747j0j1&pglt=43&PC=U531&FPIG=06AD15318E9B4FE781C79A1B588F17E1&first=11&FORM=PERE","brave browser - Búsqueda","Microsoft Edge",bing.com,Default,"001-003-LAptop-Pavana T3.E01"
History,"https://ntp.msn.com/edge/ntp?locale=es-419&title=Nueva%20pesta%C3%B1a&dsp=1&sp=Bing","2024-04-22 16:29:26 CST","https://ntp.msn.com/edge/ntp?locale=es-419&title=Nueva%20pesta%C3%B1a&dsp=1&sp=Bing","Nueva pestaña","Microsoft Edge",msn.com,Default,"001-003-LAptop-Pavana T3.E01"
History,"https://ntp.msn.com/edge/ntp?locale=es-419&title=Nueva%20pesta%C3%B1a&dsp=1&sp=Bing","2024-04-22 16:29:26 CST","https://ntp.msn.com/edge/ntp?locale=es-419&title=Nueva%20pesta%C3%B1a&dsp=1&sp=Bing","Nueva pestaña","Microsoft Edge",msn.com,Default,"001-003-LAptop-Pavana T3.E01"
History,"https://ntp.msn.com/edge/ntp?locale=es-419&title=Nueva%20pesta%C3%B1a&dsp=1&sp=Bing","2024-04-22 16:29:26 CST","https://ntp.msn.com/edge/ntp?locale=es-419&title=Nueva%20pesta%C3%B1a&dsp=1&sp=Bing","Nueva pestaña","Microsoft Edge",msn.com,Default,"001-003-LAptop-Pavana T3.E01"
History,"https://www.bing.com/search?q=el+pais+de+los+juegos&cvid=9d82c03d31474280801f873c78525d67&aqs=edge..69i57l2j69i60j5l3j69i60.2925j0j1&pglt=43&FORM=ANNTA1&PC=U531","2024-04-22 23:15:49 CST","https://www.bing.com/search?q=el+pais+de+los+juegos&cvid=9d82c03d31474280801f873c78525d67&aqs=edge..69i57l2j69i60j5l3j69i60.2925j0j1&pglt=43&FORM=ANNTA1&PC=U531","https://www.bing.com/search?q=el+pais+de+los+juegos&cvid=9d82c03d31474280801f873c78525d67&aqs=edge..69i57l2j69i60j5l3j69i60.2925j0j1&pglt=43&FORM=ANNTA1&PC=U531","Microsoft Edge",bing.com,Default,"001-003-LAptop-Pavana T3.E01"
History,"https://www.bing.com/ck/a?!&&p=2986951a60874024JmltdHM9MTcxMzc0NDAwMCZpZ3VpZD0xZGUwNzMxNC1lODk3LTY1OWYtMTYwNy02NzdjZTk3OTY0ZmEmaW5zaWQ9NTIwNg&ptn=3&ver=2&hsh=3&fclid=1de07314-e897-659f-1607-677ce97964fa&psq=el+pais+de+los+juegos&u=a1aHR0cHM6Ly9wb2tpLmNvbS9lcy9wYWlzLWRlLWxvcy1qdWVnb3M&ntb=1","2024-04-22 23:15:49 CST","https://www.bing.com/ck/a?!&&p=2986951a60874024JmltdHM9MTcxMzc0NDAwMCZpZ3VpZD0xZGUwNzMxNC1lODk3LTY1OWYtMTYwNy02NzdjZTk3OTY0ZmEmaW5zaWQ9NTIwNg&ptn=3&ver=2&hsh=3&fclid=1de07314-e897-659f-1607-677ce97964fa&psq=el+pais+de+los+juegos&u=a1aHR0cHM6Ly9wb2tpLmNvbS9lcy9wYWlzLWRlLWxvcy1qdWVnb3M&ntb=1",,"Microsoft Edge",bing.com,Default,"001-003-LAptop-Pavana T3.E01"
History,"https://www.bing.com/search?q=el+pais+de+los+juegos&cvid=9d82c03d31474280801f873c78525d67&aqs=edge..69i57l2j69i60j5l3j69i60.2925j0j1&pglt=43&FORM=ANNTA1&PC=U531","2024-04-22 23:15:49 CST","https://www.bing.com/search?q=el+pais+de+los+juegos&cvid=9d82c03d31474280801f873c78525d67&aqs=edge..69i57l2j69i60j5l3j69i60.2925j0j1&pglt=43&FORM=ANNTA1&PC=U531","https://www.bing.com/search?q=el+pais+de+los+juegos&cvid=9d82c03d31474280801f873c78525d67&aqs=edge..69i57l2j69i60j5l3j69i60.2925j0j1&pglt=43&FORM=ANNTA1&PC=U531","Microsoft Edge",bing.com,Default,"001-003-LAptop-Pavana T3.E01"
History,"https://poki.com/es/pais-de-los-juegos","2024-04-22 23:15:49 CST","https://poki.com/es/pais-de-los-juegos","PAIS DE LOS JUEGOS 🎮 - ¡Juega Gratis Online! | Poki","Microsoft Edge",poki.com,Default,"001-003-LAptop-Pavana T3.E01"
History,"https://poki.com/es/g/murder","2024-04-22 21:11:56 CST","https://poki.com/es/g/murder","MURDER - ¡Juega Gratis Online! | Poki","Microsoft Edge",poki.com,Default,"001-003-LAptop-Pavana T3.E01"
History,"https://poki.com/es/g/murder","2024-04-22 21:11:56 CST","https://poki.com/es/g/murder","MURDER - ¡Juega Gratis Online! | Poki","Microsoft Edge",poki.com,Default,"001-003-LAptop-Pavana T3.E01"
History,"https://www.bing.com/search?q=el+pais+de+los+juegos&cvid=9d82c03d31474280801f873c78525d67&aqs=edge..69i57l2j69i60j5l3j69i60.2925j0j1&pglt=43&FORM=ANNTA1&PC=U531","2024-04-22 23:15:49 CST","https://www.bing.com/search?q=el+pais+de+los+juegos&cvid=9d82c03d31474280801f873c78525d67&aqs=edge..69i57l2j69i60j5l3j69i60.2925j0j1&pglt=43&FORM=ANNTA1&PC=U531","https://www.bing.com/search?q=el+pais+de+los+juegos&cvid=9d82c03d31474280801f873c78525d67&aqs=edge..69i57l2j69i60j5l3j69i60.2925j0j1&pglt=43&FORM=ANNTA1&PC=U531","Microsoft Edge",bing.com,Default,"001-003-LAptop-Pavana T3.E01"
History,"https://funboost.games/funboost/?poster=fivenightsatfreddys_ultimatecustomnight&gclid=EAIaIQobChMIvNTu2K7XhQMVYzqtBh1hRAJJEAEYASAGEgKeMPD_BwE","2024-04-22 21:16:28 CST","https://funboost.games/funboost/?poster=fivenightsatfreddys_ultimatecustomnight&gclid=EAIaIQobChMIvNTu2K7XhQMVYzqtBh1hRAJJEAEYASAGEgKeMPD_BwE","Welcome to funboost.games - Your Gateway to Fun","Microsoft Edge",funboost.games,Default,"001-003-LAptop-Pavana T3.E01"
History,"https://www.funboost.games/game/fivenightsatfreddys/","2024-04-22 21:16:31 CST","https://www.funboost.games/game/fivenightsatfreddys/","Five Nights at Freddy's Uncovered - Every Bit of Fun Revealed","Microsoft Edge",funboost.games,Default,"001-003-LAptop-Pavana T3.E01"
History,"https://www.funboost.games/game/fivenightsatfreddys/#google_vignette","2024-04-22 23:15:10 CST","https://www.funboost.games/game/fivenightsatfreddys/#google_vignette","Five Nights at Freddy's Uncovered - Every Bit of Fun Revealed","Microsoft Edge",funboost.games,Default,"001-003-LAptop-Pavana T3.E01"
History,"https://esseps.com/lander?query=gcp%20cloud%20platform&utm_term=gcp%20cloud%20platform,cyber%20security%20detection,enterprise%20cyber%20security&camp_id=309914&gclid=EAIaIQobChMI64bA2K_XhQMVFt0YAh1SqAEDEAEYASAAEgKOz_D_BwE&gclid=EAIaIQobChMI64bA2K_XhQMVFt0YAh1SqAEDEAEYASAAEgKOz_D_BwE","2024-04-22 23:15:15 CST","https://esseps.com/lander?query=gcp%20cloud%20platform&utm_term=gcp%20cloud%20platform,cyber%20security%20detection,enterprise%20cyber%20security&camp_id=309914&gclid=EAIaIQobChMI64bA2K_XhQMVFt0YAh1SqAEDEAEYASAAEgKOz_D_BwE&gclid=EAIaIQobChMI64bA2K_XhQMVFt0YAh1SqAEDEAEYASAAEgKOz_D_BwE","Search for gcp%20cloud%20platform - esseps.com","Microsoft Edge",esseps.com,Default,"001-003-LAptop-Pavana T3.E01"
History,"https://esseps.com/search?kw=true&tc=5&camp_id=309914&utm_term=gcp+cloud+platform,cyber+security+detection,enterprise+cyber+security&gclid=EAIaIQobChMI64bA2K_XhQMVFt0YAh1SqAEDEAEYASAAEgKOz_D_BwE,EAIaIQobChMI64bA2K_XhQMVFt0YAh1SqAEDEAEYASAAEgKOz_D_BwE&iid=7f334d1d-f1ab-422d-8d17-b89d5d27c813&query=Google+Business&rsToken=ChMIzIbbncrXhQMVx-nJAx3bDQ1vEmsBlLqpj-cUB4tXfNP5vdAzBy-qqahyPPn9A55Bz-ZAIl4LHh7iDJVgsIsbIMSYH_pnm-HToo3E5iwA59Pl7qvVzs_BcKOhp1wCBEG2-K5BK5fD6wtSxlJAZj0TQdghIkYyNsQSjtFLkZwGEQ&nb=0&rurl=https%3A%2F%2Fgoogleads.g.doubleclick.net%2F&nm=6&nx=598&ny=35&is=789x340&clkt=123","2024-04-22 23:15:24 CST","https://esseps.com/search?kw=true&tc=5&camp_id=309914&utm_term=gcp+cloud+platform,cyber+security+detection,enterprise+cyber+security&gclid=EAIaIQobChMI64bA2K_XhQMVFt0YAh1SqAEDEAEYASAAEgKOz_D_BwE,EAIaIQobChMI64bA2K_XhQMVFt0YAh1SqAEDEAEYASAAEgKOz_D_BwE&iid=7f334d1d-f1ab-422d-8d17-b89d5d27c813&query=Google+Business&rsToken=ChMIzIbbncrXhQMVx-nJAx3bDQ1vEmsBlLqpj-cUB4tXfNP5vdAzBy-qqahyPPn9A55Bz-ZAIl4LHh7iDJVgsIsbIMSYH_pnm-HToo3E5iwA59Pl7qvVzs_BcKOhp1wCBEG2-K5BK5fD6wtSxlJAZj0TQdghIkYyNsQSjtFLkZwGEQ&nb=0&rurl=https%3A%2F%2Fgoogleads.g.doubleclick.net%2F&nm=6&nx=598&ny=35&is=789x340&clkt=123","Search for Google Business - esseps.com","Microsoft Edge",esseps.com,Default,"001-003-LAptop-Pavana T3.E01"
History,"https://www.googleadservices.com/pagead/aclk?sa=L&ai=DChcSEwjj7dehyteFAxWnLdQBHf53DiQYABAAGgJvYQ&gclid=EAIaIQobChMI4-3XocrXhQMVpy3UAR3-dw4kEAAYASAAEgK2LPD_BwE&ohost=&cid=CAASAuRo&sig=AOD64_1ie4CF2ouDtBDSK2zXvLmVV43L_A&adurl=https://ad.doubleclick.net/searchads/link/click%3Flid%3D43700075698912938%26ds_s_kwgid%3D58700008328827999%26ds_a_cid%3D24823224%26ds_a_caid%3D19851267048%26ds_a_agid%3D149961051049%26ds_a_fiid%3D%26ds_a_lid%3Dkwd-22908196%26ds_a_extid%3D%26%26ds_e_adid%3D666219707433%26ds_e_matchtype%3Dsearch%26ds_e_device%3Dc%26ds_e_network%3Ds%26%26ds_url_v%3D2%26ds_dest_url%3Dhttps://workspace.google.com/intl/es-419/features/%3Futm_source%3Dgoogle%26utm_medium%3Dcpc%26utm_campaign%3Dlatam-MX-all-es-dr-bkws-all-all-trial-b-dr-1707806-LUAC0020129%26utm_content%3Dtext-ad-none-any-DEV_c-CRE_666219707433-ADGP_Hybrid%2B%257C%2BBKWS%2B-%2BBRO%2B%257C%2BTxt-Top-Business-KWID_43700075698912938-kwd-22908196%26utm_term%3DKW_google%2520business-ST_google%2Bbusiness%26gclsrc%3Daw.ds%26gad_source%3D5&q=&nb=8&rurl=https%3A%2F%2Fwww.adsensecustomsearchads.com%2F&nm=6&nx=256&ny=47&is=621x396&clkt=857","2024-04-22 23:15:31 CST","https://www.googleadservices.com/pagead/aclk?sa=L&ai=DChcSEwjj7dehyteFAxWnLdQBHf53DiQYABAAGgJvYQ&gclid=EAIaIQobChMI4-3XocrXhQMVpy3UAR3-dw4kEAAYASAAEgK2LPD_BwE&ohost=&cid=CAASAuRo&sig=AOD64_1ie4CF2ouDtBDSK2zXvLmVV43L_A&adurl=https://ad.doubleclick.net/searchads/link/click%3Flid%3D43700075698912938%26ds_s_kwgid%3D58700008328827999%26ds_a_cid%3D24823224%26ds_a_caid%3D19851267048%26ds_a_agid%3D149961051049%26ds_a_fiid%3D%26ds_a_lid%3Dkwd-22908196%26ds_a_extid%3D%26%26ds_e_adid%3D666219707433%26ds_e_matchtype%3Dsearch%26ds_e_device%3Dc%26ds_e_network%3Ds%26%26ds_url_v%3D2%26ds_dest_url%3Dhttps://workspace.google.com/intl/es-419/features/%3Futm_source%3Dgoogle%26utm_medium%3Dcpc%26utm_campaign%3Dlatam-MX-all-es-dr-bkws-all-all-trial-b-dr-1707806-LUAC0020129%26utm_content%3Dtext-ad-none-any-DEV_c-CRE_666219707433-ADGP_Hybrid%2B%257C%2BBKWS%2B-%2BBRO%2B%257C%2BTxt-Top-Business-KWID_43700075698912938-kwd-22908196%26utm_term%3DKW_google%2520business-ST_google%2Bbusiness%26gclsrc%3Daw.ds%26gad_source%3D5&q=&nb=8&rurl=https%3A%2F%2Fwww.adsensecustomsearchads.com%2F&nm=6&nx=256&ny=47&is=621x396&clkt=857","Productos | Google Workspace","Microsoft Edge",googleadservices.com,Default,"001-003-LAptop-Pavana T3.E01"
History,"https://ad.doubleclick.net/searchads/link/click?lid=43700075698912938&ds_s_kwgid=58700008328827999&ds_a_cid=24823224&ds_a_caid=19851267048&ds_a_agid=149961051049&ds_a_fiid=&ds_a_lid=kwd-22908196&ds_a_extid=&&ds_e_adid=666219707433&ds_e_matchtype=search&ds_e_device=c&ds_e_network=s&&ds_url_v=2&acs_info=ZmluYWxfdXJsOiAiaHR0cHM6Ly93b3Jrc3BhY2UuZ29vZ2xlLmNvbS9pbnRsL2VzLTQxOS9mZWF0dXJlcy8iCg&ds_dest_url=https://workspace.google.com/intl/es-419/features/?utm_source=google&utm_medium=cpc&utm_campaign=latam-MX-all-es-dr-bkws-all-all-trial-b-dr-1707806-LUAC0020129&utm_content=text-ad-none-any-DEV_c-CRE_666219707433-ADGP_Hybrid+%7C+BKWS+-+BRO+%7C+Txt-Top-Business-KWID_43700075698912938-kwd-22908196&utm_term=KW_google%20business-ST_google+business&gclsrc=aw.ds&gad_source=5&gclid=EAIaIQobChMI4-3XocrXhQMVpy3UAR3-dw4kEAAYASAAEgK2LPD_BwE","2024-04-22 23:15:31 CST","https://ad.doubleclick.net/searchads/link/click?lid=43700075698912938&ds_s_kwgid=58700008328827999&ds_a_cid=24823224&ds_a_caid=19851267048&ds_a_agid=149961051049&ds_a_fiid=&ds_a_lid=kwd-22908196&ds_a_extid=&&ds_e_adid=666219707433&ds_e_matchtype=search&ds_e_device=c&ds_e_network=s&&ds_url_v=2&acs_info=ZmluYWxfdXJsOiAiaHR0cHM6Ly93b3Jrc3BhY2UuZ29vZ2xlLmNvbS9pbnRsL2VzLTQxOS9mZWF0dXJlcy8iCg&ds_dest_url=https://workspace.google.com/intl/es-419/features/?utm_source=google&utm_medium=cpc&utm_campaign=latam-MX-all-es-dr-bkws-all-all-trial-b-dr-1707806-LUAC0020129&utm_content=text-ad-none-any-DEV_c-CRE_666219707433-ADGP_Hybrid+%7C+BKWS+-+BRO+%7C+Txt-Top-Business-KWID_43700075698912938-kwd-22908196&utm_term=KW_google%20business-ST_google+business&gclsrc=aw.ds&gad_source=5&gclid=EAIaIQobChMI4-3XocrXhQMVpy3UAR3-dw4kEAAYASAAEgK2LPD_BwE","Productos | Google Workspace","Microsoft Edge",doubleclick.net,Default,"001-003-LAptop-Pavana T3.E01"
History,"https://workspace.google.com/intl/es-419/features/?utm_source=google&utm_medium=cpc&utm_campaign=latam-MX-all-es-dr-bkws-all-all-trial-b-dr-1707806-LUAC0020129&utm_content=text-ad-none-any-DEV_c-CRE_666219707433-ADGP_Hybrid+%7C+BKWS+-+BRO+%7C+Txt-Top-Business-KWID_43700075698912938-kwd-22908196&utm_term=KW_google%20business-ST_google+business&gad_source=5&gclid=EAIaIQobChMI4-3XocrXhQMVpy3UAR3-dw4kEAAYASAAEgK2LPD_BwE&gclsrc=aw.ds","2024-04-22 23:15:31 CST","https://workspace.google.com/intl/es-419/features/?utm_source=google&utm_medium=cpc&utm_campaign=latam-MX-all-es-dr-bkws-all-all-trial-b-dr-1707806-LUAC0020129&utm_content=text-ad-none-any-DEV_c-CRE_666219707433-ADGP_Hybrid+%7C+BKWS+-+BRO+%7C+Txt-Top-Business-KWID_43700075698912938-kwd-22908196&utm_term=KW_google%20business-ST_google+business&gad_source=5&gclid=EAIaIQobChMI4-3XocrXhQMVpy3UAR3-dw4kEAAYASAAEgK2LPD_BwE&gclsrc=aw.ds","Productos | Google Workspace","Microsoft Edge",google.com,Default,"001-003-LAptop-Pavana T3.E01"
History,"https://workspace.google.com/intl/es-419/?_gl=1*1g6fe8f*_up*MQ..&gclid=EAIaIQobChMI4-3XocrXhQMVpy3UAR3-dw4kEAAYASAAEgK2LPD_BwE&gclsrc=aw.ds","2024-04-22 23:15:36 CST","https://workspace.google.com/intl/es-419/?_gl=1*1g6fe8f*_up*MQ..&gclid=EAIaIQobChMI4-3XocrXhQMVpy3UAR3-dw4kEAAYASAAEgK2LPD_BwE&gclsrc=aw.ds","Herramientas y Aplicaciones para Empresas | Google Workspace","Microsoft Edge",google.com,Default,"001-003-LAptop-Pavana T3.E01"
History,"https://www.bing.com/ck/a?!&&p=2986951a60874024JmltdHM9MTcxMzc0NDAwMCZpZ3VpZD0xZGUwNzMxNC1lODk3LTY1OWYtMTYwNy02NzdjZTk3OTY0ZmEmaW5zaWQ9NTIwNg&ptn=3&ver=2&hsh=3&fclid=1de07314-e897-659f-1607-677ce97964fa&psq=el+pais+de+los+juegos&u=a1aHR0cHM6Ly9wb2tpLmNvbS9lcy9wYWlzLWRlLWxvcy1qdWVnb3M&ntb=1","2024-04-22 23:15:49 CST","https://www.bing.com/ck/a?!&&p=2986951a60874024JmltdHM9MTcxMzc0NDAwMCZpZ3VpZD0xZGUwNzMxNC1lODk3LTY1OWYtMTYwNy02NzdjZTk3OTY0ZmEmaW5zaWQ9NTIwNg&ptn=3&ver=2&hsh=3&fclid=1de07314-e897-659f-1607-677ce97964fa&psq=el+pais+de+los+juegos&u=a1aHR0cHM6Ly9wb2tpLmNvbS9lcy9wYWlzLWRlLWxvcy1qdWVnb3M&ntb=1",,"Microsoft Edge",bing.com,Default,"001-003-LAptop-Pavana T3.E01"
History,"https://www.bing.com/search?q=el+pais+de+los+juegos&cvid=9d82c03d31474280801f873c78525d67&aqs=edge..69i57l2j69i60j5l3j69i60.2925j0j1&pglt=43&FORM=ANNTA1&PC=U531","2024-04-22 23:15:49 CST","https://www.bing.com/search?q=el+pais+de+los+juegos&cvid=9d82c03d31474280801f873c78525d67&aqs=edge..69i57l2j69i60j5l3j69i60.2925j0j1&pglt=43&FORM=ANNTA1&PC=U531","https://www.bing.com/search?q=el+pais+de+los+juegos&cvid=9d82c03d31474280801f873c78525d67&aqs=edge..69i57l2j69i60j5l3j69i60.2925j0j1&pglt=43&FORM=ANNTA1&PC=U531","Microsoft Edge",bing.com,Default,"001-003-LAptop-Pavana T3.E01"
History,"https://poki.com/es/pais-de-los-juegos","2024-04-22 23:15:49 CST","https://poki.com/es/pais-de-los-juegos","PAIS DE LOS JUEGOS 🎮 - ¡Juega Gratis Online! | Poki","Microsoft Edge",poki.com,Default,"001-003-LAptop-Pavana T3.E01"
History,"https://poki.com/es/g/temple-of-boom","2024-04-22 23:15:51 CST","https://poki.com/es/g/temple-of-boom","TEMPLE OF BOOM - ¡Juega Gratis Online! | Poki","Microsoft Edge",poki.com,Default,"001-003-LAptop-Pavana T3.E01"
History,"https://ciberseguridad.com/herramientas/software/nikto/","2024-04-22 23:19:28 CST","https://ciberseguridad.com/herramientas/software/nikto/","Nikto, un práctico escaner de vulnerabilidades de sitios web","Microsoft Edge",ciberseguridad.com,Default,"001-003-LAptop-Pavana T3.E01"
History,"https://www.bing.com/search?q=allitebooks&cvid=bd1cb78fbb2d4406a54a40e3806cc961&aqs=edge..69i57j0l6.5379j0j1&pglt=43&FORM=ANNTA1&PC=U531","2024-04-22 23:37:06 CST","https://www.bing.com/search?q=allitebooks&cvid=bd1cb78fbb2d4406a54a40e3806cc961&aqs=edge..69i57j0l6.5379j0j1&pglt=43&FORM=ANNTA1&PC=U531","allitebooks - Búsqueda","Microsoft Edge",bing.com,Default,"001-003-LAptop-Pavana T3.E01"
History,"https://www.bing.com/search?q=allitebooks&cvid=bd1cb78fbb2d4406a54a40e3806cc961&aqs=edge..69i57j0l6.5379j0j1&pglt=43&FORM=ANNTA1&PC=U531","2024-04-22 23:37:06 CST","https://www.bing.com/search?q=allitebooks&cvid=bd1cb78fbb2d4406a54a40e3806cc961&aqs=edge..69i57j0l6.5379j0j1&pglt=43&FORM=ANNTA1&PC=U531","allitebooks - Búsqueda","Microsoft Edge",bing.com,Default,"001-003-LAptop-Pavana T3.E01"
History,"https://get.adobe.com/reader/completion/adm/?exitcode=3010&type=install&appId=300&workflow=64","2024-04-22 23:54:24 CST","https://get.adobe.com/reader/completion/adm/?exitcode=3010&type=install&appId=300&workflow=64","Adobe - Descargar Adobe Acrobat Reader","Microsoft Edge",adobe.com,Default,"001-003-LAptop-Pavana T3.E01"
History,"https://get.adobe.com/reader/completion/adm/?exitcode=3010&type=install&appId=300&workflow=64","2024-04-22 23:54:24 CST","https://get.adobe.com/reader/completion/adm/?exitcode=3010&type=install&appId=300&workflow=64","Adobe - Descargar Adobe Acrobat Reader","Microsoft Edge",adobe.com,Default,"001-003-LAptop-Pavana T3.E01"
History,"https://get.adobe.com/es/reader/completion/adm/?exitcode=3010&type=install&appId=300&workflow=64","2024-04-22 23:54:24 CST","https://get.adobe.com/es/reader/completion/adm/?exitcode=3010&type=install&appId=300&workflow=64","Adobe - Descargar Adobe Acrobat Reader","Microsoft Edge",adobe.com,Default,"001-003-LAptop-Pavana T3.E01"
History,"https://utweb.rainberrytv.com/gui/index.html?v=1.4.0.5759&localauth=localapid8d0c877e667c0c5:","2024-04-22 23:58:33 CST","https://utweb.rainberrytv.com/gui/index.html?v=1.4.0.5759&localauth=localapid8d0c877e667c0c5:",,"Microsoft Edge",rainberrytv.com,Default,"001-003-LAptop-Pavana T3.E01"
History,"https://utweb.rainberrytv.com/gui/index.html?v=1.4.0.5759&localauth=localapid8d0c877e667c0c5:","2024-04-22 23:58:33 CST","https://utweb.rainberrytv.com/gui/index.html?v=1.4.0.5759&localauth=localapid8d0c877e667c0c5:",,"Microsoft Edge",rainberrytv.com,Default,"001-003-LAptop-Pavana T3.E01"
History,"https://utweb.rainberrytv.com/gui/index.html?v=1.4.0.5759&localauth=localapid8d0c877e667c0c5:","2024-04-22 23:58:33 CST","https://utweb.rainberrytv.com/gui/index.html?v=1.4.0.5759&localauth=localapid8d0c877e667c0c5:",,"Microsoft Edge",rainberrytv.com,Default,"001-003-LAptop-Pavana T3.E01"
History,"https://utweb.rainberrytv.com/gui/index.html?v=1.4.0.5759&localauth=localapid8d0c877e667c0c5:#/","2024-04-22 23:58:36 CST","https://utweb.rainberrytv.com/gui/index.html?v=1.4.0.5759&localauth=localapid8d0c877e667c0c5:#/","μTorrent Web","Microsoft Edge",rainberrytv.com,Default,"001-003-LAptop-Pavana T3.E01"
History,"https://utweb.rainberrytv.com/gui/index.html?v=1.4.0.5759&localauth=localapid8d0c877e667c0c5:#/","2024-04-22 23:58:36 CST","https://utweb.rainberrytv.com/gui/index.html?v=1.4.0.5759&localauth=localapid8d0c877e667c0c5:#/","μTorrent Web","Microsoft Edge",rainberrytv.com,Default,"001-003-LAptop-Pavana T3.E01"
History,"https://utweb.rainberrytv.com/gui/index.html?v=1.4.0.5759&localauth=localapid8d0c877e667c0c5:#/","2024-04-22 23:58:36 CST","https://utweb.rainberrytv.com/gui/index.html?v=1.4.0.5759&localauth=localapid8d0c877e667c0c5:#/","μTorrent Web","Microsoft Edge",rainberrytv.com,Default,"001-003-LAptop-Pavana T3.E01"
History,"https://utweb.rainberrytv.com/gui/index.html?v=1.4.0.5759&localauth=localapid8d0c877e667c0c5:#/","2024-04-22 23:58:36 CST","https://utweb.rainberrytv.com/gui/index.html?v=1.4.0.5759&localauth=localapid8d0c877e667c0c5:#/","μTorrent Web","Microsoft Edge",rainberrytv.com,Default,"001-003-LAptop-Pavana T3.E01"
History,"https://utweb.rainberrytv.com/gui/index.html?v=1.4.0.5759&localauth=localapid8d0c877e667c0c5:#/dashboard","2024-04-22 23:58:36 CST","https://utweb.rainberrytv.com/gui/index.html?v=1.4.0.5759&localauth=localapid8d0c877e667c0c5:#/dashboard","μTorrent Web","Microsoft Edge",rainberrytv.com,Default,"001-003-LAptop-Pavana T3.E01"
History,"https://utweb.rainberrytv.com/gui/index.html?v=1.4.0.5759&localauth=localapid8d0c877e667c0c5:#/","2024-04-22 23:58:36 CST","https://utweb.rainberrytv.com/gui/index.html?v=1.4.0.5759&localauth=localapid8d0c877e667c0c5:#/","μTorrent Web","Microsoft Edge",rainberrytv.com,Default,"001-003-LAptop-Pavana T3.E01"
History,"https://utweb.rainberrytv.com/gui/index.html?v=1.4.0.5759&localauth=localapid8d0c877e667c0c5:#/dashboard","2024-04-22 23:58:36 CST","https://utweb.rainberrytv.com/gui/index.html?v=1.4.0.5759&localauth=localapid8d0c877e667c0c5:#/dashboard","μTorrent Web","Microsoft Edge",rainberrytv.com,Default,"001-003-LAptop-Pavana T3.E01"
History,"https://utweb.rainberrytv.com/gui/index.html?v=1.4.0.5759&localauth=localapid8d0c877e667c0c5:#/","2024-04-22 23:58:36 CST","https://utweb.rainberrytv.com/gui/index.html?v=1.4.0.5759&localauth=localapid8d0c877e667c0c5:#/","μTorrent Web","Microsoft Edge",rainberrytv.com,Default,"001-003-LAptop-Pavana T3.E01"
History,"https://utweb.rainberrytv.com/gui/index.html?v=1.4.0.5759&localauth=localapid8d0c877e667c0c5:#/dashboard","2024-04-22 23:58:36 CST","https://utweb.rainberrytv.com/gui/index.html?v=1.4.0.5759&localauth=localapid8d0c877e667c0c5:#/dashboard","μTorrent Web","Microsoft Edge",rainberrytv.com,Default,"001-003-LAptop-Pavana T3.E01"
History,"https://www.bing.com/search?q=pirate+bay&cvid=7ad5bc4314d94ad6a9e2b6bfc2f32378&aqs=edge.1.69i57j0l6.9384j0j1&pglt=43&FORM=ANNTA1&PC=U531","2024-04-22 23:59:11 CST","https://www.bing.com/search?q=pirate+bay&cvid=7ad5bc4314d94ad6a9e2b6bfc2f32378&aqs=edge.1.69i57j0l6.9384j0j1&pglt=43&FORM=ANNTA1&PC=U531","pirate bay - Búsqueda","Microsoft Edge",bing.com,Default,"001-003-LAptop-Pavana T3.E01"
History,"https://www.bing.com/ck/a?!&&p=72c50723875fdd00JmltdHM9MTcxMzc0NDAwMCZpZ3VpZD0xZGUwNzMxNC1lODk3LTY1OWYtMTYwNy02NzdjZTk3OTY0ZmEmaW5zaWQ9NTIzOA&ptn=3&ver=2&hsh=3&fclid=1de07314-e897-659f-1607-677ce97964fa&psq=pirate+bay&u=a1aHR0cHM6Ly9waXJhdGUtYmF5cy5uZXQvdG9ycmVudC1zZWFyY2g&ntb=1","2024-04-22 23:59:10 CST","https://www.bing.com/ck/a?!&&p=72c50723875fdd00JmltdHM9MTcxMzc0NDAwMCZpZ3VpZD0xZGUwNzMxNC1lODk3LTY1OWYtMTYwNy02NzdjZTk3OTY0ZmEmaW5zaWQ9NTIzOA&ptn=3&ver=2&hsh=3&fclid=1de07314-e897-659f-1607-677ce97964fa&psq=pirate+bay&u=a1aHR0cHM6Ly9waXJhdGUtYmF5cy5uZXQvdG9ycmVudC1zZWFyY2g&ntb=1",,"Microsoft Edge",bing.com,Default,"001-003-LAptop-Pavana T3.E01"
History,"https://www.bing.com/search?q=pirate+bay&cvid=7ad5bc4314d94ad6a9e2b6bfc2f32378&aqs=edge.1.69i57j0l6.9384j0j1&pglt=43&FORM=ANNTA1&PC=U531","2024-04-22 23:59:11 CST","https://www.bing.com/search?q=pirate+bay&cvid=7ad5bc4314d94ad6a9e2b6bfc2f32378&aqs=edge.1.69i57j0l6.9384j0j1&pglt=43&FORM=ANNTA1&PC=U531","pirate bay - Búsqueda","Microsoft Edge",bing.com,Default,"001-003-LAptop-Pavana T3.E01"
History,"https://www.bing.com/search?q=pirate+bay&cvid=7ad5bc4314d94ad6a9e2b6bfc2f32378&aqs=edge.1.69i57j0l6.9384j0j1&pglt=43&FORM=ANNTA1&PC=U531","2024-04-22 23:59:11 CST","https://www.bing.com/search?q=pirate+bay&cvid=7ad5bc4314d94ad6a9e2b6bfc2f32378&aqs=edge.1.69i57j0l6.9384j0j1&pglt=43&FORM=ANNTA1&PC=U531","pirate bay - Búsqueda","Microsoft Edge",bing.com,Default,"001-003-LAptop-Pavana T3.E01"
History,"https://pirate-bays.net/torrent-search","2024-04-23 00:00:47 CST","https://pirate-bays.net/torrent-search","Pirate Bay - Download movies, music, games and software!","Microsoft Edge",pirate-bays.net,Default,"001-003-LAptop-Pavana T3.E01"
History,"https://pirate-bays.net/search?q=skm","2024-04-23 00:00:16 CST","https://pirate-bays.net/search?q=skm","504 Gateway Time-out","Microsoft Edge",pirate-bays.net,Default,"001-003-LAptop-Pavana T3.E01"
History,https://pirate-bays.net/,"2024-04-23 00:00:47 CST",https://pirate-bays.net/,"Pirate Bay - Download movies, music, games and software!","Microsoft Edge",pirate-bays.net,Default,"001-003-LAptop-Pavana T3.E01"
History,"https://pirate-bays.net/torrent-search","2024-04-23 00:00:47 CST","https://pirate-bays.net/torrent-search","Pirate Bay - Download movies, music, games and software!","Microsoft Edge",pirate-bays.net,Default,"001-003-LAptop-Pavana T3.E01"
History,"https://pirate-bays.net/browse","2024-04-23 00:01:03 CST","https://pirate-bays.net/browse","ThePirateBay.org - Download unlimited torrents on Pirate Bay","Microsoft Edge",pirate-bays.net,Default,"001-003-LAptop-Pavana T3.E01"
History,"https://www.bing.com/search?q=theiratebay&cvid=bf119c0741d74a6a8abb0d0175eec642&aqs=edge..69i57j0l6.3859j0j1&pglt=43&FORM=ANNTA1&PC=U531","2024-04-23 00:01:23 CST","https://www.bing.com/search?q=theiratebay&cvid=bf119c0741d74a6a8abb0d0175eec642&aqs=edge..69i57j0l6.3859j0j1&pglt=43&FORM=ANNTA1&PC=U531","https://www.bing.com/search?q=theiratebay&cvid=bf119c0741d74a6a8abb0d0175eec642&aqs=edge..69i57j0l6.3859j0j1&pglt=43&FORM=ANNTA1&PC=U531","Microsoft Edge",bing.com,Default,"001-003-LAptop-Pavana T3.E01"
History,"https://www.bing.com/search?q=theiratebay&cvid=bf119c0741d74a6a8abb0d0175eec642&aqs=edge..69i57j0l6.3859j0j1&pglt=43&FORM=ANNTA1&PC=U531","2024-04-23 00:01:23 CST","https://www.bing.com/search?q=theiratebay&cvid=bf119c0741d74a6a8abb0d0175eec642&aqs=edge..69i57j0l6.3859j0j1&pglt=43&FORM=ANNTA1&PC=U531","https://www.bing.com/search?q=theiratebay&cvid=bf119c0741d74a6a8abb0d0175eec642&aqs=edge..69i57j0l6.3859j0j1&pglt=43&FORM=ANNTA1&PC=U531","Microsoft Edge",bing.com,Default,"001-003-LAptop-Pavana T3.E01"
History,"https://www.bing.com/ck/a?!&&p=f75306d9f6ba51b2JmltdHM9MTcxMzc0NDAwMCZpZ3VpZD0xZGUwNzMxNC1lODk3LTY1OWYtMTYwNy02NzdjZTk3OTY0ZmEmaW5zaWQ9NTIwMg&ptn=3&ver=2&hsh=3&fclid=1de07314-e897-659f-1607-677ce97964fa&psq=theiratebay&u=a1aHR0cHM6Ly90aGVwaXJhdGViYXllLm9yZy8&ntb=1","2024-04-23 00:01:23 CST","https://www.bing.com/ck/a?!&&p=f75306d9f6ba51b2JmltdHM9MTcxMzc0NDAwMCZpZ3VpZD0xZGUwNzMxNC1lODk3LTY1OWYtMTYwNy02NzdjZTk3OTY0ZmEmaW5zaWQ9NTIwMg&ptn=3&ver=2&hsh=3&fclid=1de07314-e897-659f-1607-677ce97964fa&psq=theiratebay&u=a1aHR0cHM6Ly90aGVwaXJhdGViYXllLm9yZy8&ntb=1",,"Microsoft Edge",bing.com,Default,"001-003-LAptop-Pavana T3.E01"
History,"https://www.bing.com/search?q=theiratebay&cvid=bf119c0741d74a6a8abb0d0175eec642&aqs=edge..69i57j0l6.3859j0j1&pglt=43&FORM=ANNTA1&PC=U531","2024-04-23 00:01:23 CST","https://www.bing.com/search?q=theiratebay&cvid=bf119c0741d74a6a8abb0d0175eec642&aqs=edge..69i57j0l6.3859j0j1&pglt=43&FORM=ANNTA1&PC=U531","https://www.bing.com/search?q=theiratebay&cvid=bf119c0741d74a6a8abb0d0175eec642&aqs=edge..69i57j0l6.3859j0j1&pglt=43&FORM=ANNTA1&PC=U531","Microsoft Edge",bing.com,Default,"001-003-LAptop-Pavana T3.E01"
History,"https://thepiratebaye.org/","2024-04-23 00:01:24 CST","https://thepiratebaye.org/","Download music, movies, games, software! The Pirate Bay - The galaxy's most resilient BitTorrent site","Microsoft Edge",thepiratebaye.org,Default,"001-003-LAptop-Pavana T3.E01"
History,"https://thepiratebaye.org/search.php?q=skms&all=on&search=Pirate+Search&page=0&orderby=","2024-04-23 00:01:29 CST","https://thepiratebaye.org/search.php?q=skms&all=on&search=Pirate+Search&page=0&orderby=","The Pirate Bay - The galaxy's most resilient bittorrent site","Microsoft Edge",thepiratebaye.org,Default,"001-003-LAptop-Pavana T3.E01"
History,"https://thepiratebaye.org/search.php?q=wifi&cat=0","2024-04-23 00:02:41 CST","https://thepiratebaye.org/search.php?q=wifi&cat=0","The Pirate Bay - The galaxy's most resilient bittorrent site","Microsoft Edge",thepiratebaye.org,Default,"001-003-LAptop-Pavana T3.E01"
History,"https://thepiratebaye.org/description.php?id=5419576","2024-04-23 00:02:36 CST","https://thepiratebaye.org/description.php?id=5419576","The Pirate Bay - The galaxy's most resilient bittorrent site","Microsoft Edge",thepiratebaye.org,Default,"001-003-LAptop-Pavana T3.E01"
History,"https://thepiratebaye.org/search.php?q=wifi&cat=0","2024-04-23 00:02:41 CST","https://thepiratebaye.org/search.php?q=wifi&cat=0","The Pirate Bay - The galaxy's most resilient bittorrent site","Microsoft Edge",thepiratebaye.org,Default,"001-003-LAptop-Pavana T3.E01"
History,"https://thepiratebaye.org/description.php?id=60367427","2024-04-23 00:02:51 CST","https://thepiratebaye.org/description.php?id=60367427","The Pirate Bay - The galaxy's most resilient bittorrent site","Microsoft Edge",thepiratebaye.org,Default,"001-003-LAptop-Pavana T3.E01"
History,"https://www.bing.com/search?q=filetype%3Adocx&cvid=2bba40ff03064a478a69e8014e17ec3c&aqs=edge..69i57j69i58.9338j0j1&pglt=43&FORM=ANNTA1&PC=U531","2024-04-23 00:03:44 CST","https://www.bing.com/search?q=filetype%3Adocx&cvid=2bba40ff03064a478a69e8014e17ec3c&aqs=edge..69i57j69i58.9338j0j1&pglt=43&FORM=ANNTA1&PC=U531","https://www.bing.com/search?q=filetype%3Adocx&cvid=2bba40ff03064a478a69e8014e17ec3c&aqs=edge..69i57j69i58.9338j0j1&pglt=43&FORM=ANNTA1&PC=U531","Microsoft Edge",bing.com,Default,"001-003-LAptop-Pavana T3.E01"
History,"https://www.bing.com/search?q=filetype%3Adocx&cvid=2bba40ff03064a478a69e8014e17ec3c&aqs=edge..69i57j69i58.9338j0j1&pglt=43&FORM=ANNTA1&PC=U531","2024-04-23 00:03:44 CST","https://www.bing.com/search?q=filetype%3Adocx&cvid=2bba40ff03064a478a69e8014e17ec3c&aqs=edge..69i57j69i58.9338j0j1&pglt=43&FORM=ANNTA1&PC=U531","https://www.bing.com/search?q=filetype%3Adocx&cvid=2bba40ff03064a478a69e8014e17ec3c&aqs=edge..69i57j69i58.9338j0j1&pglt=43&FORM=ANNTA1&PC=U531","Microsoft Edge",bing.com,Default,"001-003-LAptop-Pavana T3.E01"
History,"https://www.bing.com/ck/a?!&&p=91d140cecbfc6643JmltdHM9MTcxMzc0NDAwMCZpZ3VpZD0xZGUwNzMxNC1lODk3LTY1OWYtMTYwNy02NzdjZTk3OTY0ZmEmaW5zaWQ9NTE5NQ&ptn=3&ver=2&hsh=3&fclid=1de07314-e897-659f-1607-677ce97964fa&psq=filetype%3adocx&u=a1aHR0cHM6Ly9sZWdpc2xhY2lvbi5zY2puLmdvYi5teC9sZXlhbXBhcm8v&ntb=1","2024-04-23 00:03:44 CST","https://www.bing.com/ck/a?!&&p=91d140cecbfc6643JmltdHM9MTcxMzc0NDAwMCZpZ3VpZD0xZGUwNzMxNC1lODk3LTY1OWYtMTYwNy02NzdjZTk3OTY0ZmEmaW5zaWQ9NTE5NQ&ptn=3&ver=2&hsh=3&fclid=1de07314-e897-659f-1607-677ce97964fa&psq=filetype%3adocx&u=a1aHR0cHM6Ly9sZWdpc2xhY2lvbi5zY2puLmdvYi5teC9sZXlhbXBhcm8v&ntb=1",,"Microsoft Edge",bing.com,Default,"001-003-LAptop-Pavana T3.E01"
History,"https://www.bing.com/search?q=filetype%3Adocx&cvid=2bba40ff03064a478a69e8014e17ec3c&aqs=edge..69i57j69i58.9338j0j1&pglt=43&FORM=ANNTA1&PC=U531","2024-04-23 00:03:44 CST","https://www.bing.com/search?q=filetype%3Adocx&cvid=2bba40ff03064a478a69e8014e17ec3c&aqs=edge..69i57j69i58.9338j0j1&pglt=43&FORM=ANNTA1&PC=U531","https://www.bing.com/search?q=filetype%3Adocx&cvid=2bba40ff03064a478a69e8014e17ec3c&aqs=edge..69i57j69i58.9338j0j1&pglt=43&FORM=ANNTA1&PC=U531","Microsoft Edge",bing.com,Default,"001-003-LAptop-Pavana T3.E01"
History,"https://www.bing.com/search?q=filetype%3Axlsx&cvid=f53781ad713c447e80fbdcdb2dbdd88e&aqs=edge..69i57j69i58.8419j0j1&pglt=43&FORM=ANNTA1&PC=U531","2024-04-23 00:04:50 CST","https://www.bing.com/search?q=filetype%3Axlsx&cvid=f53781ad713c447e80fbdcdb2dbdd88e&aqs=edge..69i57j69i58.8419j0j1&pglt=43&FORM=ANNTA1&PC=U531","https://www.bing.com/search?q=filetype%3Axlsx&cvid=f53781ad713c447e80fbdcdb2dbdd88e&aqs=edge..69i57j69i58.8419j0j1&pglt=43&FORM=ANNTA1&PC=U531","Microsoft Edge",bing.com,Default,"001-003-LAptop-Pavana T3.E01"
History,"https://www.bing.com/search?q=filetype%3Axlsx&cvid=f53781ad713c447e80fbdcdb2dbdd88e&aqs=edge..69i57j69i58.8419j0j1&pglt=43&FORM=ANNTA1&PC=U531","2024-04-23 00:04:50 CST","https://www.bing.com/search?q=filetype%3Axlsx&cvid=f53781ad713c447e80fbdcdb2dbdd88e&aqs=edge..69i57j69i58.8419j0j1&pglt=43&FORM=ANNTA1&PC=U531","https://www.bing.com/search?q=filetype%3Axlsx&cvid=f53781ad713c447e80fbdcdb2dbdd88e&aqs=edge..69i57j69i58.8419j0j1&pglt=43&FORM=ANNTA1&PC=U531","Microsoft Edge",bing.com,Default,"001-003-LAptop-Pavana T3.E01"
History,"https://www.bing.com/ck/a?!&&p=38fe22a2e938ccc2JmltdHM9MTcxMzc0NDAwMCZpZ3VpZD0xZGUwNzMxNC1lODk3LTY1OWYtMTYwNy02NzdjZTk3OTY0ZmEmaW5zaWQ9NTE4Ng&ptn=3&ver=2&hsh=3&fclid=1de07314-e897-659f-1607-677ce97964fa&psq=filetype%3axlsx&u=a1aHR0cHM6Ly9yZXBvc2l0b3Jpby5lc2N1ZWxhaW5nLmVkdS5jby9iaXRzdHJlYW0vaGFuZGxlLzAwMS81MzkvQW5leG8lMjAxMC1NYXRyaXolMjBJUEVWUkRDJTIwLnhsc3gueGxzO3NlcXVlbmNlPTEw&ntb=1","2024-04-23 00:04:50 CST","https://www.bing.com/ck/a?!&&p=38fe22a2e938ccc2JmltdHM9MTcxMzc0NDAwMCZpZ3VpZD0xZGUwNzMxNC1lODk3LTY1OWYtMTYwNy02NzdjZTk3OTY0ZmEmaW5zaWQ9NTE4Ng&ptn=3&ver=2&hsh=3&fclid=1de07314-e897-659f-1607-677ce97964fa&psq=filetype%3axlsx&u=a1aHR0cHM6Ly9yZXBvc2l0b3Jpby5lc2N1ZWxhaW5nLmVkdS5jby9iaXRzdHJlYW0vaGFuZGxlLzAwMS81MzkvQW5leG8lMjAxMC1NYXRyaXolMjBJUEVWUkRDJTIwLnhsc3gueGxzO3NlcXVlbmNlPTEw&ntb=1",,"Microsoft Edge",bing.com,Default,"001-003-LAptop-Pavana T3.E01"
History,"https://www.bing.com/search?q=filetype%3Axlsx&cvid=f53781ad713c447e80fbdcdb2dbdd88e&aqs=edge..69i57j69i58.8419j0j1&pglt=43&FORM=ANNTA1&PC=U531","2024-04-23 00:04:50 CST","https://www.bing.com/search?q=filetype%3Axlsx&cvid=f53781ad713c447e80fbdcdb2dbdd88e&aqs=edge..69i57j69i58.8419j0j1&pglt=43&FORM=ANNTA1&PC=U531","https://www.bing.com/search?q=filetype%3Axlsx&cvid=f53781ad713c447e80fbdcdb2dbdd88e&aqs=edge..69i57j69i58.8419j0j1&pglt=43&FORM=ANNTA1&PC=U531","Microsoft Edge",bing.com,Default,"001-003-LAptop-Pavana T3.E01"
History,"https://www.bing.com/search?q=libreoffice&cvid=262cd09d405a4b17a08b176e87da55a7&aqs=edge.1.69i57j0l6.9724j0j9&FORM=ANAB01&PC=U531","2024-04-23 00:05:45 CST","https://www.bing.com/search?q=libreoffice&cvid=262cd09d405a4b17a08b176e87da55a7&aqs=edge.1.69i57j0l6.9724j0j9&FORM=ANAB01&PC=U531","https://www.bing.com/search?q=libreoffice&cvid=262cd09d405a4b17a08b176e87da55a7&aqs=edge.1.69i57j0l6.9724j0j9&FORM=ANAB01&PC=U531","Microsoft Edge",bing.com,Default,"001-003-LAptop-Pavana T3.E01"
History,"https://www.bing.com/search?q=libreoffice&cvid=262cd09d405a4b17a08b176e87da55a7&aqs=edge.1.69i57j0l6.9724j0j9&FORM=ANAB01&PC=U531","2024-04-23 00:05:45 CST","https://www.bing.com/search?q=libreoffice&cvid=262cd09d405a4b17a08b176e87da55a7&aqs=edge.1.69i57j0l6.9724j0j9&FORM=ANAB01&PC=U531","https://www.bing.com/search?q=libreoffice&cvid=262cd09d405a4b17a08b176e87da55a7&aqs=edge.1.69i57j0l6.9724j0j9&FORM=ANAB01&PC=U531","Microsoft Edge",bing.com,Default,"001-003-LAptop-Pavana T3.E01"
History,"https://www.bing.com/ck/a?!&&p=791cd21711d61476JmltdHM9MTcxMzc0NDAwMCZpZ3VpZD0xZGUwNzMxNC1lODk3LTY1OWYtMTYwNy02NzdjZTk3OTY0ZmEmaW5zaWQ9NTUyMA&ptn=3&ver=2&hsh=3&fclid=1de07314-e897-659f-1607-677ce97964fa&psq=libreoffice&u=a1aHR0cHM6Ly93d3cubGlicmVvZmZpY2Uub3JnL2Rvd25sb2FkL2Rvd25sb2FkLw&ntb=1","2024-04-23 00:05:45 CST","https://www.bing.com/ck/a?!&&p=791cd21711d61476JmltdHM9MTcxMzc0NDAwMCZpZ3VpZD0xZGUwNzMxNC1lODk3LTY1OWYtMTYwNy02NzdjZTk3OTY0ZmEmaW5zaWQ9NTUyMA&ptn=3&ver=2&hsh=3&fclid=1de07314-e897-659f-1607-677ce97964fa&psq=libreoffice&u=a1aHR0cHM6Ly93d3cubGlicmVvZmZpY2Uub3JnL2Rvd25sb2FkL2Rvd25sb2FkLw&ntb=1",,"Microsoft Edge",bing.com,Default,"001-003-LAptop-Pavana T3.E01"
History,"https://www.bing.com/search?q=libreoffice&cvid=262cd09d405a4b17a08b176e87da55a7&aqs=edge.1.69i57j0l6.9724j0j9&FORM=ANAB01&PC=U531","2024-04-23 00:05:45 CST","https://www.bing.com/search?q=libreoffice&cvid=262cd09d405a4b17a08b176e87da55a7&aqs=edge.1.69i57j0l6.9724j0j9&FORM=ANAB01&PC=U531","https://www.bing.com/search?q=libreoffice&cvid=262cd09d405a4b17a08b176e87da55a7&aqs=edge.1.69i57j0l6.9724j0j9&FORM=ANAB01&PC=U531","Microsoft Edge",bing.com,Default,"001-003-LAptop-Pavana T3.E01"
History,"https://www.libreoffice.org/download/download/","2024-04-23 00:08:26 CST","https://www.libreoffice.org/download/download/","Download LibreOffice | LibreOffice - Free Office Suite - Based on OpenOffice - Compatible with Microsoft","Microsoft Edge",libreoffice.org,Default,"001-003-LAptop-Pavana T3.E01"
History,"https://www.libreoffice.org/download/download-libreoffice/","2024-04-23 00:08:26 CST","https://www.libreoffice.org/download/download-libreoffice/","Download LibreOffice | LibreOffice - Free Office Suite - Based on OpenOffice - Compatible with Microsoft","Microsoft Edge",libreoffice.org,Default,"001-003-LAptop-Pavana T3.E01"
History,"https://www.libreoffice.org/donate/dl/win-x86_64/24.2.2/es/LibreOffice_24.2.2_Win_x86-64.msi","2024-04-23 00:08:31 CST","https://www.libreoffice.org/donate/dl/win-x86_64/24.2.2/es/LibreOffice_24.2.2_Win_x86-64.msi","Donate to LibreOffice | LibreOffice - Free Office Suite - Based on OpenOffice - Compatible with Microsoft","Microsoft Edge",libreoffice.org,Default,"001-003-LAptop-Pavana T3.E01"
History,"https://download.documentfoundation.org/libreoffice/stable/24.2.2/win/x86_64/LibreOffice_24.2.2_Win_x86-64_helppack_es.msi.mirrorlist","2024-04-23 00:07:03 CST","https://download.documentfoundation.org/libreoffice/stable/24.2.2/win/x86_64/LibreOffice_24.2.2_Win_x86-64_helppack_es.msi.mirrorlist","Mirror List","Microsoft Edge",documentfoundation.org,Default,"001-003-LAptop-Pavana T3.E01"
History,"https://download.documentfoundation.org/libreoffice/stable/24.2.2/win/x86_64/LibreOffice_24.2.2_Win_x86-64_helppack_es.msi.sha256","2024-04-23 00:06:45 CST","https://download.documentfoundation.org/libreoffice/stable/24.2.2/win/x86_64/LibreOffice_24.2.2_Win_x86-64_helppack_es.msi.sha256",,"Microsoft Edge",documentfoundation.org,Default,"001-003-LAptop-Pavana T3.E01"
History,"https://download.documentfoundation.org/libreoffice/stable/24.2.2/win/x86_64/LibreOffice_24.2.2_Win_x86-64_helppack_es.msi.mirrorlist","2024-04-23 00:07:03 CST","https://download.documentfoundation.org/libreoffice/stable/24.2.2/win/x86_64/LibreOffice_24.2.2_Win_x86-64_helppack_es.msi.mirrorlist","Mirror List","Microsoft Edge",documentfoundation.org,Default,"001-003-LAptop-Pavana T3.E01"
History,"https://www.bing.com/search?q=libreoffice&form=ANNTH1&refig=c1170892e78e4aebabcddff88d0b69d2","2024-04-23 00:08:17 CST","https://www.bing.com/search?q=libreoffice&form=ANNTH1&refig=c1170892e78e4aebabcddff88d0b69d2","libreoffice - Búsqueda","Microsoft Edge",bing.com,Default,"001-003-LAptop-Pavana T3.E01"
History,"https://www.bing.com/search?q=libreoffice&form=ANNTH1&refig=c1170892e78e4aebabcddff88d0b69d2","2024-04-23 00:08:17 CST","https://www.bing.com/search?q=libreoffice&form=ANNTH1&refig=c1170892e78e4aebabcddff88d0b69d2","libreoffice - Búsqueda","Microsoft Edge",bing.com,Default,"001-003-LAptop-Pavana T3.E01"
History,"https://www.bing.com/search?q=libreoffice+descargar&filters=dtbk:%22MCFvdmVydmlldyFjZ192NV9kb3dubG9hZCE2NTBiMzE4Ni0yNmQ2LTYzMzgtMTJjNC1kMWM0YjBkMTEwMmY%3d%22&FORM=DEPNAV","2024-04-23 00:08:25 CST","https://www.bing.com/search?q=libreoffice+descargar&filters=dtbk:%22MCFvdmVydmlldyFjZ192NV9kb3dubG9hZCE2NTBiMzE4Ni0yNmQ2LTYzMzgtMTJjNC1kMWM0YjBkMTEwMmY%3d%22&FORM=DEPNAV","https://www.bing.com/search?q=libreoffice+descargar&filters=dtbk:""MCFvdmVydmlldyFjZ192NV9kb3dubG9hZCE2NTBiMzE4Ni0yNmQ2LTYzMzgtMTJjNC1kMWM0YjBkMTEwMmY%3d""&FORM=DEPNAV","Microsoft Edge",bing.com,Default,"001-003-LAptop-Pavana T3.E01"
History,"https://www.bing.com/search?q=libreoffice+descargar&filters=dtbk:%22MCFvdmVydmlldyFjZ192NV9kb3dubG9hZCE2NTBiMzE4Ni0yNmQ2LTYzMzgtMTJjNC1kMWM0YjBkMTEwMmY%3d%22&FORM=DEPNAV","2024-04-23 00:08:25 CST","https://www.bing.com/search?q=libreoffice+descargar&filters=dtbk:%22MCFvdmVydmlldyFjZ192NV9kb3dubG9hZCE2NTBiMzE4Ni0yNmQ2LTYzMzgtMTJjNC1kMWM0YjBkMTEwMmY%3d%22&FORM=DEPNAV","https://www.bing.com/search?q=libreoffice+descargar&filters=dtbk:""MCFvdmVydmlldyFjZ192NV9kb3dubG9hZCE2NTBiMzE4Ni0yNmQ2LTYzMzgtMTJjNC1kMWM0YjBkMTEwMmY%3d""&FORM=DEPNAV","Microsoft Edge",bing.com,Default,"001-003-LAptop-Pavana T3.E01"
History,"https://www.bing.com/ck/a?!&&p=815dc77520981e3cJmltdHM9MTcxMzc0NDAwMCZpZ3VpZD0xZGUwNzMxNC1lODk3LTY1OWYtMTYwNy02NzdjZTk3OTY0ZmEmaW5zaWQ9NTUyMA&ptn=3&ver=2&hsh=3&fclid=1de07314-e897-659f-1607-677ce97964fa&psq=libreoffice+descargar&u=a1aHR0cHM6Ly93d3cubGlicmVvZmZpY2Uub3JnL2Rvd25sb2FkL2Rvd25sb2FkLw&ntb=1","2024-04-23 00:08:25 CST","https://www.bing.com/ck/a?!&&p=815dc77520981e3cJmltdHM9MTcxMzc0NDAwMCZpZ3VpZD0xZGUwNzMxNC1lODk3LTY1OWYtMTYwNy02NzdjZTk3OTY0ZmEmaW5zaWQ9NTUyMA&ptn=3&ver=2&hsh=3&fclid=1de07314-e897-659f-1607-677ce97964fa&psq=libreoffice+descargar&u=a1aHR0cHM6Ly93d3cubGlicmVvZmZpY2Uub3JnL2Rvd25sb2FkL2Rvd25sb2FkLw&ntb=1",,"Microsoft Edge",bing.com,Default,"001-003-LAptop-Pavana T3.E01"
History,"https://www.bing.com/search?q=libreoffice+descargar&filters=dtbk:%22MCFvdmVydmlldyFjZ192NV9kb3dubG9hZCE2NTBiMzE4Ni0yNmQ2LTYzMzgtMTJjNC1kMWM0YjBkMTEwMmY%3d%22&FORM=DEPNAV","2024-04-23 00:08:25 CST","https://www.bing.com/search?q=libreoffice+descargar&filters=dtbk:%22MCFvdmVydmlldyFjZ192NV9kb3dubG9hZCE2NTBiMzE4Ni0yNmQ2LTYzMzgtMTJjNC1kMWM0YjBkMTEwMmY%3d%22&FORM=DEPNAV","https://www.bing.com/search?q=libreoffice+descargar&filters=dtbk:""MCFvdmVydmlldyFjZ192NV9kb3dubG9hZCE2NTBiMzE4Ni0yNmQ2LTYzMzgtMTJjNC1kMWM0YjBkMTEwMmY%3d""&FORM=DEPNAV","Microsoft Edge",bing.com,Default,"001-003-LAptop-Pavana T3.E01"
History,"https://www.libreoffice.org/download/download/","2024-04-23 00:08:26 CST","https://www.libreoffice.org/download/download/","Download LibreOffice | LibreOffice - Free Office Suite - Based on OpenOffice - Compatible with Microsoft","Microsoft Edge",libreoffice.org,Default,"001-003-LAptop-Pavana T3.E01"
History,"https://www.libreoffice.org/download/download-libreoffice/","2024-04-23 00:08:26 CST","https://www.libreoffice.org/download/download-libreoffice/","Download LibreOffice | LibreOffice - Free Office Suite - Based on OpenOffice - Compatible with Microsoft","Microsoft Edge",libreoffice.org,Default,"001-003-LAptop-Pavana T3.E01"
History,"https://www.libreoffice.org/donate/dl/win-x86_64/24.2.2/es/LibreOffice_24.2.2_Win_x86-64.msi","2024-04-23 00:08:31 CST","https://www.libreoffice.org/donate/dl/win-x86_64/24.2.2/es/LibreOffice_24.2.2_Win_x86-64.msi","Donate to LibreOffice | LibreOffice - Free Office Suite - Based on OpenOffice - Compatible with Microsoft","Microsoft Edge",libreoffice.org,Default,"001-003-LAptop-Pavana T3.E01"
History,"https://www.msn.com/es-mx/noticias/mundo/milei-dijo-que-argentina-mejora-y-los-memes-lo-acusan-de-mentiroso/ss-AA1ntMEZ?ocid=msedgntp&cvid=f593e91686b84433e9052b1498a51a1f&ei=8","2024-04-23 00:13:01 CST","https://www.msn.com/es-mx/noticias/mundo/milei-dijo-que-argentina-mejora-y-los-memes-lo-acusan-de-mentiroso/ss-AA1ntMEZ?ocid=msedgntp&cvid=f593e91686b84433e9052b1498a51a1f&ei=8","Milei dijo que Argentina mejora y los memes lo acusan de mentiroso","Microsoft Edge",msn.com,Default,"001-003-LAptop-Pavana T3.E01"
History,"https://www.msn.com/es-mx/noticias/mundo/milei-dijo-que-argentina-mejora-y-los-memes-lo-acusan-de-mentiroso/ss-AA1ntMEZ?ocid=msedgntp&cvid=f593e91686b84433e9052b1498a51a1f&ei=8","2024-04-23 00:13:01 CST","https://www.msn.com/es-mx/noticias/mundo/milei-dijo-que-argentina-mejora-y-los-memes-lo-acusan-de-mentiroso/ss-AA1ntMEZ?ocid=msedgntp&cvid=f593e91686b84433e9052b1498a51a1f&ei=8","Milei dijo que Argentina mejora y los memes lo acusan de mentiroso","Microsoft Edge",msn.com,Default,"001-003-LAptop-Pavana T3.E01"
History,"https://www.msn.com/es-mx/noticias/mundo/milei-dijo-que-argentina-mejora-y-los-memes-lo-acusan-de-mentiroso/ss-AA1ntMEZ?ocid=msedgntp&cvid=f593e91686b84433e9052b1498a51a1f&ei=8#image=2","2024-04-23 00:13:22 CST","https://www.msn.com/es-mx/noticias/mundo/milei-dijo-que-argentina-mejora-y-los-memes-lo-acusan-de-mentiroso/ss-AA1ntMEZ?ocid=msedgntp&cvid=f593e91686b84433e9052b1498a51a1f&ei=8#image=2","Milei dijo que Argentina mejora y los memes lo acusan de mentiroso","Microsoft Edge",msn.com,Default,"001-003-LAptop-Pavana T3.E01"
History,"https://www.msn.com/es-mx/noticias/mundo/milei-dijo-que-argentina-mejora-y-los-memes-lo-acusan-de-mentiroso/ss-AA1ntMEZ?ocid=msedgntp&cvid=f593e91686b84433e9052b1498a51a1f&ei=8#interstitial=1","2024-04-23 00:13:39 CST","https://www.msn.com/es-mx/noticias/mundo/milei-dijo-que-argentina-mejora-y-los-memes-lo-acusan-de-mentiroso/ss-AA1ntMEZ?ocid=msedgntp&cvid=f593e91686b84433e9052b1498a51a1f&ei=8#interstitial=1","Milei dijo que Argentina mejora y los memes lo acusan de mentiroso","Microsoft Edge",msn.com,Default,"001-003-LAptop-Pavana T3.E01"
History,"https://www.msn.com/es-mx/noticias/mundo/milei-dijo-que-argentina-mejora-y-los-memes-lo-acusan-de-mentiroso/ss-AA1ntMEZ?ocid=msedgntp&cvid=f593e91686b84433e9052b1498a51a1f&ei=8#image=2","2024-04-23 00:13:22 CST","https://www.msn.com/es-mx/noticias/mundo/milei-dijo-que-argentina-mejora-y-los-memes-lo-acusan-de-mentiroso/ss-AA1ntMEZ?ocid=msedgntp&cvid=f593e91686b84433e9052b1498a51a1f&ei=8#image=2","Milei dijo que Argentina mejora y los memes lo acusan de mentiroso","Microsoft Edge",msn.com,Default,"001-003-LAptop-Pavana T3.E01"
History,"https://www.msn.com/es-mx/noticias/mundo/milei-dijo-que-argentina-mejora-y-los-memes-lo-acusan-de-mentiroso/ss-AA1ntMEZ?ocid=msedgntp&cvid=f593e91686b84433e9052b1498a51a1f&ei=8#interstitial=1","2024-04-23 00:13:39 CST","https://www.msn.com/es-mx/noticias/mundo/milei-dijo-que-argentina-mejora-y-los-memes-lo-acusan-de-mentiroso/ss-AA1ntMEZ?ocid=msedgntp&cvid=f593e91686b84433e9052b1498a51a1f&ei=8#interstitial=1","Milei dijo que Argentina mejora y los memes lo acusan de mentiroso","Microsoft Edge",msn.com,Default,"001-003-LAptop-Pavana T3.E01"
History,"https://www.msn.com/es-mx/noticias/mundo/milei-dijo-que-argentina-mejora-y-los-memes-lo-acusan-de-mentiroso/ss-AA1ntMEZ?ocid=msedgntp&cvid=f593e91686b84433e9052b1498a51a1f&ei=8#image=3","2024-04-23 00:13:40 CST","https://www.msn.com/es-mx/noticias/mundo/milei-dijo-que-argentina-mejora-y-los-memes-lo-acusan-de-mentiroso/ss-AA1ntMEZ?ocid=msedgntp&cvid=f593e91686b84433e9052b1498a51a1f&ei=8#image=3","Milei dijo que Argentina mejora y los memes lo acusan de mentiroso","Microsoft Edge",msn.com,Default,"001-003-LAptop-Pavana T3.E01"
History,"https://www.msn.com/es-mx/noticias/mundo/milei-dijo-que-argentina-mejora-y-los-memes-lo-acusan-de-mentiroso/ss-AA1ntMEZ?ocid=msedgntp&cvid=f593e91686b84433e9052b1498a51a1f&ei=8#image=4","2024-04-23 00:13:51 CST","https://www.msn.com/es-mx/noticias/mundo/milei-dijo-que-argentina-mejora-y-los-memes-lo-acusan-de-mentiroso/ss-AA1ntMEZ?ocid=msedgntp&cvid=f593e91686b84433e9052b1498a51a1f&ei=8#image=4","Milei dijo que Argentina mejora y los memes lo acusan de mentiroso","Microsoft Edge",msn.com,Default,"001-003-LAptop-Pavana T3.E01"
History,"https://www.msn.com/es-mx/noticias/mundo/milei-dijo-que-argentina-mejora-y-los-memes-lo-acusan-de-mentiroso/ss-AA1ntMEZ?ocid=msedgntp&cvid=f593e91686b84433e9052b1498a51a1f&ei=8#image=5","2024-04-23 00:14:19 CST","https://www.msn.com/es-mx/noticias/mundo/milei-dijo-que-argentina-mejora-y-los-memes-lo-acusan-de-mentiroso/ss-AA1ntMEZ?ocid=msedgntp&cvid=f593e91686b84433e9052b1498a51a1f&ei=8#image=5","Milei dijo que Argentina mejora y los memes lo acusan de mentiroso","Microsoft Edge",msn.com,Default,"001-003-LAptop-Pavana T3.E01"
History,"https://www.msn.com/es-mx/noticias/mundo/milei-dijo-que-argentina-mejora-y-los-memes-lo-acusan-de-mentiroso/ss-AA1ntMEZ?ocid=msedgntp&cvid=f593e91686b84433e9052b1498a51a1f&ei=8#interstitial=2","2024-04-23 00:14:21 CST","https://www.msn.com/es-mx/noticias/mundo/milei-dijo-que-argentina-mejora-y-los-memes-lo-acusan-de-mentiroso/ss-AA1ntMEZ?ocid=msedgntp&cvid=f593e91686b84433e9052b1498a51a1f&ei=8#interstitial=2","Milei dijo que Argentina mejora y los memes lo acusan de mentiroso","Microsoft Edge",msn.com,Default,"001-003-LAptop-Pavana T3.E01"
History,"https://www.msn.com/es-mx/noticias/mundo/milei-dijo-que-argentina-mejora-y-los-memes-lo-acusan-de-mentiroso/ss-AA1ntMEZ?ocid=msedgntp&cvid=f593e91686b84433e9052b1498a51a1f&ei=8#image=5","2024-04-23 00:14:19 CST","https://www.msn.com/es-mx/noticias/mundo/milei-dijo-que-argentina-mejora-y-los-memes-lo-acusan-de-mentiroso/ss-AA1ntMEZ?ocid=msedgntp&cvid=f593e91686b84433e9052b1498a51a1f&ei=8#image=5","Milei dijo que Argentina mejora y los memes lo acusan de mentiroso","Microsoft Edge",msn.com,Default,"001-003-LAptop-Pavana T3.E01"
History,"https://www.msn.com/es-mx/noticias/mundo/milei-dijo-que-argentina-mejora-y-los-memes-lo-acusan-de-mentiroso/ss-AA1ntMEZ?ocid=msedgntp&cvid=f593e91686b84433e9052b1498a51a1f&ei=8#interstitial=2","2024-04-23 00:14:21 CST","https://www.msn.com/es-mx/noticias/mundo/milei-dijo-que-argentina-mejora-y-los-memes-lo-acusan-de-mentiroso/ss-AA1ntMEZ?ocid=msedgntp&cvid=f593e91686b84433e9052b1498a51a1f&ei=8#interstitial=2","Milei dijo que Argentina mejora y los memes lo acusan de mentiroso","Microsoft Edge",msn.com,Default,"001-003-LAptop-Pavana T3.E01"
History,"https://www.msn.com/es-mx/noticias/mundo/milei-dijo-que-argentina-mejora-y-los-memes-lo-acusan-de-mentiroso/ss-AA1ntMEZ?ocid=msedgntp&cvid=f593e91686b84433e9052b1498a51a1f&ei=8#image=6","2024-04-23 00:14:23 CST","https://www.msn.com/es-mx/noticias/mundo/milei-dijo-que-argentina-mejora-y-los-memes-lo-acusan-de-mentiroso/ss-AA1ntMEZ?ocid=msedgntp&cvid=f593e91686b84433e9052b1498a51a1f&ei=8#image=6","Milei dijo que Argentina mejora y los memes lo acusan de mentiroso","Microsoft Edge",msn.com,Default,"001-003-LAptop-Pavana T3.E01"
History,"https://www.msn.com/es-mx/noticias/mundo/milei-dijo-que-argentina-mejora-y-los-memes-lo-acusan-de-mentiroso/ss-AA1ntMEZ?ocid=msedgntp&cvid=f593e91686b84433e9052b1498a51a1f&ei=8#image=7","2024-04-23 00:14:37 CST","https://www.msn.com/es-mx/noticias/mundo/milei-dijo-que-argentina-mejora-y-los-memes-lo-acusan-de-mentiroso/ss-AA1ntMEZ?ocid=msedgntp&cvid=f593e91686b84433e9052b1498a51a1f&ei=8#image=7","Milei dijo que Argentina mejora y los memes lo acusan de mentiroso","Microsoft Edge",msn.com,Default,"001-003-LAptop-Pavana T3.E01"
History,"https://www.msn.com/es-mx/noticias/mundo/milei-dijo-que-argentina-mejora-y-los-memes-lo-acusan-de-mentiroso/ss-AA1ntMEZ?ocid=msedgntp&cvid=f593e91686b84433e9052b1498a51a1f&ei=8#image=8","2024-04-23 00:14:52 CST","https://www.msn.com/es-mx/noticias/mundo/milei-dijo-que-argentina-mejora-y-los-memes-lo-acusan-de-mentiroso/ss-AA1ntMEZ?ocid=msedgntp&cvid=f593e91686b84433e9052b1498a51a1f&ei=8#image=8","Milei dijo que Argentina mejora y los memes lo acusan de mentiroso","Microsoft Edge",msn.com,Default,"001-003-LAptop-Pavana T3.E01"
History,"https://www.msn.com/es-mx/noticias/mundo/milei-dijo-que-argentina-mejora-y-los-memes-lo-acusan-de-mentiroso/ss-AA1ntMEZ?ocid=msedgntp&cvid=f593e91686b84433e9052b1498a51a1f&ei=8#image=9","2024-04-23 00:28:07 CST","https://www.msn.com/es-mx/noticias/mundo/milei-dijo-que-argentina-mejora-y-los-memes-lo-acusan-de-mentiroso/ss-AA1ntMEZ?ocid=msedgntp&cvid=f593e91686b84433e9052b1498a51a1f&ei=8#image=9","Milei dijo que Argentina mejora y los memes lo acusan de mentiroso","Microsoft Edge",msn.com,Default,"001-003-LAptop-Pavana T3.E01"
History,"https://www.msn.com/es-mx/noticias/mundo/milei-dijo-que-argentina-mejora-y-los-memes-lo-acusan-de-mentiroso/ss-AA1ntMEZ?ocid=msedgntp&cvid=f593e91686b84433e9052b1498a51a1f&ei=8#image=10","2024-04-23 00:28:30 CST","https://www.msn.com/es-mx/noticias/mundo/milei-dijo-que-argentina-mejora-y-los-memes-lo-acusan-de-mentiroso/ss-AA1ntMEZ?ocid=msedgntp&cvid=f593e91686b84433e9052b1498a51a1f&ei=8#image=10","Milei dijo que Argentina mejora y los memes lo acusan de mentiroso","Microsoft Edge",msn.com,Default,"001-003-LAptop-Pavana T3.E01"
History,"https://www.msn.com/es-mx/noticias/mundo/milei-dijo-que-argentina-mejora-y-los-memes-lo-acusan-de-mentiroso/ss-AA1ntMEZ?ocid=msedgntp&cvid=f593e91686b84433e9052b1498a51a1f&ei=8#image=11","2024-04-23 00:28:36 CST","https://www.msn.com/es-mx/noticias/mundo/milei-dijo-que-argentina-mejora-y-los-memes-lo-acusan-de-mentiroso/ss-AA1ntMEZ?ocid=msedgntp&cvid=f593e91686b84433e9052b1498a51a1f&ei=8#image=11","Milei dijo que Argentina mejora y los memes lo acusan de mentiroso","Microsoft Edge",msn.com,Default,"001-003-LAptop-Pavana T3.E01"
History,"https://www.msn.com/es-mx/noticias/other/si-este-es-tu-signo-tal-vez-sea-mejor-que-no-te-cases/ss-AA1ivdna?ocid=msedgntp&cvid=f593e91686b84433e9052b1498a51a1f&ei=8","2024-04-23 09:40:54 CST","https://www.msn.com/es-mx/noticias/other/si-este-es-tu-signo-tal-vez-sea-mejor-que-no-te-cases/ss-AA1ivdna?ocid=msedgntp&cvid=f593e91686b84433e9052b1498a51a1f&ei=8","Si este es tu signo, tal vez sea mejor que no te cases","Microsoft Edge",msn.com,Default,"001-003-LAptop-Pavana T3.E01"
History,"https://www.msn.com/es-mx/noticias/other/amlo-los-libros-que-han-desplazado-en-ventas-al-gracias-del-presidente/ar-AA1nt7lF?ocid=msedgntp&cvid=8ebe2a3b417446d78212e56861c629db&ei=13","2024-04-23 09:50:53 CST","https://www.msn.com/es-mx/noticias/other/amlo-los-libros-que-han-desplazado-en-ventas-al-gracias-del-presidente/ar-AA1nt7lF?ocid=msedgntp&cvid=8ebe2a3b417446d78212e56861c629db&ei=13","AMLO: Los libros que han desplazado en ventas al '¡Gracias!' del Presidente","Microsoft Edge",msn.com,Default,"001-003-LAptop-Pavana T3.E01"
History,"https://www.bing.com/search?q=libreoffice+descargar&filters=dtbk:%22MCFvdmVydmlldyFjZ192NV9kb3dubG9hZCE2NTBiMzE4Ni0yNmQ2LTYzMzgtMTJjNC1kMWM0YjBkMTEwMmY%3d%22&FORM=DEPNAV&ntref=1","2024-04-23 09:52:19 CST","https://www.bing.com/search?q=libreoffice+descargar&filters=dtbk:%22MCFvdmVydmlldyFjZ192NV9kb3dubG9hZCE2NTBiMzE4Ni0yNmQ2LTYzMzgtMTJjNC1kMWM0YjBkMTEwMmY%3d%22&FORM=DEPNAV&ntref=1","libreoffice descargar - Búsqueda","Microsoft Edge",bing.com,Default,"001-003-LAptop-Pavana T3.E01"
History,"https://www.bing.com/search?q=libreoffice&cvid=262cd09d405a4b17a08b176e87da55a7&aqs=edge.1.69i57j0l6.9724j0j9&FORM=ANAB01&PC=U531&ntref=1","2024-04-23 09:52:34 CST","https://www.bing.com/search?q=libreoffice&cvid=262cd09d405a4b17a08b176e87da55a7&aqs=edge.1.69i57j0l6.9724j0j9&FORM=ANAB01&PC=U531&ntref=1","libreoffice - Búsqueda","Microsoft Edge",bing.com,Default,"001-003-LAptop-Pavana T3.E01"
History,"https://www.bing.com/search?q=filetype%3Axlsx&cvid=f53781ad713c447e80fbdcdb2dbdd88e&aqs=edge..69i57j69i58.8419j0j1&pglt=43&FORM=ANNTA1&PC=U531&ntref=1","2024-04-23 09:52:36 CST","https://www.bing.com/search?q=filetype%3Axlsx&cvid=f53781ad713c447e80fbdcdb2dbdd88e&aqs=edge..69i57j69i58.8419j0j1&pglt=43&FORM=ANNTA1&PC=U531&ntref=1","filetype:xlsx - Búsqueda","Microsoft Edge",bing.com,Default,"001-003-LAptop-Pavana T3.E01"
History,"https://www.msn.com/es-mx/noticias/mundo/los-memes-de-la-protesta-universitaria-contra-javier-milei/ss-AA1nw9cl?ocid=msedgntp&cvid=c3e118307a604320d6767c459f1cb091&ei=16","2024-04-23 09:53:56 CST","https://www.msn.com/es-mx/noticias/mundo/los-memes-de-la-protesta-universitaria-contra-javier-milei/ss-AA1nw9cl?ocid=msedgntp&cvid=c3e118307a604320d6767c459f1cb091&ei=16","Los memes de la protesta universitaria contra Javier Milei","Microsoft Edge",msn.com,Default,"001-003-LAptop-Pavana T3.E01"
History,"https://www.msn.com/es-mx/noticias/mundo/los-memes-de-la-protesta-universitaria-contra-javier-milei/ss-AA1nw9cl?ocid=msedgntp&cvid=c3e118307a604320d6767c459f1cb091&ei=16","2024-04-23 09:53:56 CST","https://www.msn.com/es-mx/noticias/mundo/los-memes-de-la-protesta-universitaria-contra-javier-milei/ss-AA1nw9cl?ocid=msedgntp&cvid=c3e118307a604320d6767c459f1cb091&ei=16","Los memes de la protesta universitaria contra Javier Milei","Microsoft Edge",msn.com,Default,"001-003-LAptop-Pavana T3.E01"
History,http://youtube.com/,"2024-04-23 09:54:00 CST",http://youtube.com/,YouTube,"Microsoft Edge",youtube.com,Default,"001-003-LAptop-Pavana T3.E01"
History,https://youtube.com/,"2024-04-23 09:54:00 CST",https://youtube.com/,YouTube,"Microsoft Edge",youtube.com,Default,"001-003-LAptop-Pavana T3.E01"
History,https://www.youtube.com/,"2024-04-23 09:54:13 CST",https://www.youtube.com/,YouTube,"Microsoft Edge",youtube.com,Default,"001-003-LAptop-Pavana T3.E01"
History,https://www.youtube.com/,"2024-04-23 09:54:13 CST",https://www.youtube.com/,YouTube,"Microsoft Edge",youtube.com,Default,"001-003-LAptop-Pavana T3.E01"
History,"https://www.youtube.com/feed/trending?bp=6gQJRkVleHBsb3Jl","2024-04-23 09:54:13 CST","https://www.youtube.com/feed/trending?bp=6gQJRkVleHBsb3Jl",YouTube,"Microsoft Edge",youtube.com,Default,"001-003-LAptop-Pavana T3.E01"
History,"https://www.youtube.com/results?search_query=how+to+find+a+open+network","2024-04-23 09:54:44 CST","https://www.youtube.com/results?search_query=how+to+find+a+open+network","how to find a open network - YouTube","Microsoft Edge",youtube.com,Default,"001-003-LAptop-Pavana T3.E01"
History,"https://www.youtube.com/watch?v=7XPUur9WMs0","2024-04-23 09:54:52 CST","https://www.youtube.com/watch?v=7XPUur9WMs0","How To Check Open Ports On Your Internet or Router - YouTube","Microsoft Edge",youtube.com,Default,"001-003-LAptop-Pavana T3.E01"
History,"https://www.youtube.com/watch?v=mLLKtO-qlNM","2024-04-23 09:55:04 CST","https://www.youtube.com/watch?v=mLLKtO-qlNM","Port Forwarding | How to Access Your Computer From Anywhere! - YouTube","Microsoft Edge",youtube.com,Default,"001-003-LAptop-Pavana T3.E01"
History,"https://www.youtube.com/watch?v=bh61ngQzE_o","2024-04-23 09:56:12 CST","https://www.youtube.com/watch?v=bh61ngQzE_o","Watch BEFORE Port Forwarding - The Complete Guide to Port Forwarding - YouTube","Microsoft Edge",youtube.com,Default,"001-003-LAptop-Pavana T3.E01"
History,"https://www.youtube.com/watch?v=4WoQm1tGKjo","2024-04-23 09:56:20 CST","https://www.youtube.com/watch?v=4WoQm1tGKjo","Port Forwarding | How & Why we should use it! - YouTube","Microsoft Edge",youtube.com,Default,"001-003-LAptop-Pavana T3.E01"
History,"https://www.youtube.com/watch?v=X8Y0bTFIqgY","2024-04-23 09:56:26 CST","https://www.youtube.com/watch?v=X8Y0bTFIqgY","Getting the FASTEST network connection possible for gaming [ROG Rapture GT6] - YouTube","Microsoft Edge",youtube.com,Default,"001-003-LAptop-Pavana T3.E01"
History,"https://www.youtube.com/watch?v=sqkOr1Avv74","2024-04-23 09:56:36 CST","https://www.youtube.com/watch?v=sqkOr1Avv74","Restoration & Repair of Xbox 360 with Red Ring of Death - YouTube","Microsoft Edge",youtube.com,Default,"001-003-LAptop-Pavana T3.E01"
History,"https://www.youtube.com/watch?v=m0jd9nIsapo","2024-04-23 09:56:40 CST","https://www.youtube.com/watch?v=m0jd9nIsapo","Compré EL PEOR XBOX del TIANGUIS... - YouTube","Microsoft Edge",youtube.com,Default,"001-003-LAptop-Pavana T3.E01"
History,"https://www.youtube.com/watch?v=VoegNdZCWGU","2024-04-23 09:56:44 CST","https://www.youtube.com/watch?v=VoegNdZCWGU","Compré TODAS las CONSOLAS del TIANGUIS | CAPITULO 1 - YouTube","Microsoft Edge",youtube.com,Default,"001-003-LAptop-Pavana T3.E01"
History,"https://www.youtube.com/watch?v=g0WlGS551gA","2024-04-23 09:56:49 CST","https://www.youtube.com/watch?v=g0WlGS551gA","¡Armé un PC GAMER de cosas del tianguis! - YouTube","Microsoft Edge",youtube.com,Default,"001-003-LAptop-Pavana T3.E01"
History,"https://www.youtube.com/watch?v=ZZ4HyizD7XI","2024-04-23 09:56:53 CST","https://www.youtube.com/watch?v=ZZ4HyizD7XI","🔴SUPER ACTUALIZACION de Lethal Company! ¿Nuevos ENEMIGOS y MAPA? - YouTube","Microsoft Edge",youtube.com,Default,"001-003-LAptop-Pavana T3.E01"
History,"https://www.googleadservices.com/pagead/aclk?sa=L&ai=CatKHRtonZoPRFOnCqMwPh8KaGP2qoep2rqHVhLsSsJAfEAEgAGDlm_eEmBaCARdjYS1wdWItNjIxOTgxMTc0NzA0OTM3MaABzrqE3iqoAwTIAwqqBKoDT9DOu4uUWAF-WBkBJYYWRNyMx8Qox7B3ieZ2cQIKX9LdjPt3jmUq9b4CLddiYb80h5eRTe0bKqXUoq7VH2gIf8SKOeQlYPu81bCYG5hprLGqKiG0IZYCmfrm8sW7gyUeQOzxeGoVF3A7M-L3DPvydATh-XZ2DOxTMn_QO-7ozLR1RqMEh7N7ntYBVaacB9KgNEEYtK6DRK12MDk8kwMd7QSCEGLt4YTAx3wEG52ewohu9eJi_fJeu140nW3CT0HLYrB3GQ8o10bsmyc4rYM33nGaZ9Evs5bR2iMI28yPvtkhdNIxxtzqgC5ZKX0dgifWQKTn-nZqzTbuuONhXKyxA6PAvjO8DjPhc2uJatSuBqrWCgqndj38qGhLbnwLzOu8AKFZqBG-PRPfa7BOWCAec2T-Vl62rMfW2kdsBo1BFQncPeT55Qr7ZEJ-otkS-FQuk9BxUxi-vzY78qhrs2skHruxYcuSzCiI_trtW4GZy4Z9wK8Vok_f1bOJTZ4CgSgNelMtgDTCm1iCSN1eDKLozphR2DkmliTE-yLSvqEetmN3hhOqbHlkCCb7kgUKCBNoAnjg67r0BaAGboAHvc7RvQWQBwSoB-u2sQKoB_mxsQKoB4C6sQKoB-edsQKoB-idsQKoB-q3sQKoB6e1sQKoB--1sQKoB_C1sQKoB4KqsQKoB4QIqAeo0huoB7YHqAex3BuoB6SasQKoB5GfsQKoB7CbsQKoB66xsQKoB-a8sQKoB6aqsQKoB8q6sQKoB_2ysQKoB6i9sQKoB8O9sQKoB_e4sQKoB_i4sQKoB4HGG6gH_K-xAqgHq8UbqAfmnbECqAfIn7ECqAe3obECqAfetbEC0gglCIBBEAEYXjICggI6CIBjgMCAgIAgSNmg0jVQFFiIpu7S2diFA_IIH2NhLXl0LWhvc3QtcHViLTUxMzMwMzYzODE0ODgwMTGaCSNodHRwczovL3ZkYS5hZmtqb3VybmV5LmNvbS90cmFja2luZ7EJtq410tkdCe3ICQDICYoCmAsBoQt4u-QNFUqsProLOwgBEAUYBCAIKAEwBkABSABYAWAAaAFwAXgBiAEAmAEBogEMCgBYAXABqAIB2AICqAEB2AEBgAIBiAIF0AsSmg0BEqoNAk1YuBP___________8BiBQEsBQBwBWBgIBA0BUB2BUB4hYCCAGAFwGKFxgIAxgBIAEoATABOAFAAUgBUAFYAWACcAGgFwGpFzLUVECOXuPPuhcEKAAwAA&num=1&cid=CAASFeRoERgnBpTfHihDvrQx78Y6dH5C1w&sig=AOD64_3TUdqbEStJyJXyj9yR4QFzOdDgaA&ms=[CLICK_MS]&adurl=https://vda.afkjourney.com/tracking%3Fdap_code%3Dcvtad_2f002a27e549a75c31477201aa13bd7c%26campaign_id%3D21125281881%26adgroup_id%3D160455524877%26creative_id%3D695141154678%26gg_platform%3D%26gg_device_type%3Dc%26dap_page_ids%3D2915%26dap_page_group_id%3D149&nb=0&nx=199&ny=12&dim=[DIM]","2024-04-23 09:57:03 CST","https://www.googleadservices.com/pagead/aclk?sa=L&ai=CatKHRtonZoPRFOnCqMwPh8KaGP2qoep2rqHVhLsSsJAfEAEgAGDlm_eEmBaCARdjYS1wdWItNjIxOTgxMTc0NzA0OTM3MaABzrqE3iqoAwTIAwqqBKoDT9DOu4uUWAF-WBkBJYYWRNyMx8Qox7B3ieZ2cQIKX9LdjPt3jmUq9b4CLddiYb80h5eRTe0bKqXUoq7VH2gIf8SKOeQlYPu81bCYG5hprLGqKiG0IZYCmfrm8sW7gyUeQOzxeGoVF3A7M-L3DPvydATh-XZ2DOxTMn_QO-7ozLR1RqMEh7N7ntYBVaacB9KgNEEYtK6DRK12MDk8kwMd7QSCEGLt4YTAx3wEG52ewohu9eJi_fJeu140nW3CT0HLYrB3GQ8o10bsmyc4rYM33nGaZ9Evs5bR2iMI28yPvtkhdNIxxtzqgC5ZKX0dgifWQKTn-nZqzTbuuONhXKyxA6PAvjO8DjPhc2uJatSuBqrWCgqndj38qGhLbnwLzOu8AKFZqBG-PRPfa7BOWCAec2T-Vl62rMfW2kdsBo1BFQncPeT55Qr7ZEJ-otkS-FQuk9BxUxi-vzY78qhrs2skHruxYcuSzCiI_trtW4GZy4Z9wK8Vok_f1bOJTZ4CgSgNelMtgDTCm1iCSN1eDKLozphR2DkmliTE-yLSvqEetmN3hhOqbHlkCCb7kgUKCBNoAnjg67r0BaAGboAHvc7RvQWQBwSoB-u2sQKoB_mxsQKoB4C6sQKoB-edsQKoB-idsQKoB-q3sQKoB6e1sQKoB--1sQKoB_C1sQKoB4KqsQKoB4QIqAeo0huoB7YHqAex3BuoB6SasQKoB5GfsQKoB7CbsQKoB66xsQKoB-a8sQKoB6aqsQKoB8q6sQKoB_2ysQKoB6i9sQKoB8O9sQKoB_e4sQKoB_i4sQKoB4HGG6gH_K-xAqgHq8UbqAfmnbECqAfIn7ECqAe3obECqAfetbEC0gglCIBBEAEYXjICggI6CIBjgMCAgIAgSNmg0jVQFFiIpu7S2diFA_IIH2NhLXl0LWhvc3QtcHViLTUxMzMwMzYzODE0ODgwMTGaCSNodHRwczovL3ZkYS5hZmtqb3VybmV5LmNvbS90cmFja2luZ7EJtq410tkdCe3ICQDICYoCmAsBoQt4u-QNFUqsProLOwgBEAUYBCAIKAEwBkABSABYAWAAaAFwAXgBiAEAmAEBogEMCgBYAXABqAIB2AICqAEB2AEBgAIBiAIF0AsSmg0BEqoNAk1YuBP___________8BiBQEsBQBwBWBgIBA0BUB2BUB4hYCCAGAFwGKFxgIAxgBIAEoATABOAFAAUgBUAFYAWACcAGgFwGpFzLUVECOXuPPuhcEKAAwAA&num=1&cid=CAASFeRoERgnBpTfHihDvrQx78Y6dH5C1w&sig=AOD64_3TUdqbEStJyJXyj9yR4QFzOdDgaA&ms=[CLICK_MS]&adurl=https://vda.afkjourney.com/tracking%3Fdap_code%3Dcvtad_2f002a27e549a75c31477201aa13bd7c%26campaign_id%3D21125281881%26adgroup_id%3D160455524877%26creative_id%3D695141154678%26gg_platform%3D%26gg_device_type%3Dc%26dap_page_ids%3D2915%26dap_page_group_id%3D149&nb=0&nx=199&ny=12&dim=[DIM]","AFK Journey","Microsoft Edge",googleadservices.com,Default,"001-003-LAptop-Pavana T3.E01"
History,"https://vda.afkjourney.com/tracking?dap_code=cvtad_2f002a27e549a75c31477201aa13bd7c&campaign_id=21125281881&adgroup_id=160455524877&creative_id=695141154678&gg_platform=&gg_device_type=c&dap_page_ids=2915&dap_page_group_id=149&gclid=EAIaIQobChMIg4zv0tnYhQMVaSGKAx0HoQYDEAEYASAAEgJ0TfD_BwE","2024-04-23 09:57:03 CST","https://vda.afkjourney.com/tracking?dap_code=cvtad_2f002a27e549a75c31477201aa13bd7c&campaign_id=21125281881&adgroup_id=160455524877&creative_id=695141154678&gg_platform=&gg_device_type=c&dap_page_ids=2915&dap_page_group_id=149&gclid=EAIaIQobChMIg4zv0tnYhQMVaSGKAx0HoQYDEAEYASAAEgJ0TfD_BwE","AFK Journey","Microsoft Edge",afkjourney.com,Default,"001-003-LAptop-Pavana T3.E01"
History,"https://www.msn.com/es-mx/noticias/mundo/los-memes-de-la-protesta-universitaria-contra-javier-milei/ss-AA1nw9cl?ocid=msedgntp&cvid=c3e118307a604320d6767c459f1cb091&ei=16#image=2","2024-04-23 09:58:33 CST","https://www.msn.com/es-mx/noticias/mundo/los-memes-de-la-protesta-universitaria-contra-javier-milei/ss-AA1nw9cl?ocid=msedgntp&cvid=c3e118307a604320d6767c459f1cb091&ei=16#image=2","Los memes de la protesta universitaria contra Javier Milei","Microsoft Edge",msn.com,Default,"001-003-LAptop-Pavana T3.E01"
History,"https://www.msn.com/es-mx/noticias/mundo/los-memes-de-la-protesta-universitaria-contra-javier-milei/ss-AA1nw9cl?ocid=msedgntp&cvid=c3e118307a604320d6767c459f1cb091&ei=16#interstitial=1","2024-04-23 09:58:40 CST","https://www.msn.com/es-mx/noticias/mundo/los-memes-de-la-protesta-universitaria-contra-javier-milei/ss-AA1nw9cl?ocid=msedgntp&cvid=c3e118307a604320d6767c459f1cb091&ei=16#interstitial=1","Los memes de la protesta universitaria contra Javier Milei","Microsoft Edge",msn.com,Default,"001-003-LAptop-Pavana T3.E01"
History,"https://www.bing.com/api/v1/mediation/tracking?adUnit=380454&auId=05417191-eef8-4759-bcbb-692d0bca108d&bidId=2&bidderId=4&cmExpId=LV2&oAdUnit=380454&publisherId=17160724&rId=6d7fd2c8-6306-46c7-973c-f076b92a7550&rlink=https%3A%2F%2Fwww.bing.com%2Faclick%3Fld%3De8xtjoPpQ5O4gBYWswC9ZCHzVUCUzbQXwaEoimhWL1HngEBfbnAdt5fDj_CQuuQvyUV48F01mhhpPbljX0usU0fdff3zF_XqDe0fAlsM8lO7PYrRTsnChC4pr3vM0F6i41-7y2sGyAOrwxhXSl6U_flMMXOGuASVhIwbKmTJRz7e9WVhV8eZ6hcdF99hHTJGPjgOLhEQ%26u%3DaHR0cHMlM2ElMmYlMmZ3d3cub3BlcmEuY29tJTJmZ3glMmZmcmVlLXZwbiUzZnV0bV9pZCUzZCUyNnV0bV9tZWRpdW0lM2RwYSUyNnV0bV9zb3VyY2UlM2RiaW5nJTI2dXRtX2NhbXBhaWduJTNkT0dYX01YX1NlYXJjaF9FU19UMl9GZWF0dXJlc19WMl9tc2FkcyUyNm1zY2xraWQlM2RkY2M0YzA2YWVkODQxYjZiNzQwZWE2NGQzNzJlZmM0MA%26rlid%3Ddcc4c06aed841b6b740ea64d372efc40&rtype=targetURL&tagId=webcompga-interstitialgallery-1&trafficGroup=cnffguebhtu&trafficSubGroup=ego&ocid=msedgntp&cvid=86010b27c0494df7996a774b78f99167&ei=6","2024-04-23 09:58:43 CST","https://www.bing.com/api/v1/mediation/tracking?adUnit=380454&auId=05417191-eef8-4759-bcbb-692d0bca108d&bidId=2&bidderId=4&cmExpId=LV2&oAdUnit=380454&publisherId=17160724&rId=6d7fd2c8-6306-46c7-973c-f076b92a7550&rlink=https%3A%2F%2Fwww.bing.com%2Faclick%3Fld%3De8xtjoPpQ5O4gBYWswC9ZCHzVUCUzbQXwaEoimhWL1HngEBfbnAdt5fDj_CQuuQvyUV48F01mhhpPbljX0usU0fdff3zF_XqDe0fAlsM8lO7PYrRTsnChC4pr3vM0F6i41-7y2sGyAOrwxhXSl6U_flMMXOGuASVhIwbKmTJRz7e9WVhV8eZ6hcdF99hHTJGPjgOLhEQ%26u%3DaHR0cHMlM2ElMmYlMmZ3d3cub3BlcmEuY29tJTJmZ3glMmZmcmVlLXZwbiUzZnV0bV9pZCUzZCUyNnV0bV9tZWRpdW0lM2RwYSUyNnV0bV9zb3VyY2UlM2RiaW5nJTI2dXRtX2NhbXBhaWduJTNkT0dYX01YX1NlYXJjaF9FU19UMl9GZWF0dXJlc19WMl9tc2FkcyUyNm1zY2xraWQlM2RkY2M0YzA2YWVkODQxYjZiNzQwZWE2NGQzNzJlZmM0MA%26rlid%3Ddcc4c06aed841b6b740ea64d372efc40&rtype=targetURL&tagId=webcompga-interstitialgallery-1&trafficGroup=cnffguebhtu&trafficSubGroup=ego&ocid=msedgntp&cvid=86010b27c0494df7996a774b78f99167&ei=6","Opera GX | Gaming Browser","Microsoft Edge",bing.com,Default,"001-003-LAptop-Pavana T3.E01"
History,"https://www.bing.com/aclick?ld=e8xtjoPpQ5O4gBYWswC9ZCHzVUCUzbQXwaEoimhWL1HngEBfbnAdt5fDj_CQuuQvyUV48F01mhhpPbljX0usU0fdff3zF_XqDe0fAlsM8lO7PYrRTsnChC4pr3vM0F6i41-7y2sGyAOrwxhXSl6U_flMMXOGuASVhIwbKmTJRz7e9WVhV8eZ6hcdF99hHTJGPjgOLhEQ&u=aHR0cHMlM2ElMmYlMmZ3d3cub3BlcmEuY29tJTJmZ3glMmZmcmVlLXZwbiUzZnV0bV9pZCUzZCUyNnV0bV9tZWRpdW0lM2RwYSUyNnV0bV9zb3VyY2UlM2RiaW5nJTI2dXRtX2NhbXBhaWduJTNkT0dYX01YX1NlYXJjaF9FU19UMl9GZWF0dXJlc19WMl9tc2FkcyUyNm1zY2xraWQlM2RkY2M0YzA2YWVkODQxYjZiNzQwZWE2NGQzNzJlZmM0MA&rlid=dcc4c06aed841b6b740ea64d372efc40","2024-04-23 09:58:43 CST","https://www.bing.com/aclick?ld=e8xtjoPpQ5O4gBYWswC9ZCHzVUCUzbQXwaEoimhWL1HngEBfbnAdt5fDj_CQuuQvyUV48F01mhhpPbljX0usU0fdff3zF_XqDe0fAlsM8lO7PYrRTsnChC4pr3vM0F6i41-7y2sGyAOrwxhXSl6U_flMMXOGuASVhIwbKmTJRz7e9WVhV8eZ6hcdF99hHTJGPjgOLhEQ&u=aHR0cHMlM2ElMmYlMmZ3d3cub3BlcmEuY29tJTJmZ3glMmZmcmVlLXZwbiUzZnV0bV9pZCUzZCUyNnV0bV9tZWRpdW0lM2RwYSUyNnV0bV9zb3VyY2UlM2RiaW5nJTI2dXRtX2NhbXBhaWduJTNkT0dYX01YX1NlYXJjaF9FU19UMl9GZWF0dXJlc19WMl9tc2FkcyUyNm1zY2xraWQlM2RkY2M0YzA2YWVkODQxYjZiNzQwZWE2NGQzNzJlZmM0MA&rlid=dcc4c06aed841b6b740ea64d372efc40","Opera GX | Gaming Browser","Microsoft Edge",bing.com,Default,"001-003-LAptop-Pavana T3.E01"
History,"https://www.opera.com/gx/free-vpn?utm_id=&utm_medium=pa&utm_source=bing&utm_campaign=OGX_MX_Search_ES_T2_Features_V2_msads&msclkid=dcc4c06aed841b6b740ea64d372efc40","2024-04-23 09:58:43 CST","https://www.opera.com/gx/free-vpn?utm_id=&utm_medium=pa&utm_source=bing&utm_campaign=OGX_MX_Search_ES_T2_Features_V2_msads&msclkid=dcc4c06aed841b6b740ea64d372efc40","Opera GX | Gaming Browser","Microsoft Edge",opera.com,Default,"001-003-LAptop-Pavana T3.E01"
History,"https://www.opera.com/es-419/gx/free-vpn?utm_medium=pa&utm_source=bing&utm_campaign=OGX_MX_Search_ES_T2_Features_V2_msads&msclkid=dcc4c06aed841b6b740ea64d372efc40","2024-04-23 09:58:43 CST","https://www.opera.com/es-419/gx/free-vpn?utm_medium=pa&utm_source=bing&utm_campaign=OGX_MX_Search_ES_T2_Features_V2_msads&msclkid=dcc4c06aed841b6b740ea64d372efc40","Opera GX | Gaming Browser","Microsoft Edge",opera.com,Default,"001-003-LAptop-Pavana T3.E01"
History,"https://www.msn.com/es-mx/noticias/mundo/los-memes-de-la-protesta-universitaria-contra-javier-milei/ss-AA1nw9cl?ocid=msedgntp&cvid=c3e118307a604320d6767c459f1cb091&ei=16#image=3","2024-04-23 09:58:48 CST","https://www.msn.com/es-mx/noticias/mundo/los-memes-de-la-protesta-universitaria-contra-javier-milei/ss-AA1nw9cl?ocid=msedgntp&cvid=c3e118307a604320d6767c459f1cb091&ei=16#image=3","Los memes de la protesta universitaria contra Javier Milei","Microsoft Edge",msn.com,Default,"001-003-LAptop-Pavana T3.E01"
History,"https://www.msn.com/es-mx/noticias/mundo/los-memes-de-la-protesta-universitaria-contra-javier-milei/ss-AA1nw9cl?ocid=msedgntp&cvid=c3e118307a604320d6767c459f1cb091&ei=16#image=4","2024-04-23 09:59:00 CST","https://www.msn.com/es-mx/noticias/mundo/los-memes-de-la-protesta-universitaria-contra-javier-milei/ss-AA1nw9cl?ocid=msedgntp&cvid=c3e118307a604320d6767c459f1cb091&ei=16#image=4","Los memes de la protesta universitaria contra Javier Milei","Microsoft Edge",msn.com,Default,"001-003-LAptop-Pavana T3.E01"
History,"https://www.msn.com/es-mx/noticias/mundo/los-memes-de-la-protesta-universitaria-contra-javier-milei/ss-AA1nw9cl?ocid=msedgntp&cvid=c3e118307a604320d6767c459f1cb091&ei=16#image=5","2024-04-23 09:59:11 CST","https://www.msn.com/es-mx/noticias/mundo/los-memes-de-la-protesta-universitaria-contra-javier-milei/ss-AA1nw9cl?ocid=msedgntp&cvid=c3e118307a604320d6767c459f1cb091&ei=16#image=5","Los memes de la protesta universitaria contra Javier Milei","Microsoft Edge",msn.com,Default,"001-003-LAptop-Pavana T3.E01"
History,"https://www.msn.com/es-mx/noticias/mundo/los-memes-de-la-protesta-universitaria-contra-javier-milei/ss-AA1nw9cl?ocid=msedgntp&cvid=c3e118307a604320d6767c459f1cb091&ei=16#interstitial=2","2024-04-23 09:59:17 CST","https://www.msn.com/es-mx/noticias/mundo/los-memes-de-la-protesta-universitaria-contra-javier-milei/ss-AA1nw9cl?ocid=msedgntp&cvid=c3e118307a604320d6767c459f1cb091&ei=16#interstitial=2","Los memes de la protesta universitaria contra Javier Milei","Microsoft Edge",msn.com,Default,"001-003-LAptop-Pavana T3.E01"
History,"https://www.msn.com/es-mx/noticias/mundo/los-memes-de-la-protesta-universitaria-contra-javier-milei/ss-AA1nw9cl?ocid=msedgntp&cvid=c3e118307a604320d6767c459f1cb091&ei=16#image=6","2024-04-23 09:59:18 CST","https://www.msn.com/es-mx/noticias/mundo/los-memes-de-la-protesta-universitaria-contra-javier-milei/ss-AA1nw9cl?ocid=msedgntp&cvid=c3e118307a604320d6767c459f1cb091&ei=16#image=6","Los memes de la protesta universitaria contra Javier Milei","Microsoft Edge",msn.com,Default,"001-003-LAptop-Pavana T3.E01"
History,"https://www.msn.com/es-mx/noticias/mundo/los-memes-de-la-protesta-universitaria-contra-javier-milei/ss-AA1nw9cl?ocid=msedgntp&cvid=c3e118307a604320d6767c459f1cb091&ei=16#image=7","2024-04-23 09:59:27 CST","https://www.msn.com/es-mx/noticias/mundo/los-memes-de-la-protesta-universitaria-contra-javier-milei/ss-AA1nw9cl?ocid=msedgntp&cvid=c3e118307a604320d6767c459f1cb091&ei=16#image=7","Los memes de la protesta universitaria contra Javier Milei","Microsoft Edge",msn.com,Default,"001-003-LAptop-Pavana T3.E01"
History,"https://www.msn.com/es-mx/noticias/mundo/los-memes-de-la-protesta-universitaria-contra-javier-milei/ss-AA1nw9cl?ocid=msedgntp&cvid=c3e118307a604320d6767c459f1cb091&ei=16#image=8","2024-04-23 09:59:31 CST","https://www.msn.com/es-mx/noticias/mundo/los-memes-de-la-protesta-universitaria-contra-javier-milei/ss-AA1nw9cl?ocid=msedgntp&cvid=c3e118307a604320d6767c459f1cb091&ei=16#image=8","Los memes de la protesta universitaria contra Javier Milei","Microsoft Edge",msn.com,Default,"001-003-LAptop-Pavana T3.E01"
History,"https://www.msn.com/es-mx/noticias/mundo/los-memes-de-la-protesta-universitaria-contra-javier-milei/ss-AA1nw9cl?ocid=msedgntp&cvid=c3e118307a604320d6767c459f1cb091&ei=16#interstitial=3","2024-04-23 09:59:39 CST","https://www.msn.com/es-mx/noticias/mundo/los-memes-de-la-protesta-universitaria-contra-javier-milei/ss-AA1nw9cl?ocid=msedgntp&cvid=c3e118307a604320d6767c459f1cb091&ei=16#interstitial=3","Los memes de la protesta universitaria contra Javier Milei","Microsoft Edge",msn.com,Default,"001-003-LAptop-Pavana T3.E01"
History,"https://www.msn.com/es-mx/noticias/mundo/los-memes-de-la-protesta-universitaria-contra-javier-milei/ss-AA1nw9cl?ocid=msedgntp&cvid=c3e118307a604320d6767c459f1cb091&ei=16#image=9","2024-04-23 09:59:52 CST","https://www.msn.com/es-mx/noticias/mundo/los-memes-de-la-protesta-universitaria-contra-javier-milei/ss-AA1nw9cl?ocid=msedgntp&cvid=c3e118307a604320d6767c459f1cb091&ei=16#image=9","Los memes de la protesta universitaria contra Javier Milei","Microsoft Edge",msn.com,Default,"001-003-LAptop-Pavana T3.E01"
History,"https://www.msn.com/es-mx/noticias/mundo/los-memes-de-la-protesta-universitaria-contra-javier-milei/ss-AA1nw9cl?ocid=msedgntp&cvid=c3e118307a604320d6767c459f1cb091&ei=16#image=10","2024-04-23 10:00:02 CST","https://www.msn.com/es-mx/noticias/mundo/los-memes-de-la-protesta-universitaria-contra-javier-milei/ss-AA1nw9cl?ocid=msedgntp&cvid=c3e118307a604320d6767c459f1cb091&ei=16#image=10","Los memes de la protesta universitaria contra Javier Milei","Microsoft Edge",msn.com,Default,"001-003-LAptop-Pavana T3.E01"
History,"https://www.msn.com/es-mx/noticias/mundo/los-memes-de-la-protesta-universitaria-contra-javier-milei/ss-AA1nw9cl?ocid=msedgntp&cvid=c3e118307a604320d6767c459f1cb091&ei=16#image=11","2024-04-23 10:00:04 CST","https://www.msn.com/es-mx/noticias/mundo/los-memes-de-la-protesta-universitaria-contra-javier-milei/ss-AA1nw9cl?ocid=msedgntp&cvid=c3e118307a604320d6767c459f1cb091&ei=16#image=11","Los memes de la protesta universitaria contra Javier Milei","Microsoft Edge",msn.com,Default,"001-003-LAptop-Pavana T3.E01"
History,"https://www.msn.com/es-mx/noticias/mundo/los-memes-de-la-protesta-universitaria-contra-javier-milei/ss-AA1nw9cl?ocid=msedgntp&cvid=c3e118307a604320d6767c459f1cb091&ei=16#interstitial=4","2024-04-23 10:00:14 CST","https://www.msn.com/es-mx/noticias/mundo/los-memes-de-la-protesta-universitaria-contra-javier-milei/ss-AA1nw9cl?ocid=msedgntp&cvid=c3e118307a604320d6767c459f1cb091&ei=16#interstitial=4","Los memes de la protesta universitaria contra Javier Milei","Microsoft Edge",msn.com,Default,"001-003-LAptop-Pavana T3.E01"
History,"https://www.msn.com/es-mx/noticias/mundo/los-memes-de-la-protesta-universitaria-contra-javier-milei/ss-AA1nw9cl?ocid=msedgntp&cvid=c3e118307a604320d6767c459f1cb091&ei=16#image=12","2024-04-23 10:00:15 CST","https://www.msn.com/es-mx/noticias/mundo/los-memes-de-la-protesta-universitaria-contra-javier-milei/ss-AA1nw9cl?ocid=msedgntp&cvid=c3e118307a604320d6767c459f1cb091&ei=16#image=12","Los memes de la protesta universitaria contra Javier Milei","Microsoft Edge",msn.com,Default,"001-003-LAptop-Pavana T3.E01"
History,"https://www.msn.com/es-mx/noticias/mundo/los-memes-de-la-protesta-universitaria-contra-javier-milei/ss-AA1nw9cl?ocid=msedgntp&cvid=c3e118307a604320d6767c459f1cb091&ei=16#image=13","2024-04-23 10:00:19 CST","https://www.msn.com/es-mx/noticias/mundo/los-memes-de-la-protesta-universitaria-contra-javier-milei/ss-AA1nw9cl?ocid=msedgntp&cvid=c3e118307a604320d6767c459f1cb091&ei=16#image=13","Los memes de la protesta universitaria contra Javier Milei","Microsoft Edge",msn.com,Default,"001-003-LAptop-Pavana T3.E01"
History,"https://www.msn.com/es-mx/noticias/mundo/los-memes-de-la-protesta-universitaria-contra-javier-milei/ss-AA1nw9cl?ocid=msedgntp&cvid=c3e118307a604320d6767c459f1cb091&ei=16#image=14","2024-04-23 10:00:27 CST","https://www.msn.com/es-mx/noticias/mundo/los-memes-de-la-protesta-universitaria-contra-javier-milei/ss-AA1nw9cl?ocid=msedgntp&cvid=c3e118307a604320d6767c459f1cb091&ei=16#image=14","Los memes de la protesta universitaria contra Javier Milei","Microsoft Edge",msn.com,Default,"001-003-LAptop-Pavana T3.E01"
History,"https://www.msn.com/es-mx/noticias/mundo/los-memes-de-la-protesta-universitaria-contra-javier-milei/ss-AA1nw9cl?ocid=msedgntp&cvid=c3e118307a604320d6767c459f1cb091&ei=16#interstitial=5","2024-04-23 10:00:30 CST","https://www.msn.com/es-mx/noticias/mundo/los-memes-de-la-protesta-universitaria-contra-javier-milei/ss-AA1nw9cl?ocid=msedgntp&cvid=c3e118307a604320d6767c459f1cb091&ei=16#interstitial=5","Los memes de la protesta universitaria contra Javier Milei","Microsoft Edge",msn.com,Default,"001-003-LAptop-Pavana T3.E01"
History,"https://www.msn.com/es-mx/noticias/mundo/los-memes-de-la-protesta-universitaria-contra-javier-milei/ss-AA1nw9cl?ocid=msedgntp&cvid=c3e118307a604320d6767c459f1cb091&ei=16#image=15","2024-04-23 10:00:31 CST","https://www.msn.com/es-mx/noticias/mundo/los-memes-de-la-protesta-universitaria-contra-javier-milei/ss-AA1nw9cl?ocid=msedgntp&cvid=c3e118307a604320d6767c459f1cb091&ei=16#image=15","Los memes de la protesta universitaria contra Javier Milei","Microsoft Edge",msn.com,Default,"001-003-LAptop-Pavana T3.E01"
History,"https://www.msn.com/es-mx/noticias/mundo/los-memes-de-la-protesta-universitaria-contra-javier-milei/ss-AA1nw9cl?ocid=msedgntp&cvid=c3e118307a604320d6767c459f1cb091&ei=16#image=16","2024-04-23 10:00:33 CST","https://www.msn.com/es-mx/noticias/mundo/los-memes-de-la-protesta-universitaria-contra-javier-milei/ss-AA1nw9cl?ocid=msedgntp&cvid=c3e118307a604320d6767c459f1cb091&ei=16#image=16","Los memes de la protesta universitaria contra Javier Milei","Microsoft Edge",msn.com,Default,"001-003-LAptop-Pavana T3.E01"
History,"https://www.msn.com/es-mx/noticias/mundo/los-memes-de-la-protesta-universitaria-contra-javier-milei/ss-AA1nw9cl?ocid=msedgntp&cvid=c3e118307a604320d6767c459f1cb091&ei=16#image=17","2024-04-23 10:00:34 CST","https://www.msn.com/es-mx/noticias/mundo/los-memes-de-la-protesta-universitaria-contra-javier-milei/ss-AA1nw9cl?ocid=msedgntp&cvid=c3e118307a604320d6767c459f1cb091&ei=16#image=17","Los memes de la protesta universitaria contra Javier Milei","Microsoft Edge",msn.com,Default,"001-003-LAptop-Pavana T3.E01"
History,"https://www.msn.com/es-mx/noticias/mundo/los-memes-de-la-protesta-universitaria-contra-javier-milei/ss-AA1nw9cl?ocid=msedgntp&cvid=c3e118307a604320d6767c459f1cb091&ei=16#interstitial=6","2024-04-23 10:00:36 CST","https://www.msn.com/es-mx/noticias/mundo/los-memes-de-la-protesta-universitaria-contra-javier-milei/ss-AA1nw9cl?ocid=msedgntp&cvid=c3e118307a604320d6767c459f1cb091&ei=16#interstitial=6","Los memes de la protesta universitaria contra Javier Milei","Microsoft Edge",msn.com,Default,"001-003-LAptop-Pavana T3.E01"
History,"https://www.bing.com/search?q=filetype%3Adocx&cvid=2bba40ff03064a478a69e8014e17ec3c&aqs=edge..69i57j69i58.9338j0j1&pglt=43&FORM=ANNTA1&PC=U531&ntref=1","2024-04-23 10:00:57 CST","https://www.bing.com/search?q=filetype%3Adocx&cvid=2bba40ff03064a478a69e8014e17ec3c&aqs=edge..69i57j69i58.9338j0j1&pglt=43&FORM=ANNTA1&PC=U531&ntref=1","whatsapp web - Búsqueda","Microsoft Edge",bing.com,Default,"001-003-LAptop-Pavana T3.E01"
History,"https://www.bing.com/search?q=whatsapp%20web&qs=n&form=QBRE&=%25eAdministra%20tu%20historial%20de%20b%C3%BAsqueda%25E&sp=-1&ghc=1&lq=0&pq=whatsapp%20web&sc=11-12&sk=&cvid=1667149B49A04EB9B011F150D572D2C1&ghsh=0&ghacc=0&ghpl=","2024-04-23 10:06:31 CST","https://www.bing.com/search?q=whatsapp%20web&qs=n&form=QBRE&=%25eAdministra%20tu%20historial%20de%20b%C3%BAsqueda%25E&sp=-1&ghc=1&lq=0&pq=whatsapp%20web&sc=11-12&sk=&cvid=1667149B49A04EB9B011F150D572D2C1&ghsh=0&ghacc=0&ghpl=","https://www.bing.com/search?q=whatsapp web&qs=n&form=QBRE&=%25eAdministra tu historial de búsqueda%25E&sp=-1&ghc=1&lq=0&pq=whatsapp web&sc=11-12&sk=&cvid=1667149B49A04EB9B011F150D572D2C1&ghsh=0&ghacc=0&ghpl=","Microsoft Edge",bing.com,Default,"001-003-LAptop-Pavana T3.E01"
History,"https://www.bing.com/ck/a?!&&p=7e3b0b3823ec6108JmltdHM9MTcxMzgzMDQwMCZpZ3VpZD0xZGUwNzMxNC1lODk3LTY1OWYtMTYwNy02NzdjZTk3OTY0ZmEmaW5zaWQ9NTIxNA&ptn=3&ver=2&hsh=3&fclid=1de07314-e897-659f-1607-677ce97964fa&psq=whatsapp+web&u=a1aHR0cHM6Ly93ZWIud2hhdHNhcHAuY29tLw&ntb=1","2024-04-23 10:06:31 CST","https://www.bing.com/ck/a?!&&p=7e3b0b3823ec6108JmltdHM9MTcxMzgzMDQwMCZpZ3VpZD0xZGUwNzMxNC1lODk3LTY1OWYtMTYwNy02NzdjZTk3OTY0ZmEmaW5zaWQ9NTIxNA&ptn=3&ver=2&hsh=3&fclid=1de07314-e897-659f-1607-677ce97964fa&psq=whatsapp+web&u=a1aHR0cHM6Ly93ZWIud2hhdHNhcHAuY29tLw&ntb=1",,"Microsoft Edge",bing.com,Default,"001-003-LAptop-Pavana T3.E01"
History,"https://www.bing.com/search?q=whatsapp%20web&qs=n&form=QBRE&=%25eAdministra%20tu%20historial%20de%20b%C3%BAsqueda%25E&sp=-1&ghc=1&lq=0&pq=whatsapp%20web&sc=11-12&sk=&cvid=1667149B49A04EB9B011F150D572D2C1&ghsh=0&ghacc=0&ghpl=","2024-04-23 10:06:31 CST","https://www.bing.com/search?q=whatsapp%20web&qs=n&form=QBRE&=%25eAdministra%20tu%20historial%20de%20b%C3%BAsqueda%25E&sp=-1&ghc=1&lq=0&pq=whatsapp%20web&sc=11-12&sk=&cvid=1667149B49A04EB9B011F150D572D2C1&ghsh=0&ghacc=0&ghpl=","https://www.bing.com/search?q=whatsapp web&qs=n&form=QBRE&=%25eAdministra tu historial de búsqueda%25E&sp=-1&ghc=1&lq=0&pq=whatsapp web&sc=11-12&sk=&cvid=1667149B49A04EB9B011F150D572D2C1&ghsh=0&ghacc=0&ghpl=","Microsoft Edge",bing.com,Default,"001-003-LAptop-Pavana T3.E01"
History,"https://web.whatsapp.com/","2024-04-23 10:06:34 CST","https://web.whatsapp.com/",WhatsApp,"Microsoft Edge",whatsapp.com,Default,"001-003-LAptop-Pavana T3.E01"
History,https://yandex.com/,"2024-04-22 13:04:45 CST",https://yandex.com/,"Yandex — a fast Internet search",Opera,yandex.com,Default,"001-003-LAptop-Pavana T3.E01"
History,"https://yandex.com/images/?utm_source=yandex&utm_medium=com&utm_campaign=morda","2024-04-22 23:23:52 CST","https://yandex.com/images/?utm_source=yandex&utm_medium=com&utm_campaign=morda","Yandex Images: search for images online, image search",Opera,yandex.com,Default,"001-003-LAptop-Pavana T3.E01"
History,"https://yandex.com/images/?utm_source=yandex&utm_medium=com&utm_campaign=morda","2024-04-22 23:23:52 CST","https://yandex.com/images/?utm_source=yandex&utm_medium=com&utm_campaign=morda","Yandex Images: search for images online, image search",Opera,yandex.com,Default,"001-003-LAptop-Pavana T3.E01"
History,"https://www.google.com/search?client=opera&q=tumblr&sourceid=opera&ie=UTF-8&oe=UTF-8","2024-04-22 13:44:37 CST","https://www.google.com/search?client=opera&q=tumblr&sourceid=opera&ie=UTF-8&oe=UTF-8","tumblr - Buscar con Google",Opera,google.com,Default,"001-003-LAptop-Pavana T3.E01"
History,"https://www.google.com/search?client=opera&q=tumblr&sourceid=opera&ie=UTF-8&oe=UTF-8","2024-04-22 13:44:37 CST","https://www.google.com/search?client=opera&q=tumblr&sourceid=opera&ie=UTF-8&oe=UTF-8","tumblr - Buscar con Google",Opera,google.com,Default,"001-003-LAptop-Pavana T3.E01"
History,"https://www.google.com/search?client=opera&hs=J33&sca_esv=ffa6a5b912f672b6&sca_upv=1&q=tumblr&uds=AMwkrPtMsdZ6jPhA5S-jYzjfaBw0-ljuO0eKhm2JtEgPHQZiSfBW6xO0DekFMx2dxb3Pt7B7m5E1xWHpHVJHpQk65WkYu4eXc9C8gE9FghUiz6cDCUsPdbY80tk7xYfa3kstCQxn37Y2H3sp5KxiZ07LQGabtkBuMESf4bI8jqoQ89n2Xj8HHzK2ixf1u8yOHqyZh_f32w5IymJrWiCImHlPVyo5XudIjaJXby5b17EOrPbkG815cCyopk0Bit88fcTC3xA-3w6BLQvCZyGMek6IV2SzmqQ6-A&udm=2&prmd=ivsnbmtz&sa=X&ved=2ahUKEwjX-OTWytaFAxX7OEQIHWjhCFMQtKgLegQIDBAB&biw=1184&bih=659","2024-04-22 13:44:44 CST","https://www.google.com/search?client=opera&hs=J33&sca_esv=ffa6a5b912f672b6&sca_upv=1&q=tumblr&uds=AMwkrPtMsdZ6jPhA5S-jYzjfaBw0-ljuO0eKhm2JtEgPHQZiSfBW6xO0DekFMx2dxb3Pt7B7m5E1xWHpHVJHpQk65WkYu4eXc9C8gE9FghUiz6cDCUsPdbY80tk7xYfa3kstCQxn37Y2H3sp5KxiZ07LQGabtkBuMESf4bI8jqoQ89n2Xj8HHzK2ixf1u8yOHqyZh_f32w5IymJrWiCImHlPVyo5XudIjaJXby5b17EOrPbkG815cCyopk0Bit88fcTC3xA-3w6BLQvCZyGMek6IV2SzmqQ6-A&udm=2&prmd=ivsnbmtz&sa=X&ved=2ahUKEwjX-OTWytaFAxX7OEQIHWjhCFMQtKgLegQIDBAB&biw=1184&bih=659","tumblr - Buscar con Google",Opera,google.com,Default,"001-003-LAptop-Pavana T3.E01"
History,"https://www.google.com/search?client=opera&hs=J33&sca_esv=ffa6a5b912f672b6&sca_upv=1&q=tumblr&uds=AMwkrPtMsdZ6jPhA5S-jYzjfaBw0-ljuO0eKhm2JtEgPHQZiSfBW6xO0DekFMx2dxb3Pt7B7m5E1xWHpHVJHpQk65WkYu4eXc9C8gE9FghUiz6cDCUsPdbY80tk7xYfa3kstCQxn37Y2H3sp5KxiZ07LQGabtkBuMESf4bI8jqoQ89n2Xj8HHzK2ixf1u8yOHqyZh_f32w5IymJrWiCImHlPVyo5XudIjaJXby5b17EOrPbkG815cCyopk0Bit88fcTC3xA-3w6BLQvCZyGMek6IV2SzmqQ6-A&udm=2&prmd=ivsnbmtz&sa=X&ved=2ahUKEwjX-OTWytaFAxX7OEQIHWjhCFMQtKgLegQIDBAB&biw=1184&bih=659","2024-04-22 13:44:44 CST","https://www.google.com/search?client=opera&hs=J33&sca_esv=ffa6a5b912f672b6&sca_upv=1&q=tumblr&uds=AMwkrPtMsdZ6jPhA5S-jYzjfaBw0-ljuO0eKhm2JtEgPHQZiSfBW6xO0DekFMx2dxb3Pt7B7m5E1xWHpHVJHpQk65WkYu4eXc9C8gE9FghUiz6cDCUsPdbY80tk7xYfa3kstCQxn37Y2H3sp5KxiZ07LQGabtkBuMESf4bI8jqoQ89n2Xj8HHzK2ixf1u8yOHqyZh_f32w5IymJrWiCImHlPVyo5XudIjaJXby5b17EOrPbkG815cCyopk0Bit88fcTC3xA-3w6BLQvCZyGMek6IV2SzmqQ6-A&udm=2&prmd=ivsnbmtz&sa=X&ved=2ahUKEwjX-OTWytaFAxX7OEQIHWjhCFMQtKgLegQIDBAB&biw=1184&bih=659","tumblr - Buscar con Google",Opera,google.com,Default,"001-003-LAptop-Pavana T3.E01"
History,"https://www.google.com/search?client=opera&hs=J33&sca_esv=ffa6a5b912f672b6&sca_upv=1&q=tumblr&uds=AMwkrPtMsdZ6jPhA5S-jYzjfaBw0-ljuO0eKhm2JtEgPHQZiSfBW6xO0DekFMx2dxb3Pt7B7m5E1xWHpHVJHpQk65WkYu4eXc9C8gE9FghUiz6cDCUsPdbY80tk7xYfa3kstCQxn37Y2H3sp5KxiZ07LQGabtkBuMESf4bI8jqoQ89n2Xj8HHzK2ixf1u8yOHqyZh_f32w5IymJrWiCImHlPVyo5XudIjaJXby5b17EOrPbkG815cCyopk0Bit88fcTC3xA-3w6BLQvCZyGMek6IV2SzmqQ6-A&udm=2&prmd=ivsnbmtz&sa=X&ved=2ahUKEwjX-OTWytaFAxX7OEQIHWjhCFMQtKgLegQIDBAB&biw=1184&bih=659#vhid=XrBoNY1p_RhH9M&vssid=mosaic","2024-04-22 23:55:41 CST","https://www.google.com/search?client=opera&hs=J33&sca_esv=ffa6a5b912f672b6&sca_upv=1&q=tumblr&uds=AMwkrPtMsdZ6jPhA5S-jYzjfaBw0-ljuO0eKhm2JtEgPHQZiSfBW6xO0DekFMx2dxb3Pt7B7m5E1xWHpHVJHpQk65WkYu4eXc9C8gE9FghUiz6cDCUsPdbY80tk7xYfa3kstCQxn37Y2H3sp5KxiZ07LQGabtkBuMESf4bI8jqoQ89n2Xj8HHzK2ixf1u8yOHqyZh_f32w5IymJrWiCImHlPVyo5XudIjaJXby5b17EOrPbkG815cCyopk0Bit88fcTC3xA-3w6BLQvCZyGMek6IV2SzmqQ6-A&udm=2&prmd=ivsnbmtz&sa=X&ved=2ahUKEwjX-OTWytaFAxX7OEQIHWjhCFMQtKgLegQIDBAB&biw=1184&bih=659#vhid=XrBoNY1p_RhH9M&vssid=mosaic","tumblr - Buscar con Google",Opera,google.com,Default,"001-003-LAptop-Pavana T3.E01"
History,"https://www.google.com/url?sa=i&url=https%3A%2F%2Ftechformers22.photo.blog%2F2017%2F02%2F03%2Fimagenes-tumblr%2F&psig=AOvVaw3yrSfGkUZ-XOzCNGiziU8S&ust=1713901484730000&source=images&cd=vfe&opi=89978449&ved=0CBIQjhxqFwoTCJiou-XK1oUDFQAAAAAdAAAAABAE","2024-04-22 13:45:12 CST","https://www.google.com/url?sa=i&url=https%3A%2F%2Ftechformers22.photo.blog%2F2017%2F02%2F03%2Fimagenes-tumblr%2F&psig=AOvVaw3yrSfGkUZ-XOzCNGiziU8S&ust=1713901484730000&source=images&cd=vfe&opi=89978449&ved=0CBIQjhxqFwoTCJiou-XK1oUDFQAAAAAdAAAAABAE","imágenes Tumblr – Fotos tumblr",Opera,google.com,Default,"001-003-LAptop-Pavana T3.E01"
History,"https://techformers22.photo.blog/2017/02/03/imagenes-tumblr/","2024-04-22 13:45:12 CST","https://techformers22.photo.blog/2017/02/03/imagenes-tumblr/","imágenes Tumblr – Fotos tumblr",Opera,photo.blog,Default,"001-003-LAptop-Pavana T3.E01"
History,"https://www.tumblr.com/identifying-cars-in-posts","2024-04-22 13:47:32 CST","https://www.tumblr.com/identifying-cars-in-posts","@identifying-cars-in-posts en Tumblr",Opera,tumblr.com,Default,"001-003-LAptop-Pavana T3.E01"
History,"https://www.tumblr.com/identifying-cars-in-posts","2024-04-22 13:47:32 CST","https://www.tumblr.com/identifying-cars-in-posts","@identifying-cars-in-posts en Tumblr",Opera,tumblr.com,Default,"001-003-LAptop-Pavana T3.E01"
History,"https://www.tumblr.com/identifying-cars-in-posts?redirect_to=%2Fidentifying-cars-in-posts&source=blog_view_login_wall","2024-04-22 23:55:13 CST","https://www.tumblr.com/identifying-cars-in-posts?redirect_to=%2Fidentifying-cars-in-posts&source=blog_view_login_wall","@identifying-cars-in-posts en Tumblr",Opera,tumblr.com,Default,"001-003-LAptop-Pavana T3.E01"
History,"https://www.tumblr.com/identifying-cars-in-posts?redirect_to=%2Fidentifying-cars-in-posts&source=blog_view_login_wall","2024-04-22 23:55:13 CST","https://www.tumblr.com/identifying-cars-in-posts?redirect_to=%2Fidentifying-cars-in-posts&source=blog_view_login_wall","@identifying-cars-in-posts en Tumblr",Opera,tumblr.com,Default,"001-003-LAptop-Pavana T3.E01"
History,"https://www.tumblr.com/identifying-cars-in-posts?redirect_to=%2Fidentifying-cars-in-posts&source=blog_view_login_wall","2024-04-22 23:55:13 CST","https://www.tumblr.com/identifying-cars-in-posts?redirect_to=%2Fidentifying-cars-in-posts&source=blog_view_login_wall","@identifying-cars-in-posts en Tumblr",Opera,tumblr.com,Default,"001-003-LAptop-Pavana T3.E01"
History,"https://www.tumblr.com/identifying-cars-in-posts?redirect_to=%2Fidentifying-cars-in-posts&source=blog_view_login_wall","2024-04-22 23:55:13 CST","https://www.tumblr.com/identifying-cars-in-posts?redirect_to=%2Fidentifying-cars-in-posts&source=blog_view_login_wall","@identifying-cars-in-posts en Tumblr",Opera,tumblr.com,Default,"001-003-LAptop-Pavana T3.E01"
History,"https://www.tumblr.com/identifying-cars-in-posts?redirect_to=%2Fidentifying-cars-in-posts&source=blog_view_login_wall","2024-04-22 23:55:13 CST","https://www.tumblr.com/identifying-cars-in-posts?redirect_to=%2Fidentifying-cars-in-posts&source=blog_view_login_wall","@identifying-cars-in-posts en Tumblr",Opera,tumblr.com,Default,"001-003-LAptop-Pavana T3.E01"
History,"https://www.tumblr.com/identifying-cars-in-posts?redirect_to=%2Fidentifying-cars-in-posts&source=blog_view_login_wall","2024-04-22 23:55:13 CST","https://www.tumblr.com/identifying-cars-in-posts?redirect_to=%2Fidentifying-cars-in-posts&source=blog_view_login_wall","@identifying-cars-in-posts en Tumblr",Opera,tumblr.com,Default,"001-003-LAptop-Pavana T3.E01"
History,"https://www.tumblr.com/identifying-cars-in-posts?redirect_to=%2Fidentifying-cars-in-posts&source=blog_view_login_wall","2024-04-22 23:55:13 CST","https://www.tumblr.com/identifying-cars-in-posts?redirect_to=%2Fidentifying-cars-in-posts&source=blog_view_login_wall","@identifying-cars-in-posts en Tumblr",Opera,tumblr.com,Default,"001-003-LAptop-Pavana T3.E01"
History,"https://www.tumblr.com/identifying-cars-in-posts?redirect_to=%2Fidentifying-cars-in-posts&source=blog_view_login_wall","2024-04-22 23:55:13 CST","https://www.tumblr.com/identifying-cars-in-posts?redirect_to=%2Fidentifying-cars-in-posts&source=blog_view_login_wall","@identifying-cars-in-posts en Tumblr",Opera,tumblr.com,Default,"001-003-LAptop-Pavana T3.E01"
History,"https://www.tumblr.com/identifying-cars-in-posts?redirect_to=%2Fidentifying-cars-in-posts&source=blog_view_login_wall","2024-04-22 23:55:13 CST","https://www.tumblr.com/identifying-cars-in-posts?redirect_to=%2Fidentifying-cars-in-posts&source=blog_view_login_wall","@identifying-cars-in-posts en Tumblr",Opera,tumblr.com,Default,"001-003-LAptop-Pavana T3.E01"
History,"https://yandex.com/search/?text=skullcarding&lr=114920&msid=1713812685098943-15332016068089046038-balancer-l7leveler-kubr-yp-sas-250-BAL&search_source=yacom_desktop_common&suggest_reqid=989046038171381268526869625072132","2024-04-22 14:06:34 CST","https://yandex.com/search/?text=skullcarding&lr=114920&msid=1713812685098943-15332016068089046038-balancer-l7leveler-kubr-yp-sas-250-BAL&search_source=yacom_desktop_common&suggest_reqid=989046038171381268526869625072132","skullcarding — Yandex: 2 thousand results found",Opera,yandex.com,Default,"001-003-LAptop-Pavana T3.E01"
History,"https://yandex.com/search/?text=skullcarding&lr=114920&msid=1713812685098943-15332016068089046038-balancer-l7leveler-kubr-yp-sas-250-BAL&search_source=yacom_desktop_common&suggest_reqid=989046038171381268526869625072132","2024-04-22 14:06:34 CST","https://yandex.com/search/?text=skullcarding&lr=114920&msid=1713812685098943-15332016068089046038-balancer-l7leveler-kubr-yp-sas-250-BAL&search_source=yacom_desktop_common&suggest_reqid=989046038171381268526869625072132","skullcarding — Yandex: 2 thousand results found",Opera,yandex.com,Default,"001-003-LAptop-Pavana T3.E01"
History,"https://yandex.com/search/?text=skullcarding&lr=114920&search_source=yacom_desktop_common","2024-04-22 14:09:07 CST","https://yandex.com/search/?text=skullcarding&lr=114920&search_source=yacom_desktop_common","skullcarding — Yandex: 2 thousand results found",Opera,yandex.com,Default,"001-003-LAptop-Pavana T3.E01"
History,"https://yandex.com/search/?text=skullcarding&lr=114920&search_source=yacom_desktop_common","2024-04-22 14:09:07 CST","https://yandex.com/search/?text=skullcarding&lr=114920&search_source=yacom_desktop_common","skullcarding — Yandex: 2 thousand results found",Opera,yandex.com,Default,"001-003-LAptop-Pavana T3.E01"
History,"https://yandex.com/search/?text=mercado+de+tarjetas+de+credito+&lr=114920&suggest_reqid=989046038171381268563954834034672","2024-04-22 14:09:07 CST","https://yandex.com/search/?text=mercado+de+tarjetas+de+credito+&lr=114920&suggest_reqid=989046038171381268563954834034672","skullcarding — Yandex: 2 thousand results found",Opera,yandex.com,Default,"001-003-LAptop-Pavana T3.E01"
History,"https://yandex.com/search/?text=mercado+de+tarjetas+de+credito+&lr=114920","2024-04-22 14:09:08 CST","https://yandex.com/search/?text=mercado+de+tarjetas+de+credito+&lr=114920","mercado de tarjetas de credito — Yandex: 6 thousand results found",Opera,yandex.com,Default,"001-003-LAptop-Pavana T3.E01"
History,"https://yandex.com/images/search?text=mercado%20de%20tarjetas%20de%20credito&parent-reqid=1713816547666886-9880646625933266671-balancer-l7leveler-kubr-yp-sas-145-BAL&from=tabbar","2024-04-22 14:09:11 CST","https://yandex.com/images/search?text=mercado%20de%20tarjetas%20de%20credito&parent-reqid=1713816547666886-9880646625933266671-balancer-l7leveler-kubr-yp-sas-145-BAL&from=tabbar","mercado de tarjetas de credito: 912 results found in Yandex Images",Opera,yandex.com,Default,"001-003-LAptop-Pavana T3.E01"
History,"https://yandex.com/images/search?text=mercado%20de%20tarjetas%20de%20credito&parent-reqid=1713816547666886-9880646625933266671-balancer-l7leveler-kubr-yp-sas-145-BAL&from=tabbar","2024-04-22 14:09:11 CST","https://yandex.com/images/search?text=mercado%20de%20tarjetas%20de%20credito&parent-reqid=1713816547666886-9880646625933266671-balancer-l7leveler-kubr-yp-sas-145-BAL&from=tabbar","mercado de tarjetas de credito: 912 results found in Yandex Images",Opera,yandex.com,Default,"001-003-LAptop-Pavana T3.E01"
History,"https://yandex.com/images/search?from=tabbar&text=mercado%20de%20tarjetas%20de%20credito","2024-04-22 14:09:11 CST","https://yandex.com/images/search?from=tabbar&text=mercado%20de%20tarjetas%20de%20credito","mercado de tarjetas de credito: 912 results found in Yandex Images",Opera,yandex.com,Default,"001-003-LAptop-Pavana T3.E01"
History,"https://yandex.com/images/search?from=tabbar&text=mercado%20de%20tarjetas%20de%20credito","2024-04-22 14:09:11 CST","https://yandex.com/images/search?from=tabbar&text=mercado%20de%20tarjetas%20de%20credito","mercado de tarjetas de credito: 912 results found in Yandex Images",Opera,yandex.com,Default,"001-003-LAptop-Pavana T3.E01"
History,"https://yandex.com/images/search?from=tabbar&suggest_reqid=989046038171381268565512878055454&text=skullcardig","2024-04-22 14:10:15 CST","https://yandex.com/images/search?from=tabbar&suggest_reqid=989046038171381268565512878055454&text=skullcardig","skullcardig: 30 results found in Yandex Images",Opera,yandex.com,Default,"001-003-LAptop-Pavana T3.E01"
History,"https://yandex.com/images/search?from=tabbar&text=skullcardig","2024-04-22 14:10:15 CST","https://yandex.com/images/search?from=tabbar&text=skullcardig","skullcardig: 30 results found in Yandex Images",Opera,yandex.com,Default,"001-003-LAptop-Pavana T3.E01"
History,"https://yandex.com/images/search?from=tabbar&text=skullcardig","2024-04-22 14:10:15 CST","https://yandex.com/images/search?from=tabbar&text=skullcardig","skullcardig: 30 results found in Yandex Images",Opera,yandex.com,Default,"001-003-LAptop-Pavana T3.E01"
History,"https://yandex.com/images/search?from=tabbar&suggest_reqid=989046038171381268566151653910244&text=skullcarding","2024-04-22 14:10:19 CST","https://yandex.com/images/search?from=tabbar&suggest_reqid=989046038171381268566151653910244&text=skullcarding","skullcarding: 1 thousand results found in Yandex Images",Opera,yandex.com,Default,"001-003-LAptop-Pavana T3.E01"
History,"https://yandex.com/images/search?from=tabbar&text=skullcarding","2024-04-22 14:10:20 CST","https://yandex.com/images/search?from=tabbar&text=skullcarding","skullcarding: 1 thousand results found in Yandex Images",Opera,yandex.com,Default,"001-003-LAptop-Pavana T3.E01"
History,"https://yandex.com/images/search?from=tabbar&text=skullcarding","2024-04-22 14:10:20 CST","https://yandex.com/images/search?from=tabbar&text=skullcarding","skullcarding: 1 thousand results found in Yandex Images",Opera,yandex.com,Default,"001-003-LAptop-Pavana T3.E01"
History,"https://yandex.com/search?text=skullcarding&source=tabbar","2024-04-22 14:10:25 CST","https://yandex.com/search?text=skullcarding&source=tabbar","skullcarding — Yandex: 2 thousand results found",Opera,yandex.com,Default,"001-003-LAptop-Pavana T3.E01"
History,"https://yandex.com/search?text=skullcarding&source=tabbar","2024-04-22 14:10:25 CST","https://yandex.com/search?text=skullcarding&source=tabbar","skullcarding — Yandex: 2 thousand results found",Opera,yandex.com,Default,"001-003-LAptop-Pavana T3.E01"
History,"https://yandex.com/search?text=skullcarding&source=tabbar&lr=114920","2024-04-22 14:10:25 CST","https://yandex.com/search?text=skullcarding&source=tabbar&lr=114920","skullcarding — Yandex: 2 thousand results found",Opera,yandex.com,Default,"001-003-LAptop-Pavana T3.E01"
History,"https://yandex.com/search?text=skullcarding&source=tabbar&lr=114920&p=1","2024-04-22 14:10:31 CST","https://yandex.com/search?text=skullcarding&source=tabbar&lr=114920&p=1","skullcarding — Yandex: 2 thousand results found",Opera,yandex.com,Default,"001-003-LAptop-Pavana T3.E01"
History,"https://yandex.com/search?text=skullcarding&source=tabbar&lr=114920&p=1","2024-04-22 14:10:31 CST","https://yandex.com/search?text=skullcarding&source=tabbar&lr=114920&p=1","skullcarding — Yandex: 2 thousand results found",Opera,yandex.com,Default,"001-003-LAptop-Pavana T3.E01"
History,"https://yandex.com/search?text=skullcarding&source=tabbar&lr=114920&p=1","2024-04-22 14:10:31 CST","https://yandex.com/search?text=skullcarding&source=tabbar&lr=114920&p=1","skullcarding — Yandex: 2 thousand results found",Opera,yandex.com,Default,"001-003-LAptop-Pavana T3.E01"
History,"https://yandex.com/?source=tabbar","2024-04-22 16:28:24 CST","https://yandex.com/?source=tabbar","Yandex — a fast Internet search",Opera,yandex.com,Default,"001-003-LAptop-Pavana T3.E01"
History,"https://yandex.com/images/?utm_source=yandex&utm_medium=com&utm_campaign=morda","2024-04-22 23:23:52 CST","https://yandex.com/images/?utm_source=yandex&utm_medium=com&utm_campaign=morda","Yandex Images: search for images online, image search",Opera,yandex.com,Default,"001-003-LAptop-Pavana T3.E01"
History,"https://yandex.com/images/?utm_source=yandex&utm_medium=com&utm_campaign=morda","2024-04-22 23:23:52 CST","https://yandex.com/images/?utm_source=yandex&utm_medium=com&utm_campaign=morda","Yandex Images: search for images online, image search",Opera,yandex.com,Default,"001-003-LAptop-Pavana T3.E01"
History,"https://yandex.com/images/?utm_source=yandex&utm_medium=com&utm_campaign=morda","2024-04-22 23:23:52 CST","https://yandex.com/images/?utm_source=yandex&utm_medium=com&utm_campaign=morda","Yandex Images: search for images online, image search",Opera,yandex.com,Default,"001-003-LAptop-Pavana T3.E01"
History,"https://yandex.com/images/?utm_source=yandex&utm_medium=com&utm_campaign=morda","2024-04-22 23:23:52 CST","https://yandex.com/images/?utm_source=yandex&utm_medium=com&utm_campaign=morda","Yandex Images: search for images online, image search",Opera,yandex.com,Default,"001-003-LAptop-Pavana T3.E01"
History,"https://yandex.com/images/search?suggest_reqid=989046038171381268598265438616959&text=allitebooks","2024-04-22 23:34:37 CST","https://yandex.com/images/search?suggest_reqid=989046038171381268598265438616959&text=allitebooks","allitebooks: 245 results found in Yandex Images",Opera,yandex.com,Default,"001-003-LAptop-Pavana T3.E01"
History,"https://yandex.com/images/search?text=allitebooks","2024-04-22 23:34:41 CST","https://yandex.com/images/search?text=allitebooks","allitebooks: 245 results found in Yandex Images",Opera,yandex.com,Default,"001-003-LAptop-Pavana T3.E01"
History,"https://yandex.com/images/search?text=allitebooks","2024-04-22 23:34:41 CST","https://yandex.com/images/search?text=allitebooks","allitebooks: 245 results found in Yandex Images",Opera,yandex.com,Default,"001-003-LAptop-Pavana T3.E01"
History,"https://yandex.com/images/search?img_url=https%3A%2F%2Fwww.docdroid.net%2Ffile%2Fview%2FWkzZloH%2Fmastering-kali-linux-wireless-pentesting-pdf.jpg&lr=114920&pos=6&rpt=simage&text=allitebooks","2024-04-22 23:34:54 CST","https://yandex.com/images/search?img_url=https%3A%2F%2Fwww.docdroid.net%2Ffile%2Fview%2FWkzZloH%2Fmastering-kali-linux-wireless-pentesting-pdf.jpg&lr=114920&pos=6&rpt=simage&text=allitebooks","allitebooks: 245 results found in Yandex Images",Opera,yandex.com,Default,"001-003-LAptop-Pavana T3.E01"
History,"https://www.docdroid.net/WkzZloH/mastering-kali-linux-wireless-pentesting-pdf","2024-04-22 23:35:31 CST","https://www.docdroid.net/WkzZloH/mastering-kali-linux-wireless-pentesting-pdf","Mastering Kali Linux Wireless Pentesting.pdf | DocDroid",Opera,docdroid.net,Default,"001-003-LAptop-Pavana T3.E01"
History,"https://www.docdroid.net/WkzZloH/mastering-kali-linux-wireless-pentesting-pdf#page=21","2024-04-22 23:35:24 CST","https://www.docdroid.net/WkzZloH/mastering-kali-linux-wireless-pentesting-pdf#page=21","Mastering Kali Linux Wireless Pentesting.pdf | DocDroid",Opera,docdroid.net,Default,"001-003-LAptop-Pavana T3.E01"
History,"https://www.docdroid.net/WkzZloH/mastering-kali-linux-wireless-pentesting-pdf#page=9","2024-04-22 23:35:30 CST","https://www.docdroid.net/WkzZloH/mastering-kali-linux-wireless-pentesting-pdf#page=9","Mastering Kali Linux Wireless Pentesting.pdf | DocDroid",Opera,docdroid.net,Default,"001-003-LAptop-Pavana T3.E01"
History,"https://www.docdroid.net/WkzZloH/mastering-kali-linux-wireless-pentesting-pdf#page=3","2024-04-22 23:35:36 CST","https://www.docdroid.net/WkzZloH/mastering-kali-linux-wireless-pentesting-pdf#page=3","Mastering Kali Linux Wireless Pentesting.pdf | DocDroid",Opera,docdroid.net,Default,"001-003-LAptop-Pavana T3.E01"
History,"https://www.docdroid.net/WkzZloH/mastering-kali-linux-wireless-pentesting-pdf#page=2","2024-04-22 23:35:36 CST","https://www.docdroid.net/WkzZloH/mastering-kali-linux-wireless-pentesting-pdf#page=2","Mastering Kali Linux Wireless Pentesting.pdf | DocDroid",Opera,docdroid.net,Default,"001-003-LAptop-Pavana T3.E01"
History,"https://www.docdroid.net/WkzZloH/mastering-kali-linux-wireless-pentesting-pdf","2024-04-22 23:35:31 CST","https://www.docdroid.net/WkzZloH/mastering-kali-linux-wireless-pentesting-pdf","Mastering Kali Linux Wireless Pentesting.pdf | DocDroid",Opera,docdroid.net,Default,"001-003-LAptop-Pavana T3.E01"
History,"https://www.docdroid.net/WkzZloH/mastering-kali-linux-wireless-pentesting-pdf#page=2","2024-04-22 23:35:36 CST","https://www.docdroid.net/WkzZloH/mastering-kali-linux-wireless-pentesting-pdf#page=2","Mastering Kali Linux Wireless Pentesting.pdf | DocDroid",Opera,docdroid.net,Default,"001-003-LAptop-Pavana T3.E01"
History,"https://www.docdroid.net/WkzZloH/mastering-kali-linux-wireless-pentesting-pdf#page=3","2024-04-22 23:35:36 CST","https://www.docdroid.net/WkzZloH/mastering-kali-linux-wireless-pentesting-pdf#page=3","Mastering Kali Linux Wireless Pentesting.pdf | DocDroid",Opera,docdroid.net,Default,"001-003-LAptop-Pavana T3.E01"
History,"https://www.docdroid.net/WkzZloH/mastering-kali-linux-wireless-pentesting-pdf#page=4","2024-04-22 23:35:39 CST","https://www.docdroid.net/WkzZloH/mastering-kali-linux-wireless-pentesting-pdf#page=4","Mastering Kali Linux Wireless Pentesting.pdf | DocDroid",Opera,docdroid.net,Default,"001-003-LAptop-Pavana T3.E01"
History,"https://www.docdroid.net/WkzZloH/mastering-kali-linux-wireless-pentesting-pdf#page=5","2024-04-22 23:35:39 CST","https://www.docdroid.net/WkzZloH/mastering-kali-linux-wireless-pentesting-pdf#page=5","Mastering Kali Linux Wireless Pentesting.pdf | DocDroid",Opera,docdroid.net,Default,"001-003-LAptop-Pavana T3.E01"
History,"https://www.docdroid.net/WkzZloH/mastering-kali-linux-wireless-pentesting-pdf#page=6","2024-04-22 23:35:39 CST","https://www.docdroid.net/WkzZloH/mastering-kali-linux-wireless-pentesting-pdf#page=6","Mastering Kali Linux Wireless Pentesting.pdf | DocDroid",Opera,docdroid.net,Default,"001-003-LAptop-Pavana T3.E01"
History,"https://www.docdroid.net/WkzZloH/mastering-kali-linux-wireless-pentesting-pdf#page=7","2024-04-22 23:35:40 CST","https://www.docdroid.net/WkzZloH/mastering-kali-linux-wireless-pentesting-pdf#page=7","Mastering Kali Linux Wireless Pentesting.pdf | DocDroid",Opera,docdroid.net,Default,"001-003-LAptop-Pavana T3.E01"
History,"https://www.docdroid.net/WkzZloH/mastering-kali-linux-wireless-pentesting-pdf#page=13","2024-04-22 23:40:31 CST","https://www.docdroid.net/WkzZloH/mastering-kali-linux-wireless-pentesting-pdf#page=13","Mastering Kali Linux Wireless Pentesting.pdf | DocDroid",Opera,docdroid.net,Default,"001-003-LAptop-Pavana T3.E01"
History,"https://www.docdroid.net/WkzZloH/mastering-kali-linux-wireless-pentesting-pdf#page=12","2024-04-22 23:40:28 CST","https://www.docdroid.net/WkzZloH/mastering-kali-linux-wireless-pentesting-pdf#page=12","Mastering Kali Linux Wireless Pentesting.pdf | DocDroid",Opera,docdroid.net,Default,"001-003-LAptop-Pavana T3.E01"
History,"https://www.docdroid.net/WkzZloH/mastering-kali-linux-wireless-pentesting-pdf#page=13","2024-04-22 23:40:31 CST","https://www.docdroid.net/WkzZloH/mastering-kali-linux-wireless-pentesting-pdf#page=13","Mastering Kali Linux Wireless Pentesting.pdf | DocDroid",Opera,docdroid.net,Default,"001-003-LAptop-Pavana T3.E01"
History,"https://www.docdroid.net/WkzZloH/mastering-kali-linux-wireless-pentesting-pdf#page=14","2024-04-22 23:46:12 CST","https://www.docdroid.net/WkzZloH/mastering-kali-linux-wireless-pentesting-pdf#page=14","Mastering Kali Linux Wireless Pentesting.pdf | DocDroid",Opera,docdroid.net,Default,"001-003-LAptop-Pavana T3.E01"
History,"https://www.docdroid.net/WkzZloH/mastering-kali-linux-wireless-pentesting-pdf#page=15","2024-04-22 23:40:28 CST","https://www.docdroid.net/WkzZloH/mastering-kali-linux-wireless-pentesting-pdf#page=15","Mastering Kali Linux Wireless Pentesting.pdf | DocDroid",Opera,docdroid.net,Default,"001-003-LAptop-Pavana T3.E01"
History,"https://www.docdroid.net/WkzZloH/mastering-kali-linux-wireless-pentesting-pdf#page=23","2024-04-22 23:46:12 CST","https://www.docdroid.net/WkzZloH/mastering-kali-linux-wireless-pentesting-pdf#page=23","Mastering Kali Linux Wireless Pentesting.pdf | DocDroid",Opera,docdroid.net,Default,"001-003-LAptop-Pavana T3.E01"
History,"https://www.docdroid.net/WkzZloH/mastering-kali-linux-wireless-pentesting-pdf#page=26","2024-04-22 23:46:12 CST","https://www.docdroid.net/WkzZloH/mastering-kali-linux-wireless-pentesting-pdf#page=26","Mastering Kali Linux Wireless Pentesting.pdf | DocDroid",Opera,docdroid.net,Default,"001-003-LAptop-Pavana T3.E01"
History,"https://www.docdroid.net/WkzZloH/mastering-kali-linux-wireless-pentesting-pdf#page=28","2024-04-22 23:46:13 CST","https://www.docdroid.net/WkzZloH/mastering-kali-linux-wireless-pentesting-pdf#page=28","Mastering Kali Linux Wireless Pentesting.pdf | DocDroid",Opera,docdroid.net,Default,"001-003-LAptop-Pavana T3.E01"
History,"https://www.docdroid.net/WkzZloH/mastering-kali-linux-wireless-pentesting-pdf#page=29","2024-04-22 23:46:14 CST","https://www.docdroid.net/WkzZloH/mastering-kali-linux-wireless-pentesting-pdf#page=29","Mastering Kali Linux Wireless Pentesting.pdf | DocDroid",Opera,docdroid.net,Default,"001-003-LAptop-Pavana T3.E01"
History,"https://www.docdroid.net/WkzZloH/mastering-kali-linux-wireless-pentesting-pdf#page=30","2024-04-22 23:46:16 CST","https://www.docdroid.net/WkzZloH/mastering-kali-linux-wireless-pentesting-pdf#page=30","Mastering Kali Linux Wireless Pentesting.pdf | DocDroid",Opera,docdroid.net,Default,"001-003-LAptop-Pavana T3.E01"
History,"https://www.docdroid.net/WkzZloH/mastering-kali-linux-wireless-pentesting-pdf#page=32","2024-04-22 23:40:29 CST","https://www.docdroid.net/WkzZloH/mastering-kali-linux-wireless-pentesting-pdf#page=32","Mastering Kali Linux Wireless Pentesting.pdf | DocDroid",Opera,docdroid.net,Default,"001-003-LAptop-Pavana T3.E01"
History,"https://www.docdroid.net/WkzZloH/mastering-kali-linux-wireless-pentesting-pdf#page=36","2024-04-22 23:40:29 CST","https://www.docdroid.net/WkzZloH/mastering-kali-linux-wireless-pentesting-pdf#page=36","Mastering Kali Linux Wireless Pentesting.pdf | DocDroid",Opera,docdroid.net,Default,"001-003-LAptop-Pavana T3.E01"
History,"https://www.docdroid.net/WkzZloH/mastering-kali-linux-wireless-pentesting-pdf#page=40","2024-04-22 23:40:29 CST","https://www.docdroid.net/WkzZloH/mastering-kali-linux-wireless-pentesting-pdf#page=40","Mastering Kali Linux Wireless Pentesting.pdf | DocDroid",Opera,docdroid.net,Default,"001-003-LAptop-Pavana T3.E01"
History,"https://www.docdroid.net/WkzZloH/mastering-kali-linux-wireless-pentesting-pdf#page=44","2024-04-22 23:40:29 CST","https://www.docdroid.net/WkzZloH/mastering-kali-linux-wireless-pentesting-pdf#page=44","Mastering Kali Linux Wireless Pentesting.pdf | DocDroid",Opera,docdroid.net,Default,"001-003-LAptop-Pavana T3.E01"
History,"https://www.docdroid.net/WkzZloH/mastering-kali-linux-wireless-pentesting-pdf#page=52","2024-04-22 23:40:29 CST","https://www.docdroid.net/WkzZloH/mastering-kali-linux-wireless-pentesting-pdf#page=52","Mastering Kali Linux Wireless Pentesting.pdf | DocDroid",Opera,docdroid.net,Default,"001-003-LAptop-Pavana T3.E01"
History,"https://www.docdroid.net/WkzZloH/mastering-kali-linux-wireless-pentesting-pdf#page=54","2024-04-22 23:40:29 CST","https://www.docdroid.net/WkzZloH/mastering-kali-linux-wireless-pentesting-pdf#page=54","Mastering Kali Linux Wireless Pentesting.pdf | DocDroid",Opera,docdroid.net,Default,"001-003-LAptop-Pavana T3.E01"
History,"https://www.docdroid.net/WkzZloH/mastering-kali-linux-wireless-pentesting-pdf#page=55","2024-04-22 23:40:29 CST","https://www.docdroid.net/WkzZloH/mastering-kali-linux-wireless-pentesting-pdf#page=55","Mastering Kali Linux Wireless Pentesting.pdf | DocDroid",Opera,docdroid.net,Default,"001-003-LAptop-Pavana T3.E01"
History,"https://www.docdroid.net/WkzZloH/mastering-kali-linux-wireless-pentesting-pdf#page=23","2024-04-22 23:46:12 CST","https://www.docdroid.net/WkzZloH/mastering-kali-linux-wireless-pentesting-pdf#page=23","Mastering Kali Linux Wireless Pentesting.pdf | DocDroid",Opera,docdroid.net,Default,"001-003-LAptop-Pavana T3.E01"
History,"https://www.docdroid.net/WkzZloH/mastering-kali-linux-wireless-pentesting-pdf#page=20","2024-04-22 23:40:30 CST","https://www.docdroid.net/WkzZloH/mastering-kali-linux-wireless-pentesting-pdf#page=20","Mastering Kali Linux Wireless Pentesting.pdf | DocDroid",Opera,docdroid.net,Default,"001-003-LAptop-Pavana T3.E01"
History,"https://www.docdroid.net/WkzZloH/mastering-kali-linux-wireless-pentesting-pdf#page=16","2024-04-22 23:46:12 CST","https://www.docdroid.net/WkzZloH/mastering-kali-linux-wireless-pentesting-pdf#page=16","Mastering Kali Linux Wireless Pentesting.pdf | DocDroid",Opera,docdroid.net,Default,"001-003-LAptop-Pavana T3.E01"
History,"https://www.docdroid.net/WkzZloH/mastering-kali-linux-wireless-pentesting-pdf#page=13","2024-04-22 23:40:31 CST","https://www.docdroid.net/WkzZloH/mastering-kali-linux-wireless-pentesting-pdf#page=13","Mastering Kali Linux Wireless Pentesting.pdf | DocDroid",Opera,docdroid.net,Default,"001-003-LAptop-Pavana T3.E01"
History,"https://www.docdroid.net/WkzZloH/mastering-kali-linux-wireless-pentesting-pdf#page=14","2024-04-22 23:46:12 CST","https://www.docdroid.net/WkzZloH/mastering-kali-linux-wireless-pentesting-pdf#page=14","Mastering Kali Linux Wireless Pentesting.pdf | DocDroid",Opera,docdroid.net,Default,"001-003-LAptop-Pavana T3.E01"
History,"https://www.docdroid.net/WkzZloH/mastering-kali-linux-wireless-pentesting-pdf#page=16","2024-04-22 23:46:12 CST","https://www.docdroid.net/WkzZloH/mastering-kali-linux-wireless-pentesting-pdf#page=16","Mastering Kali Linux Wireless Pentesting.pdf | DocDroid",Opera,docdroid.net,Default,"001-003-LAptop-Pavana T3.E01"
History,"https://www.docdroid.net/WkzZloH/mastering-kali-linux-wireless-pentesting-pdf#page=18","2024-04-22 23:46:12 CST","https://www.docdroid.net/WkzZloH/mastering-kali-linux-wireless-pentesting-pdf#page=18","Mastering Kali Linux Wireless Pentesting.pdf | DocDroid",Opera,docdroid.net,Default,"001-003-LAptop-Pavana T3.E01"
History,"https://www.docdroid.net/WkzZloH/mastering-kali-linux-wireless-pentesting-pdf#page=23","2024-04-22 23:46:12 CST","https://www.docdroid.net/WkzZloH/mastering-kali-linux-wireless-pentesting-pdf#page=23","Mastering Kali Linux Wireless Pentesting.pdf | DocDroid",Opera,docdroid.net,Default,"001-003-LAptop-Pavana T3.E01"
History,"https://www.docdroid.net/WkzZloH/mastering-kali-linux-wireless-pentesting-pdf#page=24","2024-04-22 23:46:12 CST","https://www.docdroid.net/WkzZloH/mastering-kali-linux-wireless-pentesting-pdf#page=24","Mastering Kali Linux Wireless Pentesting.pdf | DocDroid",Opera,docdroid.net,Default,"001-003-LAptop-Pavana T3.E01"
History,"https://www.docdroid.net/WkzZloH/mastering-kali-linux-wireless-pentesting-pdf#page=25","2024-04-22 23:46:12 CST","https://www.docdroid.net/WkzZloH/mastering-kali-linux-wireless-pentesting-pdf#page=25","Mastering Kali Linux Wireless Pentesting.pdf | DocDroid",Opera,docdroid.net,Default,"001-003-LAptop-Pavana T3.E01"
History,"https://www.docdroid.net/WkzZloH/mastering-kali-linux-wireless-pentesting-pdf#page=26","2024-04-22 23:46:12 CST","https://www.docdroid.net/WkzZloH/mastering-kali-linux-wireless-pentesting-pdf#page=26","Mastering Kali Linux Wireless Pentesting.pdf | DocDroid",Opera,docdroid.net,Default,"001-003-LAptop-Pavana T3.E01"
History,"https://www.docdroid.net/WkzZloH/mastering-kali-linux-wireless-pentesting-pdf#page=27","2024-04-22 23:46:13 CST","https://www.docdroid.net/WkzZloH/mastering-kali-linux-wireless-pentesting-pdf#page=27","Mastering Kali Linux Wireless Pentesting.pdf | DocDroid",Opera,docdroid.net,Default,"001-003-LAptop-Pavana T3.E01"
History,"https://www.docdroid.net/WkzZloH/mastering-kali-linux-wireless-pentesting-pdf#page=28","2024-04-22 23:46:13 CST","https://www.docdroid.net/WkzZloH/mastering-kali-linux-wireless-pentesting-pdf#page=28","Mastering Kali Linux Wireless Pentesting.pdf | DocDroid",Opera,docdroid.net,Default,"001-003-LAptop-Pavana T3.E01"
History,"https://www.docdroid.net/WkzZloH/mastering-kali-linux-wireless-pentesting-pdf#page=29","2024-04-22 23:46:14 CST","https://www.docdroid.net/WkzZloH/mastering-kali-linux-wireless-pentesting-pdf#page=29","Mastering Kali Linux Wireless Pentesting.pdf | DocDroid",Opera,docdroid.net,Default,"001-003-LAptop-Pavana T3.E01"
History,"https://www.docdroid.net/WkzZloH/mastering-kali-linux-wireless-pentesting-pdf#page=30","2024-04-22 23:46:16 CST","https://www.docdroid.net/WkzZloH/mastering-kali-linux-wireless-pentesting-pdf#page=30","Mastering Kali Linux Wireless Pentesting.pdf | DocDroid",Opera,docdroid.net,Default,"001-003-LAptop-Pavana T3.E01"
History,"https://home.mcafee.com/SecurityScanner/SSLandPage.aspx?ss=3&avs=3&avu=1&avm=0&av=Reason%20Cybersecurity&fws=3&fwu=1&fwm=0&fw=Windows%20Firewall&sa=0&ths=0&trj=0&vir=0&pup=0&webd=0&web=0&virc=0&trjc=0&pupc=0&cver=4.1.515.1&avn=2&fwn=3&Pkg=s&uid=4B9449EE-FAB6-45D4-A51A-F528C4CC2934&idt=22042024&Osn=Windows%2010%2064%20bit&geo=166&mbxr=false&clkcnt=0&scncnt=1&osv=10.0.19045.2.0.0&iev=11.3636.19041.0&wts=Unknown&vpns=2&vpn=VirtualBox%20Host-Only%20Ethernet%20Adapter&IsMigrated=1&deviceId=76DCC12C-DAF9-B07D-40F6-0C2D9B7254E2&ean=SSLand&ecy=pageview&srcprn=mssplus&rid=10&affid=1641&culture=es-MX&src=banner&srclbl=SSButton","2024-04-22 23:54:46 CST","https://home.mcafee.com/SecurityScanner/SSLandPage.aspx?ss=3&avs=3&avu=1&avm=0&av=Reason%20Cybersecurity&fws=3&fwu=1&fwm=0&fw=Windows%20Firewall&sa=0&ths=0&trj=0&vir=0&pup=0&webd=0&web=0&virc=0&trjc=0&pupc=0&cver=4.1.515.1&avn=2&fwn=3&Pkg=s&uid=4B9449EE-FAB6-45D4-A51A-F528C4CC2934&idt=22042024&Osn=Windows%2010%2064%20bit&geo=166&mbxr=false&clkcnt=0&scncnt=1&osv=10.0.19045.2.0.0&iev=11.3636.19041.0&wts=Unknown&vpns=2&vpn=VirtualBox%20Host-Only%20Ethernet%20Adapter&IsMigrated=1&deviceId=76DCC12C-DAF9-B07D-40F6-0C2D9B7254E2&ean=SSLand&ecy=pageview&srcprn=mssplus&rid=10&affid=1641&culture=es-MX&src=banner&srclbl=SSButton","McAfee Total Protection | Beyond Antivirus",Opera,mcafee.com,Default,"001-003-LAptop-Pavana T3.E01"
History,"https://home.mcafee.com/Root/Campaign.aspx?cid=254817&ss=3&avs=3&avu=1&avm=0&fws=3&fwm=0&mcp=&mcv=&sa=0&ths=0&trj=0&vir=0&pup=0&virc=0&trjc=0&pupc=0&webd=0&web=0&rid=10&src=banner&affid=1641&culture=es-MX&cver=4.1.515.1&avn=2&fwn=3&fwu=1&srclbl=SSButton&Pkg=s&idt=22042024&Osn=Windows%2010%2064%20bit&geo=166&av=Reason%20Cybersecurity&fw=Windows%20Firewall&ismpt=&Pavn=&Pavs=&mlav=&wdte=&wrs=&wts=Unknown&waff=&wpkg=&vpns=2&vpn=VirtualBox%20Host-Only%20Ethernet%20Adapter&deviceId=76DCC12C-DAF9-B07D-40F6-0C2D9B7254E2&mboxABTest=&osv=10.0.19045.2.0.0&iev=11.3636.19041.0&puid=&ean=SSLand&ecy=pageview&IsMigrated=1&ave=&srcprn=mssplus&qvs=&tds=&msspss=&pcopts=&pcoptss=&pcoptovsc=&pcopttic=&pcoptijfc=&pcoptwjfc=&pcoptdupc=&pcoptric=&dwscan=&abt=","2024-04-22 23:54:46 CST","https://home.mcafee.com/Root/Campaign.aspx?cid=254817&ss=3&avs=3&avu=1&avm=0&fws=3&fwm=0&mcp=&mcv=&sa=0&ths=0&trj=0&vir=0&pup=0&virc=0&trjc=0&pupc=0&webd=0&web=0&rid=10&src=banner&affid=1641&culture=es-MX&cver=4.1.515.1&avn=2&fwn=3&fwu=1&srclbl=SSButton&Pkg=s&idt=22042024&Osn=Windows%2010%2064%20bit&geo=166&av=Reason%20Cybersecurity&fw=Windows%20Firewall&ismpt=&Pavn=&Pavs=&mlav=&wdte=&wrs=&wts=Unknown&waff=&wpkg=&vpns=2&vpn=VirtualBox%20Host-Only%20Ethernet%20Adapter&deviceId=76DCC12C-DAF9-B07D-40F6-0C2D9B7254E2&mboxABTest=&osv=10.0.19045.2.0.0&iev=11.3636.19041.0&puid=&ean=SSLand&ecy=pageview&IsMigrated=1&ave=&srcprn=mssplus&qvs=&tds=&msspss=&pcopts=&pcoptss=&pcoptovsc=&pcopttic=&pcoptijfc=&pcoptwjfc=&pcoptdupc=&pcoptric=&dwscan=&abt=","McAfee Total Protection | Beyond Antivirus",Opera,mcafee.com,Default,"001-003-LAptop-Pavana T3.E01"
History,"https://www.mcafee.com/consumer/es-mx/landing-page/direct/mssp/mtp-family/desktop/mcafee-total-protection.html?csrc=product&csrcl2=top&cctype=yellow&ccstype=&ccoe=direct&ccoel2=mssp&affid=1641&pkg_id=521&culture=ES-MX&cid=254817&ss=3&avs=3&avu=1&avm=0&fws=3&fwm=0&mcp=&mcv=&sa=0&ths=0&trj=0&vir=0&pup=0&virc=0&trjc=0&pupc=0&webd=0&web=0&rid=10&src=banner&cver=4.1.515.1&avn=2&fwn=3&fwu=1&srclbl=SSButton&Pkg=s&idt=22042024&Osn=Windows+10+64+bit&geo=166&av=Reason+Cybersecurity&fw=Windows+Firewall&ismpt=&Pavn=&Pavs=&mlav=&wdte=&wrs=&wts=Unknown&waff=&wpkg=&vpns=2&vpn=VirtualBox+Host-Only+Ethernet+Adapter&deviceId=76DCC12C-DAF9-B07D-40F6-0C2D9B7254E2&mboxABTest=&osv=10.0.19045.2.0.0&iev=11.3636.19041.0&puid=&ean=SSLand&ecy=pageview&IsMigrated=1&ave=&srcprn=mssplus&qvs=&tds=&msspss=&pcopts=&pcoptss=&pcoptovsc=&pcopttic=&pcoptijfc=&pcoptwjfc=&pcoptdupc=&pcoptric=&dwscan=&abt=&pir=1","2024-04-22 23:54:46 CST","https://www.mcafee.com/consumer/es-mx/landing-page/direct/mssp/mtp-family/desktop/mcafee-total-protection.html?csrc=product&csrcl2=top&cctype=yellow&ccstype=&ccoe=direct&ccoel2=mssp&affid=1641&pkg_id=521&culture=ES-MX&cid=254817&ss=3&avs=3&avu=1&avm=0&fws=3&fwm=0&mcp=&mcv=&sa=0&ths=0&trj=0&vir=0&pup=0&virc=0&trjc=0&pupc=0&webd=0&web=0&rid=10&src=banner&cver=4.1.515.1&avn=2&fwn=3&fwu=1&srclbl=SSButton&Pkg=s&idt=22042024&Osn=Windows+10+64+bit&geo=166&av=Reason+Cybersecurity&fw=Windows+Firewall&ismpt=&Pavn=&Pavs=&mlav=&wdte=&wrs=&wts=Unknown&waff=&wpkg=&vpns=2&vpn=VirtualBox+Host-Only+Ethernet+Adapter&deviceId=76DCC12C-DAF9-B07D-40F6-0C2D9B7254E2&mboxABTest=&osv=10.0.19045.2.0.0&iev=11.3636.19041.0&puid=&ean=SSLand&ecy=pageview&IsMigrated=1&ave=&srcprn=mssplus&qvs=&tds=&msspss=&pcopts=&pcoptss=&pcoptovsc=&pcopttic=&pcoptijfc=&pcoptwjfc=&pcoptdupc=&pcoptric=&dwscan=&abt=&pir=1","McAfee Total Protection | Beyond Antivirus",Opera,mcafee.com,Default,"001-003-LAptop-Pavana T3.E01"
History,"https://www.tumblr.com/identifying-cars-in-posts?redirect_to=%2Fidentifying-cars-in-posts&source=blog_view_login_wall","2024-04-22 23:55:13 CST","https://www.tumblr.com/identifying-cars-in-posts?redirect_to=%2Fidentifying-cars-in-posts&source=blog_view_login_wall","@identifying-cars-in-posts en Tumblr",Opera,tumblr.com,Default,"001-003-LAptop-Pavana T3.E01"
History,"https://www.tumblr.com/identifying-cars-in-posts?redirect_to=%2Fidentifying-cars-in-posts&source=blog_view_login_wall","2024-04-22 23:55:13 CST","https://www.tumblr.com/identifying-cars-in-posts?redirect_to=%2Fidentifying-cars-in-posts&source=blog_view_login_wall","@identifying-cars-in-posts en Tumblr",Opera,tumblr.com,Default,"001-003-LAptop-Pavana T3.E01"
History,"https://www.google.com/search?client=opera&hs=J33&sca_esv=ffa6a5b912f672b6&sca_upv=1&q=tumblr&uds=AMwkrPtMsdZ6jPhA5S-jYzjfaBw0-ljuO0eKhm2JtEgPHQZiSfBW6xO0DekFMx2dxb3Pt7B7m5E1xWHpHVJHpQk65WkYu4eXc9C8gE9FghUiz6cDCUsPdbY80tk7xYfa3kstCQxn37Y2H3sp5KxiZ07LQGabtkBuMESf4bI8jqoQ89n2Xj8HHzK2ixf1u8yOHqyZh_f32w5IymJrWiCImHlPVyo5XudIjaJXby5b17EOrPbkG815cCyopk0Bit88fcTC3xA-3w6BLQvCZyGMek6IV2SzmqQ6-A&udm=2&prmd=ivsnbmtz&sa=X&ved=2ahUKEwjX-OTWytaFAxX7OEQIHWjhCFMQtKgLegQIDBAB&biw=1184&bih=659#vhid=XrBoNY1p_RhH9M&vssid=mosaic","2024-04-22 23:55:41 CST","https://www.google.com/search?client=opera&hs=J33&sca_esv=ffa6a5b912f672b6&sca_upv=1&q=tumblr&uds=AMwkrPtMsdZ6jPhA5S-jYzjfaBw0-ljuO0eKhm2JtEgPHQZiSfBW6xO0DekFMx2dxb3Pt7B7m5E1xWHpHVJHpQk65WkYu4eXc9C8gE9FghUiz6cDCUsPdbY80tk7xYfa3kstCQxn37Y2H3sp5KxiZ07LQGabtkBuMESf4bI8jqoQ89n2Xj8HHzK2ixf1u8yOHqyZh_f32w5IymJrWiCImHlPVyo5XudIjaJXby5b17EOrPbkG815cCyopk0Bit88fcTC3xA-3w6BLQvCZyGMek6IV2SzmqQ6-A&udm=2&prmd=ivsnbmtz&sa=X&ved=2ahUKEwjX-OTWytaFAxX7OEQIHWjhCFMQtKgLegQIDBAB&biw=1184&bih=659#vhid=XrBoNY1p_RhH9M&vssid=mosaic","tumblr - Buscar con Google",Opera,google.com,Default,"001-003-LAptop-Pavana T3.E01"
History,"https://www.google.com/search?client=opera&q=yandex+mail&sourceid=opera&ie=UTF-8&oe=UTF-8","2024-04-22 23:55:52 CST","https://www.google.com/search?client=opera&q=yandex+mail&sourceid=opera&ie=UTF-8&oe=UTF-8","yandex mail - Buscar con Google",Opera,google.com,Default,"001-003-LAptop-Pavana T3.E01"
History,"https://www.google.com/search?client=opera&q=yandex+mail&sourceid=opera&ie=UTF-8&oe=UTF-8","2024-04-22 23:55:52 CST","https://www.google.com/search?client=opera&q=yandex+mail&sourceid=opera&ie=UTF-8&oe=UTF-8","yandex mail - Buscar con Google",Opera,google.com,Default,"001-003-LAptop-Pavana T3.E01"
History,"https://www.google.com/url?sa=t&rct=j&q=&esrc=s&source=web&cd=&ved=2ahUKEwjziJqn09eFAxWG6ckDHe3qBHQQFnoECBAQAQ&url=https%3A%2F%2F360.yandex.com%2Fmail%2F&usg=AOvVaw0al7uXmS-XP1Lk63FzhP8z&opi=89978449","2024-04-22 23:55:54 CST","https://www.google.com/url?sa=t&rct=j&q=&esrc=s&source=web&cd=&ved=2ahUKEwjziJqn09eFAxWG6ckDHe3qBHQQFnoECBAQAQ&url=https%3A%2F%2F360.yandex.com%2Fmail%2F&usg=AOvVaw0al7uXmS-XP1Lk63FzhP8z&opi=89978449","Yandex Mail — reliable and easy to use email with spam protection",Opera,google.com,Default,"001-003-LAptop-Pavana T3.E01"
History,"https://360.yandex.com/mail/","2024-04-22 23:55:55 CST","https://360.yandex.com/mail/","Yandex Mail — reliable and easy to use email with spam protection",Opera,yandex.com,Default,"001-003-LAptop-Pavana T3.E01"
History,"https://passport.yandex.com/registration/mail?from=mail&require_hint=1&origin=hostroot_homer_reg_com&retpath=https%3A%2F%2Fmail.yandex.com&backpath=https%3A%2F%2Fmail.yandex.com%3Fnoretpath%3D1","2024-04-22 23:56:04 CST","https://passport.yandex.com/registration/mail?from=mail&require_hint=1&origin=hostroot_homer_reg_com&retpath=https%3A%2F%2Fmail.yandex.com&backpath=https%3A%2F%2Fmail.yandex.com%3Fnoretpath%3D1",Registration,Opera,yandex.com,Default,"001-003-LAptop-Pavana T3.E01"
History,"https://www.google.com/search?client=opera&hs=J33&sca_esv=ffa6a5b912f672b6&sca_upv=1&q=tumblr&uds=AMwkrPtMsdZ6jPhA5S-jYzjfaBw0-ljuO0eKhm2JtEgPHQZiSfBW6xO0DekFMx2dxb3Pt7B7m5E1xWHpHVJHpQk65WkYu4eXc9C8gE9FghUiz6cDCUsPdbY80tk7xYfa3kstCQxn37Y2H3sp5KxiZ07LQGabtkBuMESf4bI8jqoQ89n2Xj8HHzK2ixf1u8yOHqyZh_f32w5IymJrWiCImHlPVyo5XudIjaJXby5b17EOrPbkG815cCyopk0Bit88fcTC3xA-3w6BLQvCZyGMek6IV2SzmqQ6-A&udm=2&prmd=ivsnbmtz&sa=X&ved=2ahUKEwjX-OTWytaFAxX7OEQIHWjhCFMQtKgLegQIDBAB&biw=1184&bih=659#vhid=fGlMv0BpMUNA_M&vssid=mosaic","2024-04-23 08:44:40 CST","https://www.google.com/search?client=opera&hs=J33&sca_esv=ffa6a5b912f672b6&sca_upv=1&q=tumblr&uds=AMwkrPtMsdZ6jPhA5S-jYzjfaBw0-ljuO0eKhm2JtEgPHQZiSfBW6xO0DekFMx2dxb3Pt7B7m5E1xWHpHVJHpQk65WkYu4eXc9C8gE9FghUiz6cDCUsPdbY80tk7xYfa3kstCQxn37Y2H3sp5KxiZ07LQGabtkBuMESf4bI8jqoQ89n2Xj8HHzK2ixf1u8yOHqyZh_f32w5IymJrWiCImHlPVyo5XudIjaJXby5b17EOrPbkG815cCyopk0Bit88fcTC3xA-3w6BLQvCZyGMek6IV2SzmqQ6-A&udm=2&prmd=ivsnbmtz&sa=X&ved=2ahUKEwjX-OTWytaFAxX7OEQIHWjhCFMQtKgLegQIDBAB&biw=1184&bih=659#vhid=fGlMv0BpMUNA_M&vssid=mosaic","tumblr - Buscar con Google",Opera,google.com,Default,"001-003-LAptop-Pavana T3.E01"
History,"https://www.google.com/search?q=ALEJANDRA+PAVANA+MARTINEZ&client=opera&hs=Q33&sca_esv=ffa6a5b912f672b6&sca_upv=1&udm=2&biw=1184&bih=597&ei=K74mZs3wCqjNkPIPsdqK4AU&ved=0ahUKEwiNsvnZytaFAxWoJkQIHTGtAlwQ4dUDCBA&oq=ALEJANDRA+PAVANA+MARTINEZ&gs_lp=Egxnd3Mtd2l6LXNlcnAiGUFMRUpBTkRSQSBQQVZBTkEgTUFSVElORVpInI0BUMJdWKFpcAV4AJABAJgBmgGgAegBqgEDMS4xuAEMyAEA-AEB-AECmAIFoALOB6gCAMICDRAAGIAEGLEDGEMYigXCAggQABiABBixA8ICChAAGIAEGEMYigXCAgUQABiABJgDogGIBgGSBwU0LjYtMaAHWg&sclient=gws-wiz-serp","2024-04-23 08:45:01 CST","https://www.google.com/search?q=ALEJANDRA+PAVANA+MARTINEZ&client=opera&hs=Q33&sca_esv=ffa6a5b912f672b6&sca_upv=1&udm=2&biw=1184&bih=597&ei=K74mZs3wCqjNkPIPsdqK4AU&ved=0ahUKEwiNsvnZytaFAxWoJkQIHTGtAlwQ4dUDCBA&oq=ALEJANDRA+PAVANA+MARTINEZ&gs_lp=Egxnd3Mtd2l6LXNlcnAiGUFMRUpBTkRSQSBQQVZBTkEgTUFSVElORVpInI0BUMJdWKFpcAV4AJABAJgBmgGgAegBqgEDMS4xuAEMyAEA-AEB-AECmAIFoALOB6gCAMICDRAAGIAEGLEDGEMYigXCAggQABiABBixA8ICChAAGIAEGEMYigXCAgUQABiABJgDogGIBgGSBwU0LjYtMaAHWg&sclient=gws-wiz-serp","ALEJANDRA PAVANA MARTINEZ - Buscar con Google",Opera,google.com,Default,"001-003-LAptop-Pavana T3.E01"
History,"https://www.google.com/search?q=ALEJANDRA+PAVANA+MARTINEZ&client=opera&hs=Q33&sca_esv=ffa6a5b912f672b6&sca_upv=1&udm=2&biw=1184&bih=597&ei=K74mZs3wCqjNkPIPsdqK4AU&ved=0ahUKEwiNsvnZytaFAxWoJkQIHTGtAlwQ4dUDCBA&oq=ALEJANDRA+PAVANA+MARTINEZ&gs_lp=Egxnd3Mtd2l6LXNlcnAiGUFMRUpBTkRSQSBQQVZBTkEgTUFSVElORVpInI0BUMJdWKFpcAV4AJABAJgBmgGgAegBqgEDMS4xuAEMyAEA-AEB-AECmAIFoALOB6gCAMICDRAAGIAEGLEDGEMYigXCAggQABiABBixA8ICChAAGIAEGEMYigXCAgUQABiABJgDogGIBgGSBwU0LjYtMaAHWg&sclient=gws-wiz-serp","2024-04-23 08:45:01 CST","https://www.google.com/search?q=ALEJANDRA+PAVANA+MARTINEZ&client=opera&hs=Q33&sca_esv=ffa6a5b912f672b6&sca_upv=1&udm=2&biw=1184&bih=597&ei=K74mZs3wCqjNkPIPsdqK4AU&ved=0ahUKEwiNsvnZytaFAxWoJkQIHTGtAlwQ4dUDCBA&oq=ALEJANDRA+PAVANA+MARTINEZ&gs_lp=Egxnd3Mtd2l6LXNlcnAiGUFMRUpBTkRSQSBQQVZBTkEgTUFSVElORVpInI0BUMJdWKFpcAV4AJABAJgBmgGgAegBqgEDMS4xuAEMyAEA-AEB-AECmAIFoALOB6gCAMICDRAAGIAEGLEDGEMYigXCAggQABiABBixA8ICChAAGIAEGEMYigXCAgUQABiABJgDogGIBgGSBwU0LjYtMaAHWg&sclient=gws-wiz-serp","ALEJANDRA PAVANA MARTINEZ - Buscar con Google",Opera,google.com,Default,"001-003-LAptop-Pavana T3.E01"
History,"https://www.google.com/search?q=ALEJANDRA+%22PAVANA+MARTINEZ%22&client=opera&sca_esv=ffa6a5b912f672b6&sca_upv=1&udm=2&biw=1184&bih=597&ei=acknZsHtHt_NkPIP5KiO8Ag&ved=0ahUKEwiBxrjIydiFAxXfJkQIHWSUA44Q4dUDCA8&uact=5&oq=ALEJANDRA+%22PAVANA+MARTINEZ%22&gs_lp=Egxnd3Mtd2l6LXNlcnAiG0FMRUpBTkRSQSAiUEFWQU5BIE1BUlRJTkVaIkjbOlCxHFjQNnACeACQAQCYAUWgAcoBqgEBM7gBA8gBAPgBAZgCAKACAJgDAIgGAZIHAKAHhwE&sclient=gws-wiz-serp","2024-04-23 08:45:50 CST","https://www.google.com/search?q=ALEJANDRA+%22PAVANA+MARTINEZ%22&client=opera&sca_esv=ffa6a5b912f672b6&sca_upv=1&udm=2&biw=1184&bih=597&ei=acknZsHtHt_NkPIP5KiO8Ag&ved=0ahUKEwiBxrjIydiFAxXfJkQIHWSUA44Q4dUDCA8&uact=5&oq=ALEJANDRA+%22PAVANA+MARTINEZ%22&gs_lp=Egxnd3Mtd2l6LXNlcnAiG0FMRUpBTkRSQSAiUEFWQU5BIE1BUlRJTkVaIkjbOlCxHFjQNnACeACQAQCYAUWgAcoBqgEBM7gBA8gBAPgBAZgCAKACAJgDAIgGAZIHAKAHhwE&sclient=gws-wiz-serp","ALEJANDRA ""PAVANA MARTINEZ"" - Buscar con Google",Opera,google.com,Default,"001-003-LAptop-Pavana T3.E01"
History,"https://www.google.com/search?q=ALEJANDRA+%22PAVANA+MARTINEZ%22&client=opera&sca_esv=ffa6a5b912f672b6&sca_upv=1&udm=2&biw=1184&bih=597&ei=acknZsHtHt_NkPIP5KiO8Ag&ved=0ahUKEwiBxrjIydiFAxXfJkQIHWSUA44Q4dUDCA8&uact=5&oq=ALEJANDRA+%22PAVANA+MARTINEZ%22&gs_lp=Egxnd3Mtd2l6LXNlcnAiG0FMRUpBTkRSQSAiUEFWQU5BIE1BUlRJTkVaIkjbOlCxHFjQNnACeACQAQCYAUWgAcoBqgEBM7gBA8gBAPgBAZgCAKACAJgDAIgGAZIHAKAHhwE&sclient=gws-wiz-serp","2024-04-23 08:45:50 CST","https://www.google.com/search?q=ALEJANDRA+%22PAVANA+MARTINEZ%22&client=opera&sca_esv=ffa6a5b912f672b6&sca_upv=1&udm=2&biw=1184&bih=597&ei=acknZsHtHt_NkPIP5KiO8Ag&ved=0ahUKEwiBxrjIydiFAxXfJkQIHWSUA44Q4dUDCA8&uact=5&oq=ALEJANDRA+%22PAVANA+MARTINEZ%22&gs_lp=Egxnd3Mtd2l6LXNlcnAiG0FMRUpBTkRSQSAiUEFWQU5BIE1BUlRJTkVaIkjbOlCxHFjQNnACeACQAQCYAUWgAcoBqgEBM7gBA8gBAPgBAZgCAKACAJgDAIgGAZIHAKAHhwE&sclient=gws-wiz-serp","ALEJANDRA ""PAVANA MARTINEZ"" - Buscar con Google",Opera,google.com,Default,"001-003-LAptop-Pavana T3.E01"
History,"https://www.google.com/search?q=ALEJANDRA+%22PAVANA+MARTINEZ%22&client=opera&sca_esv=ffa6a5b912f672b6&sca_upv=1&udm=2&biw=1184&bih=597&ei=acknZsHtHt_NkPIP5KiO8Ag&ved=0ahUKEwiBxrjIydiFAxXfJkQIHWSUA44Q4dUDCA8&uact=5&oq=ALEJANDRA+%22PAVANA+MARTINEZ%22&gs_lp=Egxnd3Mtd2l6LXNlcnAiG0FMRUpBTkRSQSAiUEFWQU5BIE1BUlRJTkVaIkjbOlCxHFjQNnACeACQAQCYAUWgAcoBqgEBM7gBA8gBAPgBAZgCAKACAJgDAIgGAZIHAKAHhwE&sclient=gws-wiz-serp#vhid=2DzWL22TQ3ch9M&vssid=mosaic","2024-04-23 08:45:59 CST","https://www.google.com/search?q=ALEJANDRA+%22PAVANA+MARTINEZ%22&client=opera&sca_esv=ffa6a5b912f672b6&sca_upv=1&udm=2&biw=1184&bih=597&ei=acknZsHtHt_NkPIP5KiO8Ag&ved=0ahUKEwiBxrjIydiFAxXfJkQIHWSUA44Q4dUDCA8&uact=5&oq=ALEJANDRA+%22PAVANA+MARTINEZ%22&gs_lp=Egxnd3Mtd2l6LXNlcnAiG0FMRUpBTkRSQSAiUEFWQU5BIE1BUlRJTkVaIkjbOlCxHFjQNnACeACQAQCYAUWgAcoBqgEBM7gBA8gBAPgBAZgCAKACAJgDAIgGAZIHAKAHhwE&sclient=gws-wiz-serp#vhid=2DzWL22TQ3ch9M&vssid=mosaic","ALEJANDRA ""PAVANA MARTINEZ"" - Buscar con Google",Opera,google.com,Default,"001-003-LAptop-Pavana T3.E01"
History,"https://www.google.com/url?sa=i&url=http%3A%2F%2Fsistemas.uaeh.edu.mx%2Fdec%2Flistas%2F1sabatino2012%2Fadultos%2F2I2.pdf&psig=AOvVaw3dBtGA6xnVK9JwkF8txwtm&ust=1713969951613000&source=images&cd=vfe&opi=89978449&ved=0CBIQjhxqFwoTCPDH6eXJ2IUDFQAAAAAdAAAAABAE","2024-04-23 08:46:10 CST","https://www.google.com/url?sa=i&url=http%3A%2F%2Fsistemas.uaeh.edu.mx%2Fdec%2Flistas%2F1sabatino2012%2Fadultos%2F2I2.pdf&psig=AOvVaw3dBtGA6xnVK9JwkF8txwtm&ust=1713969951613000&source=images&cd=vfe&opi=89978449&ved=0CBIQjhxqFwoTCPDH6eXJ2IUDFQAAAAAdAAAAABAE",Report,Opera,google.com,Default,"001-003-LAptop-Pavana T3.E01"
History,"http://sistemas.uaeh.edu.mx/dec/listas/1sabatino2012/adultos/2I2.pdf","2024-04-23 08:46:10 CST","http://sistemas.uaeh.edu.mx/dec/listas/1sabatino2012/adultos/2I2.pdf",Report,Opera,uaeh.edu.mx,Default,"001-003-LAptop-Pavana T3.E01"
History,"https://sistemas.uaeh.edu.mx/dec/listas/1sabatino2012/adultos/2I2.pdf","2024-04-23 08:46:10 CST","https://sistemas.uaeh.edu.mx/dec/listas/1sabatino2012/adultos/2I2.pdf",Report,Opera,uaeh.edu.mx,Default,"001-003-LAptop-Pavana T3.E01"
History,"http://sistemas.uaeh.edu.mx/dec/listas/1sabatino2012/adultos/2I2.pdf","2024-04-23 08:46:10 CST","http://sistemas.uaeh.edu.mx/dec/listas/1sabatino2012/adultos/2I2.pdf",Report,Opera,uaeh.edu.mx,Default,"001-003-LAptop-Pavana T3.E01"
History,https://google.com/,"2024-04-23 08:47:18 CST",https://google.com/,Google,Opera,google.com,Default,"001-003-LAptop-Pavana T3.E01"
History,https://www.google.com/,"2024-04-23 08:47:18 CST",https://www.google.com/,Google,Opera,google.com,Default,"001-003-LAptop-Pavana T3.E01"
History,https://www.google.com/,"2024-04-23 08:47:18 CST",https://www.google.com/,Google,Opera,google.com,Default,"001-003-LAptop-Pavana T3.E01"
History,"https://www.google.com/search?q=PAMA950511MHGVRL09&sca_esv=5f6a5c4feb524586&sca_upv=1&source=hp&ei=9sknZpnXL8TAkPIPzP6aoAU&iflsig=ANes7DEAAAAAZifYBpf0yfu0Ml3pO3x8IPeOYEkREsAM&ved=0ahUKEwiZqueLytiFAxVEIEQIHUy_BlQQ4dUDCA0&uact=5&oq=PAMA950511MHGVRL09&gs_lp=Egdnd3Mtd2l6IhJQQU1BOTUwNTExTUhHVlJMMDkyCBAAGIAEGKIEMggQABiABBiiBDIIEAAYgAQYogRIsBNQAFgAcAB4AJABAJgBZ6ABZ6oBAzAuMbgBA8gBAPgBAvgBAZgCAaACbpgDAJIHAzAuMaAH6AE&sclient=gws-wiz","2024-04-23 08:47:23 CST","https://www.google.com/search?q=PAMA950511MHGVRL09&sca_esv=5f6a5c4feb524586&sca_upv=1&source=hp&ei=9sknZpnXL8TAkPIPzP6aoAU&iflsig=ANes7DEAAAAAZifYBpf0yfu0Ml3pO3x8IPeOYEkREsAM&ved=0ahUKEwiZqueLytiFAxVEIEQIHUy_BlQQ4dUDCA0&uact=5&oq=PAMA950511MHGVRL09&gs_lp=Egdnd3Mtd2l6IhJQQU1BOTUwNTExTUhHVlJMMDkyCBAAGIAEGKIEMggQABiABBiiBDIIEAAYgAQYogRIsBNQAFgAcAB4AJABAJgBZ6ABZ6oBAzAuMbgBA8gBAPgBAvgBAZgCAaACbpgDAJIHAzAuMaAH6AE&sclient=gws-wiz","PAMA950511MHGVRL09 - Buscar con Google",Opera,google.com,Default,"001-003-LAptop-Pavana T3.E01"
History,"https://www.google.com/search?q=PAMA950511MHGVRL09&sca_esv=5f6a5c4feb524586&sca_upv=1&source=hp&ei=9sknZpnXL8TAkPIPzP6aoAU&iflsig=ANes7DEAAAAAZifYBpf0yfu0Ml3pO3x8IPeOYEkREsAM&ved=0ahUKEwiZqueLytiFAxVEIEQIHUy_BlQQ4dUDCA0&uact=5&oq=PAMA950511MHGVRL09&gs_lp=Egdnd3Mtd2l6IhJQQU1BOTUwNTExTUhHVlJMMDkyCBAAGIAEGKIEMggQABiABBiiBDIIEAAYgAQYogRIsBNQAFgAcAB4AJABAJgBZ6ABZ6oBAzAuMbgBA8gBAPgBAvgBAZgCAaACbpgDAJIHAzAuMaAH6AE&sclient=gws-wiz","2024-04-23 08:47:23 CST","https://www.google.com/search?q=PAMA950511MHGVRL09&sca_esv=5f6a5c4feb524586&sca_upv=1&source=hp&ei=9sknZpnXL8TAkPIPzP6aoAU&iflsig=ANes7DEAAAAAZifYBpf0yfu0Ml3pO3x8IPeOYEkREsAM&ved=0ahUKEwiZqueLytiFAxVEIEQIHUy_BlQQ4dUDCA0&uact=5&oq=PAMA950511MHGVRL09&gs_lp=Egdnd3Mtd2l6IhJQQU1BOTUwNTExTUhHVlJMMDkyCBAAGIAEGKIEMggQABiABBiiBDIIEAAYgAQYogRIsBNQAFgAcAB4AJABAJgBZ6ABZ6oBAzAuMbgBA8gBAPgBAvgBAZgCAaACbpgDAJIHAzAuMaAH6AE&sclient=gws-wiz","PAMA950511MHGVRL09 - Buscar con Google",Opera,google.com,Default,"001-003-LAptop-Pavana T3.E01"
History,"https://www.google.com/url?sa=t&rct=j&q=&esrc=s&source=web&cd=&cad=rja&uact=8&ved=2ahUKEwi55YmOytiFAxXcJ0QIHTCJD_UQFnoECBAQAQ&url=https%3A%2F%2Fsep.hidalgo.gob.mx%2Fvistas%2Farchivos%2Ftransparencia%2Farticulo73%2Ffaeta2018%2Fconalep%2F3erTrim%2FTrabajadores_Contratados_por_Honorarios_en_el_Periodo.pdf&usg=AOvVaw0x9kn_H7gUi8g6uloe0hrG&opi=89978449","2024-04-23 08:47:42 CST","https://www.google.com/url?sa=t&rct=j&q=&esrc=s&source=web&cd=&cad=rja&uact=8&ved=2ahUKEwi55YmOytiFAxXcJ0QIHTCJD_UQFnoECBAQAQ&url=https%3A%2F%2Fsep.hidalgo.gob.mx%2Fvistas%2Farchivos%2Ftransparencia%2Farticulo73%2Ffaeta2018%2Fconalep%2F3erTrim%2FTrabajadores_Contratados_por_Honorarios_en_el_Periodo.pdf&usg=AOvVaw0x9kn_H7gUi8g6uloe0hrG&opi=89978449","Trabajadores_Contratados_por_Honorarios_en_el_Periodo.pdf",Opera,google.com,Default,"001-003-LAptop-Pavana T3.E01"
History,"https://sep.hidalgo.gob.mx/vistas/archivos/transparencia/articulo73/faeta2018/conalep/3erTrim/Trabajadores_Contratados_por_Honorarios_en_el_Periodo.pdf","2024-04-23 08:47:42 CST","https://sep.hidalgo.gob.mx/vistas/archivos/transparencia/articulo73/faeta2018/conalep/3erTrim/Trabajadores_Contratados_por_Honorarios_en_el_Periodo.pdf","Trabajadores_Contratados_por_Honorarios_en_el_Periodo.pdf",Opera,hidalgo.gob.mx,Default,"001-003-LAptop-Pavana T3.E01"
History,"https://www.google.com/url?sa=t&rct=j&q=&esrc=s&source=web&cd=&cad=rja&uact=8&ved=2ahUKEwi55YmOytiFAxXcJ0QIHTCJD_UQFnoECBUQAQ&url=https%3A%2F%2Fseph.gob.mx%2Fvistas%2Farchivos%2Ftransparencia%2Farticulo73%2Ffaeta2018%2Fconalep%2F3erTrim%2FMovimiento_de_personal_por_Centro_Trabajo.xlsx&usg=AOvVaw326wYxHV6dDc-I9s50YfGX&opi=89978449","2024-04-23 09:01:28 CST","https://www.google.com/url?sa=t&rct=j&q=&esrc=s&source=web&cd=&cad=rja&uact=8&ved=2ahUKEwi55YmOytiFAxXcJ0QIHTCJD_UQFnoECBUQAQ&url=https%3A%2F%2Fseph.gob.mx%2Fvistas%2Farchivos%2Ftransparencia%2Farticulo73%2Ffaeta2018%2Fconalep%2F3erTrim%2FMovimiento_de_personal_por_Centro_Trabajo.xlsx&usg=AOvVaw326wYxHV6dDc-I9s50YfGX&opi=89978449","google.com/url?sa=t&rct=j&q=&esrc=s&source=web&cd=&cad=rja&uact=8&ved=2ahUKEwi55YmOytiFAxXcJ0QIHTCJD_UQFnoECBUQAQ&url=https%3A%2F%2Fseph.gob.mx%2Fvistas%2Farchivos%2Ftransparencia%2Farticulo73%2Ffaeta2018%2Fconalep%2F3erTrim%2FMovimiento_de_personal_por_Centro_Trabajo.xlsx&usg=AOvVaw326wYxHV6dDc-I9s50YfGX&opi=89978449",Opera,google.com,Default,"001-003-LAptop-Pavana T3.E01"
History,"https://www.google.com/url?sa=t&rct=j&q=&esrc=s&source=web&cd=&cad=rja&uact=8&ved=2ahUKEwi55YmOytiFAxXcJ0QIHTCJD_UQFnoECBYQAQ&url=https%3A%2F%2Fseph.gob.mx%2Fvistas%2Farchivos%2Ftransparencia%2Farticulo73%2Ffaeta2018%2Fconalep%2F4toTrim%2FPlaza_Funcion.pdf&usg=AOvVaw1LtXQ8RNSqFWkiUX5IW_fS&opi=89978449","2024-04-23 08:47:53 CST","https://www.google.com/url?sa=t&rct=j&q=&esrc=s&source=web&cd=&cad=rja&uact=8&ved=2ahUKEwi55YmOytiFAxXcJ0QIHTCJD_UQFnoECBYQAQ&url=https%3A%2F%2Fseph.gob.mx%2Fvistas%2Farchivos%2Ftransparencia%2Farticulo73%2Ffaeta2018%2Fconalep%2F4toTrim%2FPlaza_Funcion.pdf&usg=AOvVaw1LtXQ8RNSqFWkiUX5IW_fS&opi=89978449",Plaza_Funcion.pdf,Opera,google.com,Default,"001-003-LAptop-Pavana T3.E01"
History,"https://seph.gob.mx/vistas/archivos/transparencia/articulo73/faeta2018/conalep/4toTrim/Plaza_Funcion.pdf","2024-04-23 08:47:54 CST","https://seph.gob.mx/vistas/archivos/transparencia/articulo73/faeta2018/conalep/4toTrim/Plaza_Funcion.pdf",Plaza_Funcion.pdf,Opera,seph.gob.mx,Default,"001-003-LAptop-Pavana T3.E01"
History,"https://www.google.com/url?sa=t&rct=j&q=&esrc=s&source=web&cd=&cad=rja&uact=8&ved=2ahUKEwi55YmOytiFAxXcJ0QIHTCJD_UQFnoECBwQAQ&url=https%3A%2F%2Fdocplayer.es%2F173644954-Formato-personal-federalizado-por-registro-federal-de-contribuyentes.html&usg=AOvVaw2O21DpQ6qsjZH6wJYdYxst&opi=89978449","2024-04-23 08:48:04 CST","https://www.google.com/url?sa=t&rct=j&q=&esrc=s&source=web&cd=&cad=rja&uact=8&ved=2ahUKEwi55YmOytiFAxXcJ0QIHTCJD_UQFnoECBwQAQ&url=https%3A%2F%2Fdocplayer.es%2F173644954-Formato-personal-federalizado-por-registro-federal-de-contribuyentes.html&usg=AOvVaw2O21DpQ6qsjZH6wJYdYxst&opi=89978449","Formato: Personal Federalizado por Registro Federal de Contribuyentes - PDF Free Download",Opera,google.com,Default,"001-003-LAptop-Pavana T3.E01"
History,"https://docplayer.es/173644954-Formato-personal-federalizado-por-registro-federal-de-contribuyentes.html","2024-04-23 08:48:05 CST","https://docplayer.es/173644954-Formato-personal-federalizado-por-registro-federal-de-contribuyentes.html","Formato: Personal Federalizado por Registro Federal de Contribuyentes - PDF Free Download",Opera,docplayer.es,Default,"001-003-LAptop-Pavana T3.E01"
History,"https://www.google.com/search?sca_esv=5f6a5c4feb524586&sca_upv=1&q=PAMA950511MHGVRL09&uds=AMwkrPs4mDHqV7QfY9nYaKRHgvE9aapPK3L_zMti-ygyR38L_hKEXXX3FkACLiJF9yPQrs63z6XhnycmH5UTAKU_H0ejjqRznxsh1A64XZla0VsIINxikCl09h2Mh7KbsFRmAijqS6mFRjHHnGriXSurUdCvEVNWMYIjS_rRQxzUABnLnM1Zu0VHxs-KueQ3_1lFdCPe278mhS5QP_Wrs5S7BXD9cBN4vbIfesYcvMQHEQ7rNDwsoZY7dPb2wzF7eTPOR_20hT9E4jKZQF82oXtno9pv54ldxQuayqwAvdL9imsFt21xfxg&udm=2&prmd=sivnmbtz&sa=X&ved=2ahUKEwi55YmOytiFAxXcJ0QIHTCJD_UQtKgLegQICxAB&biw=1184&bih=630&dpr=1","2024-04-23 08:48:15 CST","https://www.google.com/search?sca_esv=5f6a5c4feb524586&sca_upv=1&q=PAMA950511MHGVRL09&uds=AMwkrPs4mDHqV7QfY9nYaKRHgvE9aapPK3L_zMti-ygyR38L_hKEXXX3FkACLiJF9yPQrs63z6XhnycmH5UTAKU_H0ejjqRznxsh1A64XZla0VsIINxikCl09h2Mh7KbsFRmAijqS6mFRjHHnGriXSurUdCvEVNWMYIjS_rRQxzUABnLnM1Zu0VHxs-KueQ3_1lFdCPe278mhS5QP_Wrs5S7BXD9cBN4vbIfesYcvMQHEQ7rNDwsoZY7dPb2wzF7eTPOR_20hT9E4jKZQF82oXtno9pv54ldxQuayqwAvdL9imsFt21xfxg&udm=2&prmd=sivnmbtz&sa=X&ved=2ahUKEwi55YmOytiFAxXcJ0QIHTCJD_UQtKgLegQICxAB&biw=1184&bih=630&dpr=1","PAMA950511MHGVRL09 - Buscar con Google",Opera,google.com,Default,"001-003-LAptop-Pavana T3.E01"
History,"https://www.google.com/search?sca_esv=5f6a5c4feb524586&sca_upv=1&q=PAMA950511MHGVRL09&uds=AMwkrPs4mDHqV7QfY9nYaKRHgvE9aapPK3L_zMti-ygyR38L_hKEXXX3FkACLiJF9yPQrs63z6XhnycmH5UTAKU_H0ejjqRznxsh1A64XZla0VsIINxikCl09h2Mh7KbsFRmAijqS6mFRjHHnGriXSurUdCvEVNWMYIjS_rRQxzUABnLnM1Zu0VHxs-KueQ3_1lFdCPe278mhS5QP_Wrs5S7BXD9cBN4vbIfesYcvMQHEQ7rNDwsoZY7dPb2wzF7eTPOR_20hT9E4jKZQF82oXtno9pv54ldxQuayqwAvdL9imsFt21xfxg&udm=2&prmd=sivnmbtz&sa=X&ved=2ahUKEwi55YmOytiFAxXcJ0QIHTCJD_UQtKgLegQICxAB&biw=1184&bih=630&dpr=1","2024-04-23 08:48:15 CST","https://www.google.com/search?sca_esv=5f6a5c4feb524586&sca_upv=1&q=PAMA950511MHGVRL09&uds=AMwkrPs4mDHqV7QfY9nYaKRHgvE9aapPK3L_zMti-ygyR38L_hKEXXX3FkACLiJF9yPQrs63z6XhnycmH5UTAKU_H0ejjqRznxsh1A64XZla0VsIINxikCl09h2Mh7KbsFRmAijqS6mFRjHHnGriXSurUdCvEVNWMYIjS_rRQxzUABnLnM1Zu0VHxs-KueQ3_1lFdCPe278mhS5QP_Wrs5S7BXD9cBN4vbIfesYcvMQHEQ7rNDwsoZY7dPb2wzF7eTPOR_20hT9E4jKZQF82oXtno9pv54ldxQuayqwAvdL9imsFt21xfxg&udm=2&prmd=sivnmbtz&sa=X&ved=2ahUKEwi55YmOytiFAxXcJ0QIHTCJD_UQtKgLegQICxAB&biw=1184&bih=630&dpr=1","PAMA950511MHGVRL09 - Buscar con Google",Opera,google.com,Default,"001-003-LAptop-Pavana T3.E01"
History,"https://www.google.com/url?sa=t&rct=j&q=&esrc=s&source=web&cd=&cad=rja&uact=8&ved=2ahUKEwi55YmOytiFAxXcJ0QIHTCJD_UQFnoECBUQAQ&url=https%3A%2F%2Fseph.gob.mx%2Fvistas%2Farchivos%2Ftransparencia%2Farticulo73%2Ffaeta2018%2Fconalep%2F3erTrim%2FMovimiento_de_personal_por_Centro_Trabajo.xlsx&usg=AOvVaw326wYxHV6dDc-I9s50YfGX&opi=89978449","2024-04-23 09:01:28 CST","https://www.google.com/url?sa=t&rct=j&q=&esrc=s&source=web&cd=&cad=rja&uact=8&ved=2ahUKEwi55YmOytiFAxXcJ0QIHTCJD_UQFnoECBUQAQ&url=https%3A%2F%2Fseph.gob.mx%2Fvistas%2Farchivos%2Ftransparencia%2Farticulo73%2Ffaeta2018%2Fconalep%2F3erTrim%2FMovimiento_de_personal_por_Centro_Trabajo.xlsx&usg=AOvVaw326wYxHV6dDc-I9s50YfGX&opi=89978449","google.com/url?sa=t&rct=j&q=&esrc=s&source=web&cd=&cad=rja&uact=8&ved=2ahUKEwi55YmOytiFAxXcJ0QIHTCJD_UQFnoECBUQAQ&url=https%3A%2F%2Fseph.gob.mx%2Fvistas%2Farchivos%2Ftransparencia%2Farticulo73%2Ffaeta2018%2Fconalep%2F3erTrim%2FMovimiento_de_personal_por_Centro_Trabajo.xlsx&usg=AOvVaw326wYxHV6dDc-I9s50YfGX&opi=89978449",Opera,google.com,Default,"001-003-LAptop-Pavana T3.E01"
History,"https://www.google.com/search?sca_esv=5f6a5c4feb524586&sca_upv=1&q=PAMA950511MHGVRL09&source=lnms&uds=AMwkrPs4mDHqV7QfY9nYaKRHgvE9aapPK3L_zMti-ygyR38L_hKEXXX3FkACLiJF9yPQrs7GWnQ51b6GHP1-Ycp21CP6qmZnWxL_-oSiKhsaWCZnwN1KkzbiOIM6zyTxsELxZbjWGzOUBf8l-Uz4KyKBNUKiOcyvhBMEkdO7kBvLbXRR7fmvJR-OKrlQl8GoMXxJZ11aGHajlLQ64j9JL8rcZJY14-IXQLIbcHXYigWBptUmkRb8Bpfvp9KH36ODfGMRkXXVL2vhYgN-W23R8p1GNxjGDxc364fFjgtUoSa8pHtUf68Xdpc&sa=X&ved=2ahUKEwiN54imytiFAxWVJ0QIHeuNDl8Q0pQJegQICRAB&biw=1312&bih=644&dpr=1","2024-04-23 09:02:06 CST","https://www.google.com/search?sca_esv=5f6a5c4feb524586&sca_upv=1&q=PAMA950511MHGVRL09&source=lnms&uds=AMwkrPs4mDHqV7QfY9nYaKRHgvE9aapPK3L_zMti-ygyR38L_hKEXXX3FkACLiJF9yPQrs7GWnQ51b6GHP1-Ycp21CP6qmZnWxL_-oSiKhsaWCZnwN1KkzbiOIM6zyTxsELxZbjWGzOUBf8l-Uz4KyKBNUKiOcyvhBMEkdO7kBvLbXRR7fmvJR-OKrlQl8GoMXxJZ11aGHajlLQ64j9JL8rcZJY14-IXQLIbcHXYigWBptUmkRb8Bpfvp9KH36ODfGMRkXXVL2vhYgN-W23R8p1GNxjGDxc364fFjgtUoSa8pHtUf68Xdpc&sa=X&ved=2ahUKEwiN54imytiFAxWVJ0QIHeuNDl8Q0pQJegQICRAB&biw=1312&bih=644&dpr=1","PAMA950511MHGVRL09 - Buscar con Google",Opera,google.com,Default,"001-003-LAptop-Pavana T3.E01"
History,"https://www.google.com/search?sca_esv=5f6a5c4feb524586&sca_upv=1&q=PAMA950511MHGVRL09&source=lnms&uds=AMwkrPs4mDHqV7QfY9nYaKRHgvE9aapPK3L_zMti-ygyR38L_hKEXXX3FkACLiJF9yPQrs7GWnQ51b6GHP1-Ycp21CP6qmZnWxL_-oSiKhsaWCZnwN1KkzbiOIM6zyTxsELxZbjWGzOUBf8l-Uz4KyKBNUKiOcyvhBMEkdO7kBvLbXRR7fmvJR-OKrlQl8GoMXxJZ11aGHajlLQ64j9JL8rcZJY14-IXQLIbcHXYigWBptUmkRb8Bpfvp9KH36ODfGMRkXXVL2vhYgN-W23R8p1GNxjGDxc364fFjgtUoSa8pHtUf68Xdpc&sa=X&ved=2ahUKEwiN54imytiFAxWVJ0QIHeuNDl8Q0pQJegQICRAB&biw=1312&bih=644&dpr=1","2024-04-23 09:02:06 CST","https://www.google.com/search?sca_esv=5f6a5c4feb524586&sca_upv=1&q=PAMA950511MHGVRL09&source=lnms&uds=AMwkrPs4mDHqV7QfY9nYaKRHgvE9aapPK3L_zMti-ygyR38L_hKEXXX3FkACLiJF9yPQrs7GWnQ51b6GHP1-Ycp21CP6qmZnWxL_-oSiKhsaWCZnwN1KkzbiOIM6zyTxsELxZbjWGzOUBf8l-Uz4KyKBNUKiOcyvhBMEkdO7kBvLbXRR7fmvJR-OKrlQl8GoMXxJZ11aGHajlLQ64j9JL8rcZJY14-IXQLIbcHXYigWBptUmkRb8Bpfvp9KH36ODfGMRkXXVL2vhYgN-W23R8p1GNxjGDxc364fFjgtUoSa8pHtUf68Xdpc&sa=X&ved=2ahUKEwiN54imytiFAxWVJ0QIHeuNDl8Q0pQJegQICRAB&biw=1312&bih=644&dpr=1","PAMA950511MHGVRL09 - Buscar con Google",Opera,google.com,Default,"001-003-LAptop-Pavana T3.E01"
History,"https://www.google.com/search?q=PAMA950511MHGVRL09&sca_esv=5f6a5c4feb524586&sca_upv=1&ei=bc0nZqawN8nzkPIP3ua20A8&start=10&sa=N&uds=AMwkrPs4mDHqV7QfY9nYaKRHgvE9aapPK3L_zMti-ygyR38L_hKEXXX3FkACLiJF9yPQrs7GWnQ51b6GHP1-Ycp21CP6qmZnWxL_-oSiKhsaWCZnwN1KkzbiOIM6zyTxsELxZbjWGzOUBf8l-Uz4KyKBNUKiOcyvhBMEkdO7kBvLbXRR7fmvJR-OKrlQl8GoMXxJZ11aGHajlLQ64j9JL8rcZJY14-IXQLIbcHXYigWBptUmkRb8Bpfvp9KH36ODfGMRkXXVL2vhYgN-W23R8p1GNxjGDxc364fFjgtUoSa8pHtUf68Xdpc&ved=2ahUKEwjmmumyzdiFAxXJOUQIHV6zDfoQ8tMDegQIAxAE&biw=1312&bih=644&dpr=1","2024-04-23 09:02:38 CST","https://www.google.com/search?q=PAMA950511MHGVRL09&sca_esv=5f6a5c4feb524586&sca_upv=1&ei=bc0nZqawN8nzkPIP3ua20A8&start=10&sa=N&uds=AMwkrPs4mDHqV7QfY9nYaKRHgvE9aapPK3L_zMti-ygyR38L_hKEXXX3FkACLiJF9yPQrs7GWnQ51b6GHP1-Ycp21CP6qmZnWxL_-oSiKhsaWCZnwN1KkzbiOIM6zyTxsELxZbjWGzOUBf8l-Uz4KyKBNUKiOcyvhBMEkdO7kBvLbXRR7fmvJR-OKrlQl8GoMXxJZ11aGHajlLQ64j9JL8rcZJY14-IXQLIbcHXYigWBptUmkRb8Bpfvp9KH36ODfGMRkXXVL2vhYgN-W23R8p1GNxjGDxc364fFjgtUoSa8pHtUf68Xdpc&ved=2ahUKEwjmmumyzdiFAxXJOUQIHV6zDfoQ8tMDegQIAxAE&biw=1312&bih=644&dpr=1","PAMA950511MHGVRL09 - Buscar con Google",Opera,google.com,Default,"001-003-LAptop-Pavana T3.E01"
History,"https://www.google.com/search?q=PAMA950511MHGVRL09&sca_esv=5f6a5c4feb524586&sca_upv=1&ei=bc0nZqawN8nzkPIP3ua20A8&start=10&sa=N&uds=AMwkrPs4mDHqV7QfY9nYaKRHgvE9aapPK3L_zMti-ygyR38L_hKEXXX3FkACLiJF9yPQrs7GWnQ51b6GHP1-Ycp21CP6qmZnWxL_-oSiKhsaWCZnwN1KkzbiOIM6zyTxsELxZbjWGzOUBf8l-Uz4KyKBNUKiOcyvhBMEkdO7kBvLbXRR7fmvJR-OKrlQl8GoMXxJZ11aGHajlLQ64j9JL8rcZJY14-IXQLIbcHXYigWBptUmkRb8Bpfvp9KH36ODfGMRkXXVL2vhYgN-W23R8p1GNxjGDxc364fFjgtUoSa8pHtUf68Xdpc&ved=2ahUKEwjmmumyzdiFAxXJOUQIHV6zDfoQ8tMDegQIAxAE&biw=1312&bih=644&dpr=1","2024-04-23 09:02:38 CST","https://www.google.com/search?q=PAMA950511MHGVRL09&sca_esv=5f6a5c4feb524586&sca_upv=1&ei=bc0nZqawN8nzkPIP3ua20A8&start=10&sa=N&uds=AMwkrPs4mDHqV7QfY9nYaKRHgvE9aapPK3L_zMti-ygyR38L_hKEXXX3FkACLiJF9yPQrs7GWnQ51b6GHP1-Ycp21CP6qmZnWxL_-oSiKhsaWCZnwN1KkzbiOIM6zyTxsELxZbjWGzOUBf8l-Uz4KyKBNUKiOcyvhBMEkdO7kBvLbXRR7fmvJR-OKrlQl8GoMXxJZ11aGHajlLQ64j9JL8rcZJY14-IXQLIbcHXYigWBptUmkRb8Bpfvp9KH36ODfGMRkXXVL2vhYgN-W23R8p1GNxjGDxc364fFjgtUoSa8pHtUf68Xdpc&ved=2ahUKEwjmmumyzdiFAxXJOUQIHV6zDfoQ8tMDegQIAxAE&biw=1312&bih=644&dpr=1","PAMA950511MHGVRL09 - Buscar con Google",Opera,google.com,Default,"001-003-LAptop-Pavana T3.E01"
History,"https://www.google.com/url?sa=t&rct=j&q=&esrc=s&source=web&cd=&ved=2ahUKEwjmz6q2zdiFAxWEIUQIHV3nB2s4ChAWegQIFBAB&url=https%3A%2F%2Fmx.ingrammicro.com%2Fsite%2Fproductdetail%3Fid%3DA8401G4&usg=AOvVaw2RKdS7Frf-pBNQ1fxb7_iM&opi=89978449","2024-04-23 09:02:28 CST","https://www.google.com/url?sa=t&rct=j&q=&esrc=s&source=web&cd=&ved=2ahUKEwjmz6q2zdiFAxWEIUQIHV3nB2s4ChAWegQIFBAB&url=https%3A%2F%2Fmx.ingrammicro.com%2Fsite%2Fproductdetail%3Fid%3DA8401G4&usg=AOvVaw2RKdS7Frf-pBNQ1fxb7_iM&opi=89978449","Detalles del producto",Opera,google.com,Default,"001-003-LAptop-Pavana T3.E01"
History,"https://mx.ingrammicro.com/site/productdetail?id=A8401G4","2024-04-23 09:02:30 CST","https://mx.ingrammicro.com/site/productdetail?id=A8401G4","Detalles del producto",Opera,ingrammicro.com,Default,"001-003-LAptop-Pavana T3.E01"
History,"https://www.google.com/search?q=PAMA950511MHGVRL09&sca_esv=5f6a5c4feb524586&sca_upv=1&ei=bc0nZqawN8nzkPIP3ua20A8&start=10&sa=N&uds=AMwkrPs4mDHqV7QfY9nYaKRHgvE9aapPK3L_zMti-ygyR38L_hKEXXX3FkACLiJF9yPQrs7GWnQ51b6GHP1-Ycp21CP6qmZnWxL_-oSiKhsaWCZnwN1KkzbiOIM6zyTxsELxZbjWGzOUBf8l-Uz4KyKBNUKiOcyvhBMEkdO7kBvLbXRR7fmvJR-OKrlQl8GoMXxJZ11aGHajlLQ64j9JL8rcZJY14-IXQLIbcHXYigWBptUmkRb8Bpfvp9KH36ODfGMRkXXVL2vhYgN-W23R8p1GNxjGDxc364fFjgtUoSa8pHtUf68Xdpc&ved=2ahUKEwjmmumyzdiFAxXJOUQIHV6zDfoQ8tMDegQIAxAE&biw=1312&bih=644&dpr=1","2024-04-23 09:02:38 CST","https://www.google.com/search?q=PAMA950511MHGVRL09&sca_esv=5f6a5c4feb524586&sca_upv=1&ei=bc0nZqawN8nzkPIP3ua20A8&start=10&sa=N&uds=AMwkrPs4mDHqV7QfY9nYaKRHgvE9aapPK3L_zMti-ygyR38L_hKEXXX3FkACLiJF9yPQrs7GWnQ51b6GHP1-Ycp21CP6qmZnWxL_-oSiKhsaWCZnwN1KkzbiOIM6zyTxsELxZbjWGzOUBf8l-Uz4KyKBNUKiOcyvhBMEkdO7kBvLbXRR7fmvJR-OKrlQl8GoMXxJZ11aGHajlLQ64j9JL8rcZJY14-IXQLIbcHXYigWBptUmkRb8Bpfvp9KH36ODfGMRkXXVL2vhYgN-W23R8p1GNxjGDxc364fFjgtUoSa8pHtUf68Xdpc&ved=2ahUKEwjmmumyzdiFAxXJOUQIHV6zDfoQ8tMDegQIAxAE&biw=1312&bih=644&dpr=1","PAMA950511MHGVRL09 - Buscar con Google",Opera,google.com,Default,"001-003-LAptop-Pavana T3.E01"
History,"https://www.google.com/search?q=PAMA950511P4A&sca_esv=5f6a5c4feb524586&sca_upv=1&biw=1312&bih=644&ei=dc0nZqbBEITDkPIP3c6f2AY&ved=0ahUKEwjmz6q2zdiFAxWEIUQIHV3nB2s4ChDh1QMIDw&oq=PAMA950511P4A&gs_lp=Egxnd3Mtd2l6LXNlcnAiDVBBTUE5NTA1MTFQNEEyCBAAGIAEGKIEMggQABiABBiiBEibFVAAWABwAHgAkAEAmAFfoAFfqgEBMbgBDMgBAPgBAvgBAZgCAaACdZgDAJIHAzAuMaAHrgE&sclient=gws-wiz-serp","2024-04-23 09:03:09 CST","https://www.google.com/search?q=PAMA950511P4A&sca_esv=5f6a5c4feb524586&sca_upv=1&biw=1312&bih=644&ei=dc0nZqbBEITDkPIP3c6f2AY&ved=0ahUKEwjmz6q2zdiFAxWEIUQIHV3nB2s4ChDh1QMIDw&oq=PAMA950511P4A&gs_lp=Egxnd3Mtd2l6LXNlcnAiDVBBTUE5NTA1MTFQNEEyCBAAGIAEGKIEMggQABiABBiiBEibFVAAWABwAHgAkAEAmAFfoAFfqgEBMbgBDMgBAPgBAvgBAZgCAaACdZgDAJIHAzAuMaAHrgE&sclient=gws-wiz-serp","PAMA950511P4A - Buscar con Google",Opera,google.com,Default,"001-003-LAptop-Pavana T3.E01"
History,"https://www.google.com/search?q=PAMA950511P4A&sca_esv=5f6a5c4feb524586&sca_upv=1&biw=1312&bih=644&ei=dc0nZqbBEITDkPIP3c6f2AY&ved=0ahUKEwjmz6q2zdiFAxWEIUQIHV3nB2s4ChDh1QMIDw&oq=PAMA950511P4A&gs_lp=Egxnd3Mtd2l6LXNlcnAiDVBBTUE5NTA1MTFQNEEyCBAAGIAEGKIEMggQABiABBiiBEibFVAAWABwAHgAkAEAmAFfoAFfqgEBMbgBDMgBAPgBAvgBAZgCAaACdZgDAJIHAzAuMaAHrgE&sclient=gws-wiz-serp","2024-04-23 09:03:09 CST","https://www.google.com/search?q=PAMA950511P4A&sca_esv=5f6a5c4feb524586&sca_upv=1&biw=1312&bih=644&ei=dc0nZqbBEITDkPIP3c6f2AY&ved=0ahUKEwjmz6q2zdiFAxWEIUQIHV3nB2s4ChDh1QMIDw&oq=PAMA950511P4A&gs_lp=Egxnd3Mtd2l6LXNlcnAiDVBBTUE5NTA1MTFQNEEyCBAAGIAEGKIEMggQABiABBiiBEibFVAAWABwAHgAkAEAmAFfoAFfqgEBMbgBDMgBAPgBAvgBAZgCAaACdZgDAJIHAzAuMaAHrgE&sclient=gws-wiz-serp","PAMA950511P4A - Buscar con Google",Opera,google.com,Default,"001-003-LAptop-Pavana T3.E01"
History,"https://www.google.com/search?sca_esv=5f6a5c4feb524586&sca_upv=1&q=PAMA950511P4A&uds=AMwkrPuChM3QNXggeGrmIi9L-QtM5DHAGq4Ph1dDqQcpRZjU0bFHAgaXA0gD2-0bIGmVrJDRfi_Lzjbrk2OXS5sYogSsCcMTex4nY2ANbGsj7T-JQ2wdcrvNDT-l9szTGCWU61u34pKuRMNS5RSsZ0WFG72SLsvXBz6fmG7tezDtMODA0_UiX5i83lc6Esu6KeEqLY0u4kz0BrmYdW0wNvNo_p4Zznv5NPob8AXbYavSBAdEPIk3R_ae-z2hYgYbUGSw50vXAY45fAtnpXfUXEkO5k3XN7eHYIZSLhy2PSDEFaBasNQhYTs&udm=2&prmd=sivnmbtz&sa=X&ved=2ahUKEwjUhf7QzdiFAxUoOEQIHeO_ASYQtKgLegQIDBAB&biw=1312&bih=644&dpr=1","2024-04-23 09:03:33 CST","https://www.google.com/search?sca_esv=5f6a5c4feb524586&sca_upv=1&q=PAMA950511P4A&uds=AMwkrPuChM3QNXggeGrmIi9L-QtM5DHAGq4Ph1dDqQcpRZjU0bFHAgaXA0gD2-0bIGmVrJDRfi_Lzjbrk2OXS5sYogSsCcMTex4nY2ANbGsj7T-JQ2wdcrvNDT-l9szTGCWU61u34pKuRMNS5RSsZ0WFG72SLsvXBz6fmG7tezDtMODA0_UiX5i83lc6Esu6KeEqLY0u4kz0BrmYdW0wNvNo_p4Zznv5NPob8AXbYavSBAdEPIk3R_ae-z2hYgYbUGSw50vXAY45fAtnpXfUXEkO5k3XN7eHYIZSLhy2PSDEFaBasNQhYTs&udm=2&prmd=sivnmbtz&sa=X&ved=2ahUKEwjUhf7QzdiFAxUoOEQIHeO_ASYQtKgLegQIDBAB&biw=1312&bih=644&dpr=1","PAMA950511P4A - Buscar con Google",Opera,google.com,Default,"001-003-LAptop-Pavana T3.E01"
History,"https://www.google.com/search?sca_esv=5f6a5c4feb524586&sca_upv=1&q=PAMA950511P4A&uds=AMwkrPuChM3QNXggeGrmIi9L-QtM5DHAGq4Ph1dDqQcpRZjU0bFHAgaXA0gD2-0bIGmVrJDRfi_Lzjbrk2OXS5sYogSsCcMTex4nY2ANbGsj7T-JQ2wdcrvNDT-l9szTGCWU61u34pKuRMNS5RSsZ0WFG72SLsvXBz6fmG7tezDtMODA0_UiX5i83lc6Esu6KeEqLY0u4kz0BrmYdW0wNvNo_p4Zznv5NPob8AXbYavSBAdEPIk3R_ae-z2hYgYbUGSw50vXAY45fAtnpXfUXEkO5k3XN7eHYIZSLhy2PSDEFaBasNQhYTs&udm=2&prmd=sivnmbtz&sa=X&ved=2ahUKEwjUhf7QzdiFAxUoOEQIHeO_ASYQtKgLegQIDBAB&biw=1312&bih=644&dpr=1","2024-04-23 09:03:33 CST","https://www.google.com/search?sca_esv=5f6a5c4feb524586&sca_upv=1&q=PAMA950511P4A&uds=AMwkrPuChM3QNXggeGrmIi9L-QtM5DHAGq4Ph1dDqQcpRZjU0bFHAgaXA0gD2-0bIGmVrJDRfi_Lzjbrk2OXS5sYogSsCcMTex4nY2ANbGsj7T-JQ2wdcrvNDT-l9szTGCWU61u34pKuRMNS5RSsZ0WFG72SLsvXBz6fmG7tezDtMODA0_UiX5i83lc6Esu6KeEqLY0u4kz0BrmYdW0wNvNo_p4Zznv5NPob8AXbYavSBAdEPIk3R_ae-z2hYgYbUGSw50vXAY45fAtnpXfUXEkO5k3XN7eHYIZSLhy2PSDEFaBasNQhYTs&udm=2&prmd=sivnmbtz&sa=X&ved=2ahUKEwjUhf7QzdiFAxUoOEQIHeO_ASYQtKgLegQIDBAB&biw=1312&bih=644&dpr=1","PAMA950511P4A - Buscar con Google",Opera,google.com,Default,"001-003-LAptop-Pavana T3.E01"
History,"https://www.google.com/search?q=%22Pavana+Martinez%22+alejandra&sca_esv=5f6a5c4feb524586&sca_upv=1&udm=2&biw=1312&bih=644&ei=xM0nZpiUOvHMkPIP8ZO0-Ag&ved=0ahUKEwiYhqrczdiFAxVxJkQIHfEJDY8Q4dUDCA8&uact=5&oq=%22Pavana+Martinez%22+alejandra&gs_lp=Egxnd3Mtd2l6LXNlcnAiGyJQYXZhbmEgTWFydGluZXoiIGFsZWphbmRyYUjiiwFQAFjhhAFwB3gAkAEAmAFyoAH1E6oBBDMzLjG4AQPIAQD4AQGYAhagAtMKqAIAwgIOEAAYgAQYsQMYgwEYigXCAgQQABgDwgIFEAAYgATCAggQABiABBixA8ICCxAAGIAEGLEDGIMBwgIEEAAYHsICBhAAGAUYHsICBhAAGAgYHsICBxAAGIAEGBiYAwSSBwQyMS4xoAfkUQ&sclient=gws-wiz-serp","2024-04-23 09:04:10 CST","https://www.google.com/search?q=%22Pavana+Martinez%22+alejandra&sca_esv=5f6a5c4feb524586&sca_upv=1&udm=2&biw=1312&bih=644&ei=xM0nZpiUOvHMkPIP8ZO0-Ag&ved=0ahUKEwiYhqrczdiFAxVxJkQIHfEJDY8Q4dUDCA8&uact=5&oq=%22Pavana+Martinez%22+alejandra&gs_lp=Egxnd3Mtd2l6LXNlcnAiGyJQYXZhbmEgTWFydGluZXoiIGFsZWphbmRyYUjiiwFQAFjhhAFwB3gAkAEAmAFyoAH1E6oBBDMzLjG4AQPIAQD4AQGYAhagAtMKqAIAwgIOEAAYgAQYsQMYgwEYigXCAgQQABgDwgIFEAAYgATCAggQABiABBixA8ICCxAAGIAEGLEDGIMBwgIEEAAYHsICBhAAGAUYHsICBhAAGAgYHsICBxAAGIAEGBiYAwSSBwQyMS4xoAfkUQ&sclient=gws-wiz-serp","""Pavana Martinez"" alejandra - Buscar con Google",Opera,google.com,Default,"001-003-LAptop-Pavana T3.E01"
History,"https://www.google.com/search?q=%22Pavana+Martinez%22+alejandra&sca_esv=5f6a5c4feb524586&sca_upv=1&udm=2&biw=1312&bih=644&ei=xM0nZpiUOvHMkPIP8ZO0-Ag&ved=0ahUKEwiYhqrczdiFAxVxJkQIHfEJDY8Q4dUDCA8&uact=5&oq=%22Pavana+Martinez%22+alejandra&gs_lp=Egxnd3Mtd2l6LXNlcnAiGyJQYXZhbmEgTWFydGluZXoiIGFsZWphbmRyYUjiiwFQAFjhhAFwB3gAkAEAmAFyoAH1E6oBBDMzLjG4AQPIAQD4AQGYAhagAtMKqAIAwgIOEAAYgAQYsQMYgwEYigXCAgQQABgDwgIFEAAYgATCAggQABiABBixA8ICCxAAGIAEGLEDGIMBwgIEEAAYHsICBhAAGAUYHsICBhAAGAgYHsICBxAAGIAEGBiYAwSSBwQyMS4xoAfkUQ&sclient=gws-wiz-serp","2024-04-23 09:04:10 CST","https://www.google.com/search?q=%22Pavana+Martinez%22+alejandra&sca_esv=5f6a5c4feb524586&sca_upv=1&udm=2&biw=1312&bih=644&ei=xM0nZpiUOvHMkPIP8ZO0-Ag&ved=0ahUKEwiYhqrczdiFAxVxJkQIHfEJDY8Q4dUDCA8&uact=5&oq=%22Pavana+Martinez%22+alejandra&gs_lp=Egxnd3Mtd2l6LXNlcnAiGyJQYXZhbmEgTWFydGluZXoiIGFsZWphbmRyYUjiiwFQAFjhhAFwB3gAkAEAmAFyoAH1E6oBBDMzLjG4AQPIAQD4AQGYAhagAtMKqAIAwgIOEAAYgAQYsQMYgwEYigXCAgQQABgDwgIFEAAYgATCAggQABiABBixA8ICCxAAGIAEGLEDGIMBwgIEEAAYHsICBhAAGAUYHsICBhAAGAgYHsICBxAAGIAEGBiYAwSSBwQyMS4xoAfkUQ&sclient=gws-wiz-serp","""Pavana Martinez"" alejandra - Buscar con Google",Opera,google.com,Default,"001-003-LAptop-Pavana T3.E01"
History,"https://www.google.com/search?q=%22Pavana+Martinez%22+alejandra&sca_esv=5f6a5c4feb524586&sca_upv=1&udm=2&biw=1312&bih=644&ei=xM0nZpiUOvHMkPIP8ZO0-Ag&ved=0ahUKEwiYhqrczdiFAxVxJkQIHfEJDY8Q4dUDCA8&uact=5&oq=%22Pavana+Martinez%22+alejandra&gs_lp=Egxnd3Mtd2l6LXNlcnAiGyJQYXZhbmEgTWFydGluZXoiIGFsZWphbmRyYUjiiwFQAFjhhAFwB3gAkAEAmAFyoAH1E6oBBDMzLjG4AQPIAQD4AQGYAhagAtMKqAIAwgIOEAAYgAQYsQMYgwEYigXCAgQQABgDwgIFEAAYgATCAggQABiABBixA8ICCxAAGIAEGLEDGIMBwgIEEAAYHsICBhAAGAUYHsICBhAAGAgYHsICBxAAGIAEGBiYAwSSBwQyMS4xoAfkUQ&sclient=gws-wiz-serp#vhid=yFpgYINjjjekbM&vssid=mosaic","2024-04-23 09:04:15 CST","https://www.google.com/search?q=%22Pavana+Martinez%22+alejandra&sca_esv=5f6a5c4feb524586&sca_upv=1&udm=2&biw=1312&bih=644&ei=xM0nZpiUOvHMkPIP8ZO0-Ag&ved=0ahUKEwiYhqrczdiFAxVxJkQIHfEJDY8Q4dUDCA8&uact=5&oq=%22Pavana+Martinez%22+alejandra&gs_lp=Egxnd3Mtd2l6LXNlcnAiGyJQYXZhbmEgTWFydGluZXoiIGFsZWphbmRyYUjiiwFQAFjhhAFwB3gAkAEAmAFyoAH1E6oBBDMzLjG4AQPIAQD4AQGYAhagAtMKqAIAwgIOEAAYgAQYsQMYgwEYigXCAgQQABgDwgIFEAAYgATCAggQABiABBixA8ICCxAAGIAEGLEDGIMBwgIEEAAYHsICBhAAGAUYHsICBhAAGAgYHsICBxAAGIAEGBiYAwSSBwQyMS4xoAfkUQ&sclient=gws-wiz-serp#vhid=yFpgYINjjjekbM&vssid=mosaic","""Pavana Martinez"" alejandra - Buscar con Google",Opera,google.com,Default,"001-003-LAptop-Pavana T3.E01"
History,"https://www.google.com/url?sa=i&url=https%3A%2F%2Fes.slideshare.net%2Fslideshow%2Fmapa-mental-estudio-de-mercado%2F45800812&psig=AOvVaw2wxjjWE2R11nn3K_h-KUOz&ust=1713971051486000&source=images&cd=vfe&opi=89978449&ved=0CBMQ3YkBahcKEwjAhenwzdiFAxUAAAAAHQAAAAAQBA","2024-04-23 09:04:30 CST","https://www.google.com/url?sa=i&url=https%3A%2F%2Fes.slideshare.net%2Fslideshow%2Fmapa-mental-estudio-de-mercado%2F45800812&psig=AOvVaw2wxjjWE2R11nn3K_h-KUOz&ust=1713971051486000&source=images&cd=vfe&opi=89978449&ved=0CBMQ3YkBahcKEwjAhenwzdiFAxUAAAAAHQAAAAAQBA","Mapa mental estudio de mercado | PPT",Opera,google.com,Default,"001-003-LAptop-Pavana T3.E01"
History,"https://es.slideshare.net/slideshow/mapa-mental-estudio-de-mercado/45800812","2024-04-23 09:04:32 CST","https://es.slideshare.net/slideshow/mapa-mental-estudio-de-mercado/45800812","Mapa mental estudio de mercado | PPT",Opera,slideshare.net,Default,"001-003-LAptop-Pavana T3.E01"
History,"https://es.slideshare.net/slideshow/mapa-mental-estudio-de-mercado/45800812","2024-04-23 09:04:32 CST","https://es.slideshare.net/slideshow/mapa-mental-estudio-de-mercado/45800812","Mapa mental estudio de mercado | PPT",Opera,slideshare.net,Default,"001-003-LAptop-Pavana T3.E01"
History,"https://www.google.com/search?q=%22Pavana+Martinez%22+alejandra&sca_esv=5f6a5c4feb524586&sca_upv=1&udm=2&biw=1312&bih=644&ei=xM0nZpiUOvHMkPIP8ZO0-Ag&ved=0ahUKEwiYhqrczdiFAxVxJkQIHfEJDY8Q4dUDCA8&uact=5&oq=%22Pavana+Martinez%22+alejandra&gs_lp=Egxnd3Mtd2l6LXNlcnAiGyJQYXZhbmEgTWFydGluZXoiIGFsZWphbmRyYUjiiwFQAFjhhAFwB3gAkAEAmAFyoAH1E6oBBDMzLjG4AQPIAQD4AQGYAhagAtMKqAIAwgIOEAAYgAQYsQMYgwEYigXCAgQQABgDwgIFEAAYgATCAggQABiABBixA8ICCxAAGIAEGLEDGIMBwgIEEAAYHsICBhAAGAUYHsICBhAAGAgYHsICBxAAGIAEGBiYAwSSBwQyMS4xoAfkUQ&sclient=gws-wiz-serp#vhid=IjfRvaNcB6RWcM&vssid=mosaic","2024-04-23 09:05:23 CST","https://www.google.com/search?q=%22Pavana+Martinez%22+alejandra&sca_esv=5f6a5c4feb524586&sca_upv=1&udm=2&biw=1312&bih=644&ei=xM0nZpiUOvHMkPIP8ZO0-Ag&ved=0ahUKEwiYhqrczdiFAxVxJkQIHfEJDY8Q4dUDCA8&uact=5&oq=%22Pavana+Martinez%22+alejandra&gs_lp=Egxnd3Mtd2l6LXNlcnAiGyJQYXZhbmEgTWFydGluZXoiIGFsZWphbmRyYUjiiwFQAFjhhAFwB3gAkAEAmAFyoAH1E6oBBDMzLjG4AQPIAQD4AQGYAhagAtMKqAIAwgIOEAAYgAQYsQMYgwEYigXCAgQQABgDwgIFEAAYgATCAggQABiABBixA8ICCxAAGIAEGLEDGIMBwgIEEAAYHsICBhAAGAUYHsICBhAAGAgYHsICBxAAGIAEGBiYAwSSBwQyMS4xoAfkUQ&sclient=gws-wiz-serp#vhid=IjfRvaNcB6RWcM&vssid=mosaic","""Pavana Martinez"" alejandra - Buscar con Google",Opera,google.com,Default,"001-003-LAptop-Pavana T3.E01"
History,"https://www.google.com/search?q=%22Pavana+Martinez%22+alejandra&sca_esv=5f6a5c4feb524586&sca_upv=1&udm=2&biw=1312&bih=644&ei=xM0nZpiUOvHMkPIP8ZO0-Ag&ved=0ahUKEwiYhqrczdiFAxVxJkQIHfEJDY8Q4dUDCA8&uact=5&oq=%22Pavana+Martinez%22+alejandra&gs_lp=Egxnd3Mtd2l6LXNlcnAiGyJQYXZhbmEgTWFydGluZXoiIGFsZWphbmRyYUjiiwFQAFjhhAFwB3gAkAEAmAFyoAH1E6oBBDMzLjG4AQPIAQD4AQGYAhagAtMKqAIAwgIOEAAYgAQYsQMYgwEYigXCAgQQABgDwgIFEAAYgATCAggQABiABBixA8ICCxAAGIAEGLEDGIMBwgIEEAAYHsICBhAAGAUYHsICBhAAGAgYHsICBxAAGIAEGBiYAwSSBwQyMS4xoAfkUQ&sclient=gws-wiz-serp#vhid=BRuQDLvH7xnAyM&vssid=mosaic","2024-04-23 09:05:43 CST","https://www.google.com/search?q=%22Pavana+Martinez%22+alejandra&sca_esv=5f6a5c4feb524586&sca_upv=1&udm=2&biw=1312&bih=644&ei=xM0nZpiUOvHMkPIP8ZO0-Ag&ved=0ahUKEwiYhqrczdiFAxVxJkQIHfEJDY8Q4dUDCA8&uact=5&oq=%22Pavana+Martinez%22+alejandra&gs_lp=Egxnd3Mtd2l6LXNlcnAiGyJQYXZhbmEgTWFydGluZXoiIGFsZWphbmRyYUjiiwFQAFjhhAFwB3gAkAEAmAFyoAH1E6oBBDMzLjG4AQPIAQD4AQGYAhagAtMKqAIAwgIOEAAYgAQYsQMYgwEYigXCAgQQABgDwgIFEAAYgATCAggQABiABBixA8ICCxAAGIAEGLEDGIMBwgIEEAAYHsICBhAAGAUYHsICBhAAGAgYHsICBxAAGIAEGBiYAwSSBwQyMS4xoAfkUQ&sclient=gws-wiz-serp#vhid=BRuQDLvH7xnAyM&vssid=mosaic","""Pavana Martinez"" alejandra - Buscar con Google",Opera,google.com,Default,"001-003-LAptop-Pavana T3.E01"
History,"https://www.google.com/search?q=%22Pavana+Martinez%22+alejandra&sca_esv=5f6a5c4feb524586&sca_upv=1&udm=2&biw=1312&bih=644&ei=xM0nZpiUOvHMkPIP8ZO0-Ag&ved=0ahUKEwiYhqrczdiFAxVxJkQIHfEJDY8Q4dUDCA8&uact=5&oq=%22Pavana+Martinez%22+alejandra&gs_lp=Egxnd3Mtd2l6LXNlcnAiGyJQYXZhbmEgTWFydGluZXoiIGFsZWphbmRyYUjiiwFQAFjhhAFwB3gAkAEAmAFyoAH1E6oBBDMzLjG4AQPIAQD4AQGYAhagAtMKqAIAwgIOEAAYgAQYsQMYgwEYigXCAgQQABgDwgIFEAAYgATCAggQABiABBixA8ICCxAAGIAEGLEDGIMBwgIEEAAYHsICBhAAGAUYHsICBhAAGAgYHsICBxAAGIAEGBiYAwSSBwQyMS4xoAfkUQ&sclient=gws-wiz-serp#vhid=BRuQDLvH7xnAyM&vssid=mosaic","2024-04-23 09:05:43 CST","https://www.google.com/search?q=%22Pavana+Martinez%22+alejandra&sca_esv=5f6a5c4feb524586&sca_upv=1&udm=2&biw=1312&bih=644&ei=xM0nZpiUOvHMkPIP8ZO0-Ag&ved=0ahUKEwiYhqrczdiFAxVxJkQIHfEJDY8Q4dUDCA8&uact=5&oq=%22Pavana+Martinez%22+alejandra&gs_lp=Egxnd3Mtd2l6LXNlcnAiGyJQYXZhbmEgTWFydGluZXoiIGFsZWphbmRyYUjiiwFQAFjhhAFwB3gAkAEAmAFyoAH1E6oBBDMzLjG4AQPIAQD4AQGYAhagAtMKqAIAwgIOEAAYgAQYsQMYgwEYigXCAgQQABgDwgIFEAAYgATCAggQABiABBixA8ICCxAAGIAEGLEDGIMBwgIEEAAYHsICBhAAGAUYHsICBhAAGAgYHsICBxAAGIAEGBiYAwSSBwQyMS4xoAfkUQ&sclient=gws-wiz-serp#vhid=BRuQDLvH7xnAyM&vssid=mosaic","""Pavana Martinez"" alejandra - Buscar con Google",Opera,google.com,Default,"001-003-LAptop-Pavana T3.E01"
History,"https://www.google.com/imgres?q=%22Pavana%20Martinez%22%20alejandra&imgurl=https%3A%2F%2Fimg.yumpu.com%2F22923028%2F1%2F500x640%2Freporte-expedientes-campos-variables-infonavit.jpg&imgrefurl=https%3A%2F%2Fwww.yumpu.com%2Fes%2Fdocument%2Fview%2F22923028%2Freporte-expedientes-campos-variables-infonavit&docid=1CULjAzan29NHM&tbnid=BRuQDLvH7xnAyM&vet=12ahUKEwjSu5LuzdiFAxWZOkQIHcbIAwMQM3oECCsQAA..i&w=500&h=386&hcb=2&itg=1&ved=2ahUKEwjSu5LuzdiFAxWZOkQIHcbIAwMQM3oECCsQAA","2024-04-23 09:05:49 CST","https://www.google.com/imgres?q=%22Pavana%20Martinez%22%20alejandra&imgurl=https%3A%2F%2Fimg.yumpu.com%2F22923028%2F1%2F500x640%2Freporte-expedientes-campos-variables-infonavit.jpg&imgrefurl=https%3A%2F%2Fwww.yumpu.com%2Fes%2Fdocument%2Fview%2F22923028%2Freporte-expedientes-campos-variables-infonavit&docid=1CULjAzan29NHM&tbnid=BRuQDLvH7xnAyM&vet=12ahUKEwjSu5LuzdiFAxWZOkQIHcbIAwMQM3oECCsQAA..i&w=500&h=386&hcb=2&itg=1&ved=2ahUKEwjSu5LuzdiFAxWZOkQIHcbIAwMQM3oECCsQAA","""Pavana Martinez"" alejandra - Buscar con Google",Opera,google.com,Default,"001-003-LAptop-Pavana T3.E01"
History,"https://www.google.com/imgres?q=%22Pavana%20Martinez%22%20alejandra&imgurl=https%3A%2F%2Fimg.yumpu.com%2F22923028%2F1%2F500x640%2Freporte-expedientes-campos-variables-infonavit.jpg&imgrefurl=https%3A%2F%2Fwww.yumpu.com%2Fes%2Fdocument%2Fview%2F22923028%2Freporte-expedientes-campos-variables-infonavit&docid=1CULjAzan29NHM&tbnid=BRuQDLvH7xnAyM&vet=12ahUKEwjSu5LuzdiFAxWZOkQIHcbIAwMQM3oECCsQAA..i&w=500&h=386&hcb=2&itg=1&ved=2ahUKEwjSu5LuzdiFAxWZOkQIHcbIAwMQM3oECCsQAA","2024-04-23 09:05:49 CST","https://www.google.com/imgres?q=%22Pavana%20Martinez%22%20alejandra&imgurl=https%3A%2F%2Fimg.yumpu.com%2F22923028%2F1%2F500x640%2Freporte-expedientes-campos-variables-infonavit.jpg&imgrefurl=https%3A%2F%2Fwww.yumpu.com%2Fes%2Fdocument%2Fview%2F22923028%2Freporte-expedientes-campos-variables-infonavit&docid=1CULjAzan29NHM&tbnid=BRuQDLvH7xnAyM&vet=12ahUKEwjSu5LuzdiFAxWZOkQIHcbIAwMQM3oECCsQAA..i&w=500&h=386&hcb=2&itg=1&ved=2ahUKEwjSu5LuzdiFAxWZOkQIHcbIAwMQM3oECCsQAA","""Pavana Martinez"" alejandra - Buscar con Google",Opera,google.com,Default,"001-003-LAptop-Pavana T3.E01"
History,"https://www.google.com/url?sa=i&url=https%3A%2F%2Fwww.yumpu.com%2Fes%2Fdocument%2Fview%2F22923028%2Freporte-expedientes-campos-variables-infonavit&psig=AOvVaw2wxjjWE2R11nn3K_h-KUOz&ust=1713971051486000&source=images&cd=vfe&opi=89978449&ved=0CBMQ3YkBahcKEwjAhenwzdiFAxUAAAAAHQAAAAAQEA","2024-04-23 09:05:55 CST","https://www.google.com/url?sa=i&url=https%3A%2F%2Fwww.yumpu.com%2Fes%2Fdocument%2Fview%2F22923028%2Freporte-expedientes-campos-variables-infonavit&psig=AOvVaw2wxjjWE2R11nn3K_h-KUOz&ust=1713971051486000&source=images&cd=vfe&opi=89978449&ved=0CBMQ3YkBahcKEwjAhenwzdiFAxUAAAAAHQAAAAAQEA","Reporte Expedientes - Campos Variables - Infonavit",Opera,google.com,Default,"001-003-LAptop-Pavana T3.E01"
History,"https://www.yumpu.com/es/document/view/22923028/reporte-expedientes-campos-variables-infonavit","2024-04-23 09:08:21 CST","https://www.yumpu.com/es/document/view/22923028/reporte-expedientes-campos-variables-infonavit","Reporte Expedientes - Campos Variables - Infonavit",Opera,yumpu.com,Default,"001-003-LAptop-Pavana T3.E01"
History,"https://www.yumpu.com/es/document/read/22923028/reporte-expedientes-campos-variables-infonavit","2024-04-23 09:06:07 CST","https://www.yumpu.com/es/document/read/22923028/reporte-expedientes-campos-variables-infonavit","Reporte Expedientes - Campos Variables - Infonavit",Opera,yumpu.com,Default,"001-003-LAptop-Pavana T3.E01"
History,"https://www.google.com/search?client=opera&q=numero+de+seguridad+social+consulta&sourceid=opera&ie=UTF-8&oe=UTF-8","2024-04-23 09:07:13 CST","https://www.google.com/search?client=opera&q=numero+de+seguridad+social+consulta&sourceid=opera&ie=UTF-8&oe=UTF-8","numero de seguridad social consulta - Buscar con Google",Opera,google.com,Default,"001-003-LAptop-Pavana T3.E01"
History,"https://www.google.com/search?client=opera&q=numero+de+seguridad+social+consulta&sourceid=opera&ie=UTF-8&oe=UTF-8","2024-04-23 09:07:13 CST","https://www.google.com/search?client=opera&q=numero+de+seguridad+social+consulta&sourceid=opera&ie=UTF-8&oe=UTF-8","numero de seguridad social consulta - Buscar con Google",Opera,google.com,Default,"001-003-LAptop-Pavana T3.E01"
History,"https://www.google.com/url?sa=t&rct=j&q=&esrc=s&source=web&cd=&ved=2ahUKEwiW783FztiFAxWtL0QIHTiFDU4QFnoECAcQAQ&url=http%3A%2F%2Fwww.imss.gob.mx%2Ffaq%2Fno-recuerdo-mi-nss&usg=AOvVaw1OYVbENGhgZOyT1V8UEXiS&opi=89978449","2024-04-23 09:07:16 CST","https://www.google.com/url?sa=t&rct=j&q=&esrc=s&source=web&cd=&ved=2ahUKEwiW783FztiFAxWtL0QIHTiFDU4QFnoECAcQAQ&url=http%3A%2F%2Fwww.imss.gob.mx%2Ffaq%2Fno-recuerdo-mi-nss&usg=AOvVaw1OYVbENGhgZOyT1V8UEXiS&opi=89978449","¿Olvidaste o no recuerdas tu Número de Seguro Social (nss)?",Opera,google.com,Default,"001-003-LAptop-Pavana T3.E01"
History,"http://www.imss.gob.mx/faq/no-recuerdo-mi-nss","2024-04-23 09:07:18 CST","http://www.imss.gob.mx/faq/no-recuerdo-mi-nss","¿Olvidaste o no recuerdas tu Número de Seguro Social (nss)?",Opera,imss.gob.mx,Default,"001-003-LAptop-Pavana T3.E01"
History,"https://www.imss.gob.mx/faq/no-recuerdo-mi-nss","2024-04-23 09:07:18 CST","https://www.imss.gob.mx/faq/no-recuerdo-mi-nss","¿Olvidaste o no recuerdas tu Número de Seguro Social (nss)?",Opera,imss.gob.mx,Default,"001-003-LAptop-Pavana T3.E01"
History,"https://serviciosdigitales.imss.gob.mx/gestionAsegurados-web-externo/home/asegurado","2024-04-23 09:07:25 CST","https://serviciosdigitales.imss.gob.mx/gestionAsegurados-web-externo/home/asegurado","Gestión de asegurados",Opera,imss.gob.mx,Default,"001-003-LAptop-Pavana T3.E01"
History,"https://serviciosdigitales.imss.gob.mx/gestionAsegurados-web-externo/asignacionNSS;JSESSIONIDASEGEXTERNO=pun51ZQETP5toXFaNcsMwSfolP117DZnFOolqk8Khpzox0s39xBx!-731224946","2024-04-23 09:07:25 CST","https://serviciosdigitales.imss.gob.mx/gestionAsegurados-web-externo/asignacionNSS;JSESSIONIDASEGEXTERNO=pun51ZQETP5toXFaNcsMwSfolP117DZnFOolqk8Khpzox0s39xBx!-731224946","Gestión de asegurados",Opera,imss.gob.mx,Default,"001-003-LAptop-Pavana T3.E01"
History,"https://www.google.com/search?client=opera&q=%22PAvana+MArtinez%22+alejandra+nss&sourceid=opera&ie=UTF-8&oe=UTF-8","2024-04-23 09:08:13 CST","https://www.google.com/search?client=opera&q=%22PAvana+MArtinez%22+alejandra+nss&sourceid=opera&ie=UTF-8&oe=UTF-8","""PAvana MArtinez"" alejandra nss - Buscar con Google",Opera,google.com,Default,"001-003-LAptop-Pavana T3.E01"
History,"https://www.google.com/search?client=opera&q=%22PAvana+MArtinez%22+alejandra+nss&sourceid=opera&ie=UTF-8&oe=UTF-8","2024-04-23 09:08:13 CST","https://www.google.com/search?client=opera&q=%22PAvana+MArtinez%22+alejandra+nss&sourceid=opera&ie=UTF-8&oe=UTF-8","""PAvana MArtinez"" alejandra nss - Buscar con Google",Opera,google.com,Default,"001-003-LAptop-Pavana T3.E01"
History,"https://www.google.com/url?sa=t&rct=j&q=&esrc=s&source=web&cd=&ved=2ahUKEwjOrpjiztiFAxV-EEQIHU2-AnwQFnoECA8QAQ&url=https%3A%2F%2Fwww.yumpu.com%2Fes%2Fdocument%2Fview%2F22923028%2Freporte-expedientes-campos-variables-infonavit&usg=AOvVaw02td5D06Wt-8LeKpDnCI1X&opi=89978449","2024-04-23 09:08:20 CST","https://www.google.com/url?sa=t&rct=j&q=&esrc=s&source=web&cd=&ved=2ahUKEwjOrpjiztiFAxV-EEQIHU2-AnwQFnoECA8QAQ&url=https%3A%2F%2Fwww.yumpu.com%2Fes%2Fdocument%2Fview%2F22923028%2Freporte-expedientes-campos-variables-infonavit&usg=AOvVaw02td5D06Wt-8LeKpDnCI1X&opi=89978449","Reporte Expedientes - Campos Variables - Infonavit",Opera,google.com,Default,"001-003-LAptop-Pavana T3.E01"
History,"https://www.yumpu.com/es/document/view/22923028/reporte-expedientes-campos-variables-infonavit","2024-04-23 09:08:21 CST","https://www.yumpu.com/es/document/view/22923028/reporte-expedientes-campos-variables-infonavit","Reporte Expedientes - Campos Variables - Infonavit",Opera,yumpu.com,Default,"001-003-LAptop-Pavana T3.E01"
History,"https://www.google.com/search?q=%22Pavana+Martinez%22+alejandra+site%3Afacebook.com&sca_esv=5f6a5c4feb524586&sca_upv=1&udm=2&biw=1626&bih=926&ei=6s0nZtKeE5n1kPIPxpGPGA&ved=0ahUKEwjSu5LuzdiFAxWZOkQIHcbIAwMQ4dUDCA8&uact=5&oq=%22Pavana+Martinez%22+alejandra+site%3Afacebook.com&gs_lp=Egxnd3Mtd2l6LXNlcnAiLSJQYXZhbmEgTWFydGluZXoiIGFsZWphbmRyYSBzaXRlOmZhY2Vib29rLmNvbUiLaFCSMliWZHACeACQAQCYAWOgAasKqgECMTi4AQPIAQD4AQGYAgCgAgCYAwCIBgGSBwCgB6oG&sclient=gws-wiz-serp","2024-04-23 10:03:16 CST","https://www.google.com/search?q=%22Pavana+Martinez%22+alejandra+site%3Afacebook.com&sca_esv=5f6a5c4feb524586&sca_upv=1&udm=2&biw=1626&bih=926&ei=6s0nZtKeE5n1kPIPxpGPGA&ved=0ahUKEwjSu5LuzdiFAxWZOkQIHcbIAwMQ4dUDCA8&uact=5&oq=%22Pavana+Martinez%22+alejandra+site%3Afacebook.com&gs_lp=Egxnd3Mtd2l6LXNlcnAiLSJQYXZhbmEgTWFydGluZXoiIGFsZWphbmRyYSBzaXRlOmZhY2Vib29rLmNvbUiLaFCSMliWZHACeACQAQCYAWOgAasKqgECMTi4AQPIAQD4AQGYAgCgAgCYAwCIBgGSBwCgB6oG&sclient=gws-wiz-serp","""Pavana Martinez"" alejandra site:facebook.com - Buscar con Google",Opera,google.com,Default,"001-003-LAptop-Pavana T3.E01"
History,"https://www.google.com/search?q=%22Pavana+Martinez%22+alejandra+site%3Afacebook.com&sca_esv=5f6a5c4feb524586&sca_upv=1&udm=2&biw=1626&bih=926&ei=6s0nZtKeE5n1kPIPxpGPGA&ved=0ahUKEwjSu5LuzdiFAxWZOkQIHcbIAwMQ4dUDCA8&uact=5&oq=%22Pavana+Martinez%22+alejandra+site%3Afacebook.com&gs_lp=Egxnd3Mtd2l6LXNlcnAiLSJQYXZhbmEgTWFydGluZXoiIGFsZWphbmRyYSBzaXRlOmZhY2Vib29rLmNvbUiLaFCSMliWZHACeACQAQCYAWOgAasKqgECMTi4AQPIAQD4AQGYAgCgAgCYAwCIBgGSBwCgB6oG&sclient=gws-wiz-serp","2024-04-23 10:03:16 CST","https://www.google.com/search?q=%22Pavana+Martinez%22+alejandra+site%3Afacebook.com&sca_esv=5f6a5c4feb524586&sca_upv=1&udm=2&biw=1626&bih=926&ei=6s0nZtKeE5n1kPIPxpGPGA&ved=0ahUKEwjSu5LuzdiFAxWZOkQIHcbIAwMQ4dUDCA8&uact=5&oq=%22Pavana+Martinez%22+alejandra+site%3Afacebook.com&gs_lp=Egxnd3Mtd2l6LXNlcnAiLSJQYXZhbmEgTWFydGluZXoiIGFsZWphbmRyYSBzaXRlOmZhY2Vib29rLmNvbUiLaFCSMliWZHACeACQAQCYAWOgAasKqgECMTi4AQPIAQD4AQGYAgCgAgCYAwCIBgGSBwCgB6oG&sclient=gws-wiz-serp","""Pavana Martinez"" alejandra site:facebook.com - Buscar con Google",Opera,google.com,Default,"001-003-LAptop-Pavana T3.E01"
History,"https://www.google.com/search?q=site%3Afacebook.com+%22Pavana+Martinez%22+alejandra+&sca_esv=5f6a5c4feb524586&sca_upv=1&udm=2&biw=1626&bih=926&ei=xNsnZrOGFcfbkPIP_eO1sA4&ved=0ahUKEwiz-IKJ29iFAxXHLUQIHf1xDeYQ4dUDCA8&uact=5&oq=site%3Afacebook.com+%22Pavana+Martinez%22+alejandra+&gs_lp=Egxnd3Mtd2l6LXNlcnAiLnNpdGU6ZmFjZWJvb2suY29tICJQYXZhbmEgTWFydGluZXoiIGFsZWphbmRyYSBIuTpQ_RBY7zFwAngAkAEAmAGIAaABywKqAQMzLjG4AQPIAQD4AQH4AQKYAgCgAgCYAwCIBgGSBwCgB7QB&sclient=gws-wiz-serp","2024-04-23 10:03:35 CST","https://www.google.com/search?q=site%3Afacebook.com+%22Pavana+Martinez%22+alejandra+&sca_esv=5f6a5c4feb524586&sca_upv=1&udm=2&biw=1626&bih=926&ei=xNsnZrOGFcfbkPIP_eO1sA4&ved=0ahUKEwiz-IKJ29iFAxXHLUQIHf1xDeYQ4dUDCA8&uact=5&oq=site%3Afacebook.com+%22Pavana+Martinez%22+alejandra+&gs_lp=Egxnd3Mtd2l6LXNlcnAiLnNpdGU6ZmFjZWJvb2suY29tICJQYXZhbmEgTWFydGluZXoiIGFsZWphbmRyYSBIuTpQ_RBY7zFwAngAkAEAmAGIAaABywKqAQMzLjG4AQPIAQD4AQH4AQKYAgCgAgCYAwCIBgGSBwCgB7QB&sclient=gws-wiz-serp","site:facebook.com ""Pavana Martinez"" alejandra - Buscar con Google",Opera,google.com,Default,"001-003-LAptop-Pavana T3.E01"
History,"https://www.google.com/search?q=site%3Afacebook.com+%22Pavana+Martinez%22+alejandra+&sca_esv=5f6a5c4feb524586&sca_upv=1&udm=2&biw=1626&bih=926&ei=xNsnZrOGFcfbkPIP_eO1sA4&ved=0ahUKEwiz-IKJ29iFAxXHLUQIHf1xDeYQ4dUDCA8&uact=5&oq=site%3Afacebook.com+%22Pavana+Martinez%22+alejandra+&gs_lp=Egxnd3Mtd2l6LXNlcnAiLnNpdGU6ZmFjZWJvb2suY29tICJQYXZhbmEgTWFydGluZXoiIGFsZWphbmRyYSBIuTpQ_RBY7zFwAngAkAEAmAGIAaABywKqAQMzLjG4AQPIAQD4AQH4AQKYAgCgAgCYAwCIBgGSBwCgB7QB&sclient=gws-wiz-serp","2024-04-23 10:03:35 CST","https://www.google.com/search?q=site%3Afacebook.com+%22Pavana+Martinez%22+alejandra+&sca_esv=5f6a5c4feb524586&sca_upv=1&udm=2&biw=1626&bih=926&ei=xNsnZrOGFcfbkPIP_eO1sA4&ved=0ahUKEwiz-IKJ29iFAxXHLUQIHf1xDeYQ4dUDCA8&uact=5&oq=site%3Afacebook.com+%22Pavana+Martinez%22+alejandra+&gs_lp=Egxnd3Mtd2l6LXNlcnAiLnNpdGU6ZmFjZWJvb2suY29tICJQYXZhbmEgTWFydGluZXoiIGFsZWphbmRyYSBIuTpQ_RBY7zFwAngAkAEAmAGIAaABywKqAQMzLjG4AQPIAQD4AQH4AQKYAgCgAgCYAwCIBgGSBwCgB7QB&sclient=gws-wiz-serp","site:facebook.com ""Pavana Martinez"" alejandra - Buscar con Google",Opera,google.com,Default,"001-003-LAptop-Pavana T3.E01"
History,"https://www.google.com/search?sca_esv=5f6a5c4feb524586&sca_upv=1&q=site:facebook.com+%22Pavana+Martinez%22+alejandra&source=lnms&uds=AMwkrPtr0dmDknd4uxXa6Q3N8vNesjiy5P6CuGEhQ-6csGe1s0rnmzzamJCR-J7jZu4PrnjxjpNWUtpkMpJus-rdmdkvr3AFN0ta72jnnlZc50l5e74Onxxdy-wAG_2E-ezd3SXPhWNi70WFkw6FbTsJUMO1jAgUtBEl8XIQeu7Z4y7adbsmVISZVq4jaoQUPmNmgpZUODTsnD4fofFn8tXC8ci4bS5vvCKcwSgsGKFfTRh8-FrluJkoXGdMtxFFeIBvfRaxWy_gOq02nOsHJPl4BV-eWcWAaryCf8zNUzCU2kC23pfHnnNmXzsuSQp4VnnXPDkxZgSVn5IwjjQalb0uRZSsTI3M8A&sa=X&ved=2ahUKEwiPr6OS29iFAxVxJEQIHZYEC0wQ0pQJegQIDBAB&biw=1626&bih=926&dpr=1","2024-04-23 10:04:47 CST","https://www.google.com/search?sca_esv=5f6a5c4feb524586&sca_upv=1&q=site:facebook.com+%22Pavana+Martinez%22+alejandra&source=lnms&uds=AMwkrPtr0dmDknd4uxXa6Q3N8vNesjiy5P6CuGEhQ-6csGe1s0rnmzzamJCR-J7jZu4PrnjxjpNWUtpkMpJus-rdmdkvr3AFN0ta72jnnlZc50l5e74Onxxdy-wAG_2E-ezd3SXPhWNi70WFkw6FbTsJUMO1jAgUtBEl8XIQeu7Z4y7adbsmVISZVq4jaoQUPmNmgpZUODTsnD4fofFn8tXC8ci4bS5vvCKcwSgsGKFfTRh8-FrluJkoXGdMtxFFeIBvfRaxWy_gOq02nOsHJPl4BV-eWcWAaryCf8zNUzCU2kC23pfHnnNmXzsuSQp4VnnXPDkxZgSVn5IwjjQalb0uRZSsTI3M8A&sa=X&ved=2ahUKEwiPr6OS29iFAxVxJEQIHZYEC0wQ0pQJegQIDBAB&biw=1626&bih=926&dpr=1","site:facebook.com ""Pavana Martinez"" alejandra - Buscar con Google",Opera,google.com,Default,"001-003-LAptop-Pavana T3.E01"
History,"https://www.google.com/search?sca_esv=5f6a5c4feb524586&sca_upv=1&q=site:facebook.com+%22Pavana+Martinez%22+alejandra&source=lnms&uds=AMwkrPtr0dmDknd4uxXa6Q3N8vNesjiy5P6CuGEhQ-6csGe1s0rnmzzamJCR-J7jZu4PrnjxjpNWUtpkMpJus-rdmdkvr3AFN0ta72jnnlZc50l5e74Onxxdy-wAG_2E-ezd3SXPhWNi70WFkw6FbTsJUMO1jAgUtBEl8XIQeu7Z4y7adbsmVISZVq4jaoQUPmNmgpZUODTsnD4fofFn8tXC8ci4bS5vvCKcwSgsGKFfTRh8-FrluJkoXGdMtxFFeIBvfRaxWy_gOq02nOsHJPl4BV-eWcWAaryCf8zNUzCU2kC23pfHnnNmXzsuSQp4VnnXPDkxZgSVn5IwjjQalb0uRZSsTI3M8A&sa=X&ved=2ahUKEwiPr6OS29iFAxVxJEQIHZYEC0wQ0pQJegQIDBAB&biw=1626&bih=926&dpr=1","2024-04-23 10:04:47 CST","https://www.google.com/search?sca_esv=5f6a5c4feb524586&sca_upv=1&q=site:facebook.com+%22Pavana+Martinez%22+alejandra&source=lnms&uds=AMwkrPtr0dmDknd4uxXa6Q3N8vNesjiy5P6CuGEhQ-6csGe1s0rnmzzamJCR-J7jZu4PrnjxjpNWUtpkMpJus-rdmdkvr3AFN0ta72jnnlZc50l5e74Onxxdy-wAG_2E-ezd3SXPhWNi70WFkw6FbTsJUMO1jAgUtBEl8XIQeu7Z4y7adbsmVISZVq4jaoQUPmNmgpZUODTsnD4fofFn8tXC8ci4bS5vvCKcwSgsGKFfTRh8-FrluJkoXGdMtxFFeIBvfRaxWy_gOq02nOsHJPl4BV-eWcWAaryCf8zNUzCU2kC23pfHnnNmXzsuSQp4VnnXPDkxZgSVn5IwjjQalb0uRZSsTI3M8A&sa=X&ved=2ahUKEwiPr6OS29iFAxVxJEQIHZYEC0wQ0pQJegQIDBAB&biw=1626&bih=926&dpr=1","site:facebook.com ""Pavana Martinez"" alejandra - Buscar con Google",Opera,google.com,Default,"001-003-LAptop-Pavana T3.E01"
History,"https://m.facebook.com/IEEHidalgo/videos/tercera-sesi%C3%B3n-extraordinaria-del-consejo-general-del-instituto-estatal-electora/957540729087702/","2024-04-23 10:04:46 CST","https://m.facebook.com/IEEHidalgo/videos/tercera-sesi%C3%B3n-extraordinaria-del-consejo-general-del-instituto-estatal-electora/957540729087702/","Tercera Sesión Extraordinaria del Consejo General del Instituto Estatal Electoral de Hidalgo del mes de abril 2024 | 🔴 || Sigue la transmisión de la Tercera Sesión Extraordinaria del Consejo General del mes de abril. 🗓 Sábado 20 de abril. | By Instituto Estatal Electoral de HidalgoFacebook",Opera,facebook.com,Default,"001-003-LAptop-Pavana T3.E01"
History,"https://m.facebook.com/IEEHidalgo/videos/tercera-sesi%C3%B3n-extraordinaria-del-consejo-general-del-instituto-estatal-electora/957540729087702/","2024-04-23 10:04:46 CST","https://m.facebook.com/IEEHidalgo/videos/tercera-sesi%C3%B3n-extraordinaria-del-consejo-general-del-instituto-estatal-electora/957540729087702/","Tercera Sesión Extraordinaria del Consejo General del Instituto Estatal Electoral de Hidalgo del mes de abril 2024 | 🔴 || Sigue la transmisión de la Tercera Sesión Extraordinaria del Consejo General del mes de abril. 🗓 Sábado 20 de abril. | By Instituto Estatal Electoral de HidalgoFacebook",Opera,facebook.com,Default,"001-003-LAptop-Pavana T3.E01"
History,"https://m.facebook.com/IEEHidalgo/videos/tercera-sesi%C3%B3n-extraordinaria-del-consejo-general-del-instituto-estatal-electora/957540729087702/","2024-04-23 10:04:46 CST","https://m.facebook.com/IEEHidalgo/videos/tercera-sesi%C3%B3n-extraordinaria-del-consejo-general-del-instituto-estatal-electora/957540729087702/","Tercera Sesión Extraordinaria del Consejo General del Instituto Estatal Electoral de Hidalgo del mes de abril 2024 | 🔴 || Sigue la transmisión de la Tercera Sesión Extraordinaria del Consejo General del mes de abril. 🗓 Sábado 20 de abril. | By Instituto Estatal Electoral de HidalgoFacebook",Opera,facebook.com,Default,"001-003-LAptop-Pavana T3.E01"
History,"https://m.facebook.com/IEEHidalgo/videos/tercera-sesi%C3%B3n-extraordinaria-del-consejo-general-del-instituto-estatal-electora/957540729087702/","2024-04-23 10:04:46 CST","https://m.facebook.com/IEEHidalgo/videos/tercera-sesi%C3%B3n-extraordinaria-del-consejo-general-del-instituto-estatal-electora/957540729087702/","Tercera Sesión Extraordinaria del Consejo General del Instituto Estatal Electoral de Hidalgo del mes de abril 2024 | 🔴 || Sigue la transmisión de la Tercera Sesión Extraordinaria del Consejo General del mes de abril. 🗓 Sábado 20 de abril. | By Instituto Estatal Electoral de HidalgoFacebook",Opera,facebook.com,Default,"001-003-LAptop-Pavana T3.E01"
History,"https://m.facebook.com/IEEHidalgo/videos/tercera-sesi%C3%B3n-extraordinaria-del-consejo-general-del-instituto-estatal-electora/957540729087702/","2024-04-23 10:04:46 CST","https://m.facebook.com/IEEHidalgo/videos/tercera-sesi%C3%B3n-extraordinaria-del-consejo-general-del-instituto-estatal-electora/957540729087702/","Tercera Sesión Extraordinaria del Consejo General del Instituto Estatal Electoral de Hidalgo del mes de abril 2024 | 🔴 || Sigue la transmisión de la Tercera Sesión Extraordinaria del Consejo General del mes de abril. 🗓 Sábado 20 de abril. | By Instituto Estatal Electoral de HidalgoFacebook",Opera,facebook.com,Default,"001-003-LAptop-Pavana T3.E01"
History,"https://m.facebook.com/?next=%2FIEEHidalgo%2Fvideos%2Ftercera-sesi%25C3%25B3n-extraordinaria-del-consejo-general-del-instituto-estatal-electora%2F957540729087702%2F","2024-04-23 10:04:41 CST","https://m.facebook.com/?next=%2FIEEHidalgo%2Fvideos%2Ftercera-sesi%25C3%25B3n-extraordinaria-del-consejo-general-del-instituto-estatal-electora%2F957540729087702%2F","Facebook - Inicia sesión o regístrate",Opera,facebook.com,Default,"001-003-LAptop-Pavana T3.E01"
History,"https://m.facebook.com/IEEHidalgo/videos/tercera-sesi%C3%B3n-extraordinaria-del-consejo-general-del-instituto-estatal-electora/957540729087702/","2024-04-23 10:04:46 CST","https://m.facebook.com/IEEHidalgo/videos/tercera-sesi%C3%B3n-extraordinaria-del-consejo-general-del-instituto-estatal-electora/957540729087702/","Tercera Sesión Extraordinaria del Consejo General del Instituto Estatal Electoral de Hidalgo del mes de abril 2024 | 🔴 || Sigue la transmisión de la Tercera Sesión Extraordinaria del Consejo General del mes de abril. 🗓 Sábado 20 de abril. | By Instituto Estatal Electoral de HidalgoFacebook",Opera,facebook.com,Default,"001-003-LAptop-Pavana T3.E01"
History,"https://www.google.com/search?sca_esv=5f6a5c4feb524586&sca_upv=1&q=site:facebook.com+%22Pavana+Martinez%22+alejandra&source=lnms&uds=AMwkrPtr0dmDknd4uxXa6Q3N8vNesjiy5P6CuGEhQ-6csGe1s0rnmzzamJCR-J7jZu4PrnjxjpNWUtpkMpJus-rdmdkvr3AFN0ta72jnnlZc50l5e74Onxxdy-wAG_2E-ezd3SXPhWNi70WFkw6FbTsJUMO1jAgUtBEl8XIQeu7Z4y7adbsmVISZVq4jaoQUPmNmgpZUODTsnD4fofFn8tXC8ci4bS5vvCKcwSgsGKFfTRh8-FrluJkoXGdMtxFFeIBvfRaxWy_gOq02nOsHJPl4BV-eWcWAaryCf8zNUzCU2kC23pfHnnNmXzsuSQp4VnnXPDkxZgSVn5IwjjQalb0uRZSsTI3M8A&sa=X&ved=2ahUKEwiPr6OS29iFAxVxJEQIHZYEC0wQ0pQJegQIDBAB&biw=1626&bih=926&dpr=1","2024-04-23 10:04:47 CST","https://www.google.com/search?sca_esv=5f6a5c4feb524586&sca_upv=1&q=site:facebook.com+%22Pavana+Martinez%22+alejandra&source=lnms&uds=AMwkrPtr0dmDknd4uxXa6Q3N8vNesjiy5P6CuGEhQ-6csGe1s0rnmzzamJCR-J7jZu4PrnjxjpNWUtpkMpJus-rdmdkvr3AFN0ta72jnnlZc50l5e74Onxxdy-wAG_2E-ezd3SXPhWNi70WFkw6FbTsJUMO1jAgUtBEl8XIQeu7Z4y7adbsmVISZVq4jaoQUPmNmgpZUODTsnD4fofFn8tXC8ci4bS5vvCKcwSgsGKFfTRh8-FrluJkoXGdMtxFFeIBvfRaxWy_gOq02nOsHJPl4BV-eWcWAaryCf8zNUzCU2kC23pfHnnNmXzsuSQp4VnnXPDkxZgSVn5IwjjQalb0uRZSsTI3M8A&sa=X&ved=2ahUKEwiPr6OS29iFAxVxJEQIHZYEC0wQ0pQJegQIDBAB&biw=1626&bih=926&dpr=1","site:facebook.com ""Pavana Martinez"" alejandra - Buscar con Google",Opera,google.com,Default,"001-003-LAptop-Pavana T3.E01"
History,https://telegram.com/,"2024-04-23 10:05:36 CST",https://telegram.com/,"Worcester Telegram : Local News, Politics & Sports in Worcester, MA",Opera,telegram.com,Default,"001-003-LAptop-Pavana T3.E01"
History,"https://www.telegram.com/","2024-04-23 10:05:36 CST","https://www.telegram.com/","Worcester Telegram : Local News, Politics & Sports in Worcester, MA",Opera,telegram.com,Default,"001-003-LAptop-Pavana T3.E01"
History,"https://www.google.com/search?client=opera&q=telegram+desktop&sourceid=opera&ie=UTF-8&oe=UTF-8","2024-04-23 10:05:52 CST","https://www.google.com/search?client=opera&q=telegram+desktop&sourceid=opera&ie=UTF-8&oe=UTF-8","telegram desktop - Buscar con Google",Opera,google.com,Default,"001-003-LAptop-Pavana T3.E01"
History,"https://www.google.com/search?client=opera&q=telegram+desktop&sourceid=opera&ie=UTF-8&oe=UTF-8","2024-04-23 10:05:52 CST","https://www.google.com/search?client=opera&q=telegram+desktop&sourceid=opera&ie=UTF-8&oe=UTF-8","telegram desktop - Buscar con Google",Opera,google.com,Default,"001-003-LAptop-Pavana T3.E01"
History,"https://desktop.telegram.org/","2024-04-23 10:06:26 CST","https://desktop.telegram.org/","Telegram Desktop",Opera,telegram.org,Default,"001-003-LAptop-Pavana T3.E01"
History,"https://www.google.com/search?client=opera&q=telegram+web&sourceid=opera&ie=UTF-8&oe=UTF-8","2024-04-23 10:06:48 CST","https://www.google.com/search?client=opera&q=telegram+web&sourceid=opera&ie=UTF-8&oe=UTF-8","telegram web - Buscar con Google",Opera,google.com,Default,"001-003-LAptop-Pavana T3.E01"
History,"https://www.google.com/search?client=opera&q=telegram+web&sourceid=opera&ie=UTF-8&oe=UTF-8","2024-04-23 10:06:48 CST","https://www.google.com/search?client=opera&q=telegram+web&sourceid=opera&ie=UTF-8&oe=UTF-8","telegram web - Buscar con Google",Opera,google.com,Default,"001-003-LAptop-Pavana T3.E01"
History,"https://www.google.com/url?sa=t&rct=j&q=&esrc=s&source=web&cd=&ved=2ahUKEwjyy_nt29iFAxVEIUQIHTqXAwQQFnoECBMQAQ&url=https%3A%2F%2Fweb.telegram.org%2F&usg=AOvVaw0lI4JHsSdBRCge6TQdJIip&opi=89978449","2024-04-23 10:06:49 CST","https://www.google.com/url?sa=t&rct=j&q=&esrc=s&source=web&cd=&ved=2ahUKEwjyy_nt29iFAxVEIUQIHTqXAwQQFnoECBMQAQ&url=https%3A%2F%2Fweb.telegram.org%2F&usg=AOvVaw0lI4JHsSdBRCge6TQdJIip&opi=89978449","Telegram Web",Opera,google.com,Default,"001-003-LAptop-Pavana T3.E01"
History,"https://web.telegram.org/","2024-04-23 10:06:51 CST","https://web.telegram.org/","Telegram Web",Opera,telegram.org,Default,"001-003-LAptop-Pavana T3.E01"
History,"https://web.telegram.org/k/","2024-04-23 10:06:53 CST","https://web.telegram.org/k/","Telegram Web",Opera,telegram.org,Default,"001-003-LAptop-Pavana T3.E01"
